{"id":"168dd9ed-1d0f-41c7-9794-f13b7a1e0685","name":"devportal prod","values":[{"key":"X-CSRF-TOKEN","value":"7c5d8cc6-cc48-47a1-8868-1f7316122441","enabled":false},{"key":"devportal_url","value":"https://developer.hsbc.com/","description":"","enabled":true},{"key":"module:jsrsasign","value":"","description":"","enabled":true},{"key":"client_id_hk","value":"","description":"","enabled":true},{"key":"consent_id","value":"a9cf4ca6-2acb-4336-a4bb-2af86f596196","description":"","enabled":true},{"key":"requestJwt","value":"","enabled":true},{"key":"access_token_ccg","value":"","enabled":true},{"key":"access_token_authc","value":"","enabled":true}]}