{"id":"203b3296-5fc7-4e9f-b1ba-288e6dbfc60b","name":"unattended_hkl20120318","values":[{"key":"openam_server","value":"hkl20120318.hk.hsbc:8443/dsp","enabled":true},{"key":"user_ip","value":"136.55.72.57","enabled":true},{"key":"tpp_id","value":"097fa700c6d311e8bac8000011","enabled":true},{"key":"X-OpenAM-Username","value":"AMHB2G0681_1","enabled":true},{"key":"AMToken","value":"","enabled":true},{"key":"amToken","value":"","enabled":true},{"key":"authId","value":"","enabled":false},{"key":"authId","value":"","enabled":true},{"key":"password","value":"FScUzjB7","enabled":false},{"key":"authId","value":"","enabled":true},{"key":"region","value":"hkg2vl0681","enabled":true},{"key":"access_token","value":"","enabled":true}]}