{"id":"3de0daea-3a2c-4c09-b737-e70300393705","name":"Tools","values":[{"key":"GITHUB_ORG","value":"PSD2-Open-banking","enabled":true},{"key":"GITHUB_REPO","value":"stateless-commons-java","enabled":true},{"key":"GITHUB_TOKEN","value":"YOUR_PRESONAL_GITHUB_TOKEN","enabled":true},{"key":"GITHUB_NODE_ID","value":"","enabled":true},{"key":"RULE","value":"main*","enabled":true},{"key":"module:jsrsasign","value":"","enabled":true,"type":"default"},{"key":"GITHUB_APP_ID","value":"249","enabled":true,"type":"default"},{"key":"APP_JWT","value":"","enabled":true,"type":"any"}]}