{"id":"4d99e6b7-461a-4902-815c-5aa6e034bfca","name":"COP PROD","values":[{"key":"API_URL","value":"https://7c4lil18wk-vpce-093db1b619888fdbb.execute-api.eu-west-1.amazonaws.com/prod","enabled":true},{"key":"API_GATEWAY_DOMAIN","value":"7c4lil18wk-vpce-093db1b619888fdbb.execute-api.eu-west-1.amazonaws.com","enabled":true},{"key":"COP_URL","value":"/administration/v1/cop-participants","enabled":true},{"key":"AWS4_SIGNATURE_LIB","value":"function LruCache(size) {\n    this.capacity = size | 0;\n    this.map = Object.create(null);\n    this.list = new DoublyLinkedList()\n}\n\nLruCache.prototype.get = function (key) {\n    let node = this.map[key];\n    if (node == null) return undefined;\n    this.used(node);\n    return node.val\n};\n\nLruCache.prototype.set = function (key, val) {\n    let node = this.map[key];\n    if (node != null) {\n        node.val = val\n    } else {\n        if (!this.capacity) this.prune();\n        if (!this.capacity) return false;\n        node = new DoublyLinkedNode(key);\n        this.map[key] = node;\n        this.capacity--\n    }\n    this.used(node);\n    return true\n};\n\nLruCache.prototype.used = function (node) {\n    this.list.moveToFront(node)\n};\n\nLruCache.prototype.prune = function () {\n    let node = this.list.pop();\n    if (node != null) {\n        delete this.map[node.key];\n        this.capacity++\n    }\n};\n\nfunction DoublyLinkedList() {\n    this.firstNode = null;\n    this.lastNode = null\n}\n\nDoublyLinkedList.prototype.moveToFront = function (node) {\n    if (this.firstNode === node) return;\n\n    this.remove(node);\n\n    if (this.firstNode == null) {\n        this.firstNode = node;\n        this.lastNode = node;\n        node.prev = null;\n        node.next = null\n    } else {\n        node.prev = null;\n        node.next = this.firstNode;\n        node.next.prev = node;\n        this.firstNode = node\n    }\n};\n\nDoublyLinkedList.prototype.pop = function () {\n    const lastNode = this.lastNode;\n    if (lastNode != null) {\n        this.remove(lastNode)\n    }\n    return lastNode\n};\n\nDoublyLinkedList.prototype.remove = function (node) {\n    if (this.firstNode === node) {\n        this.firstNode = node.next\n    } else if (node.prev != null) {\n        node.prev.next = node.next\n    }\n    if (this.lastNode === node) {\n        this.lastNode = node.prev\n    } else if (node.next != null) {\n        node.next.prev = node.prev\n    }\n};\n\nfunction DoublyLinkedNode(key) {\n    this.key = key;\n}\n\nlet url = require('url'),\n    querystring = require('querystring'),\n    crypto = require('crypto-js'),\n    credentialsCache = new LruCache(1000);\n\n// http://docs.amazonwebservices.com/general/latest/gr/signature-version-4.html\n\nfunction hmac(key, string) {\n    return crypto.HmacSHA256(string, key);\n}\n\nfunction hash(string) {\n    return crypto.SHA256(string);\n}\n\n// This function assumes the string has already been percent encoded\nfunction encodeRfc3986(urlEncodedString) {\n    return urlEncodedString.replace(/[!'()*]/g, function (c) {\n        return '%' + c.charCodeAt(0).toString(16).toUpperCase();\n    });\n}\n\n// request: { path | body, [host], [method], [headers], [service], [region] }\n// credentials: { accessKeyId, secretAccessKey, [sessionToken] }\nfunction RequestSigner(request, credentials) {\n\n    if (typeof request === 'string') request = url.parse(request);\n\n    const headers = request.headers = request.headers || {},\n        hostParts = this.matchHost(request.hostname || request.host || headers.Host || headers.host);\n\n    this.request = request;\n    this.credentials = credentials || {};\n\n    this.service = request.service || hostParts[0] || '';\n    this.region = request.region || hostParts[1] || 'us-east-1';\n\n    // SES uses a different domain from the service name\n    if (this.service === 'email') this.service = 'ses';\n\n    if (!request.method && request.body) request.method = 'POST';\n\n    if (!headers.Host && !headers.host) {\n        headers.Host = request.hostname || request.host || this.createHost();\n\n        // If a port is specified explicitly, use it as is\n        if (request.port) headers.Host += ':' + request.port;\n    }\n    if (!request.hostname && !request.host) request.hostname = headers.Host || headers.host;\n}\n\nRequestSigner.prototype.matchHost = function (host) {\n    const match = (host || '').match(/([^\\.]+)\\.(?:([^\\.]*)\\.)?amazonaws\\.com(\\.cn)?$/);\n    let hostParts = (match || []).slice(1, 3);\n\n    // ES's hostParts are sometimes the other way round, if the value that is expected\n    // to be region equals ‘es’ switch them back\n    // e.g. search-cluster-name-aaaa00aaaa0aaa0aaaaaaa0aaa.us-east-1.es.amazonaws.com\n    if (hostParts[1] === 'es') hostParts = hostParts.reverse();\n\n    return hostParts;\n};\n\n// http://docs.aws.amazon.com/general/latest/gr/rande.html\nRequestSigner.prototype.isSingleRegion = function () {\n    // Special case for S3 and SimpleDB in us-east-1\n    if (['s3', 'sdb'].indexOf(this.service) >= 0 && this.region === 'us-east-1') return true;\n\n    return ['cloudfront', 'ls', 'route53', 'iam', 'importexport', 'sts'].indexOf(this.service) >= 0;\n};\n\nRequestSigner.prototype.createHost = function () {\n    const region = this.isSingleRegion() ? '' : (this.service === 's3' && this.region !== 'us-east-1' ? '-' : '.') + this.region,\n        service = this.service === 'ses' ? 'email' : this.service;\n    return service + region + '.amazonaws.com';\n};\n\nRequestSigner.prototype.prepareRequest = function () {\n    this.parsePath();\n\n    let request = this.request,\n        headers = request.headers,\n        query;\n\n    if (request.signQuery) {\n\n        this.parsedPath.query = query = this.parsedPath.query || {};\n\n        if (this.credentials.sessionToken) query['X-Amz-Security-Token'] = this.credentials.sessionToken;\n\n        if (this.service === 's3' && !query['X-Amz-Expires']) query['X-Amz-Expires'] = 86400;\n\n        if (query['X-Amz-Date']) this.datetime = query['X-Amz-Date']; else query['X-Amz-Date'] = this.getDateTime();\n\n        query['X-Amz-Algorithm'] = 'AWS4-HMAC-SHA256';\n        query['X-Amz-Credential'] = this.credentials.accessKeyId + '/' + this.credentialString();\n        query['X-Amz-SignedHeaders'] = this.signedHeaders();\n    } else {\n\n        if (!request.doNotModifyHeaders ) {\n            if (request.body && !headers['Content-Length'] && !headers['content-length']) headers['Content-Length'] = Buffer.byteLength(request.body);\n\n            if (this.credentials.sessionToken && !headers['X-Amz-Security-Token'] && !headers['x-amz-security-token']) headers['X-Amz-Security-Token'] = this.credentials.sessionToken;\n\n            if (this.service === 's3' && !headers['X-Amz-Content-Sha256'] && !headers['x-amz-content-sha256']) headers['X-Amz-Content-Sha256'] = hash(this.request.body || '', 'hex');\n\n            if (headers['X-Amz-Date'] || headers['x-amz-date']) this.datetime = headers['X-Amz-Date'] || headers['x-amz-date']; else headers['X-Amz-Date'] = this.getDateTime();\n        }\n\n        delete headers.Authorization;\n        delete headers.authorization;\n    }\n};\n\nRequestSigner.prototype.sign = function () {\n    if (!this.parsedPath) this.prepareRequest();\n\n    if (this.request.signQuery) {\n        this.parsedPath.query['X-Amz-Signature'] = this.signature();\n    } else {\n        this.request.headers.Authorization = this.authHeader();\n    }\n\n    this.request.path = this.formatPath();\n\n    return this.request;\n};\n\nRequestSigner.prototype.getDateTime = function () {\n    if (!this.datetime) {\n        const headers = this.request.headers,\n            date = new Date(headers.Date || headers.date || new Date());\n\n        this.datetime = date.toISOString().replace(/[:\\-]|\\.\\d{3}/g, '');\n    }\n    return this.datetime;\n};\n\nRequestSigner.prototype.getDate = function () {\n    return this.getDateTime().substr(0, 8);\n};\n\nRequestSigner.prototype.authHeader = function () {\n    return ['AWS4-HMAC-SHA256 Credential=' + this.credentials.accessKeyId + '/' + this.credentialString(), 'SignedHeaders=' + this.signedHeaders(), 'Signature=' + this.signature()].join(', ');\n};\n\nRequestSigner.prototype.signature = function () {\n    let date = this.getDate(),\n        cacheKey = [this.credentials.secretAccessKey, date, this.region, this.service].join(),\n        kDate,\n        kRegion,\n        kService,\n        kCredentials = credentialsCache.get(cacheKey);\n    if (!kCredentials) {\n        kDate = hmac('AWS4' + this.credentials.secretAccessKey, date);\n        kRegion = hmac(kDate, this.region);\n        kService = hmac(kRegion, this.service);\n        kCredentials = hmac(kService, 'aws4_request');\n        credentialsCache.set(cacheKey, kCredentials);\n    }\n    return hmac(kCredentials, this.stringToSign(), 'hex');\n};\n\nRequestSigner.prototype.stringToSign = function () {\n    return ['AWS4-HMAC-SHA256', this.getDateTime(), this.credentialString(), hash(this.canonicalString(), 'hex')].join('\\n');\n};\n\nRequestSigner.prototype.canonicalString = function () {\n    if (!this.parsedPath) this.prepareRequest();\n\n    let pathStr = this.parsedPath.path,\n        query = this.parsedPath.query,\n        queryStr = '',\n        normalizePath = this.service !== 's3',\n        decodePath = this.service === 's3' || this.request.doNotEncodePath,\n        decodeSlashesInPath = this.service === 's3',\n        firstValOnly = this.service === 's3',\n        bodyHash;\n\n    console.log(\"Hashing request body:\");\n    console.log(this.request.body);\n    bodyHash = hash(this.request.body || '');\n    console.log(\"Hashed request body: \" + bodyHash);\n\n    if (query) {\n        queryStr = encodeRfc3986(querystring.stringify(Object.keys(query).sort().reduce(function (obj, key) {\n            if (!key) return obj;\n            obj[key] = !Array.isArray(query[key]) ? query[key] : firstValOnly ? query[key][0] : query[key].slice().sort();\n            return obj;\n        }, {})));\n    }\n    if (pathStr !== '/') {\n        if (normalizePath) pathStr = pathStr.replace(/\\/{2,}/g, '/');\n        pathStr = pathStr.split('/').reduce(function (path, piece) {\n            if (normalizePath && piece === '..') {\n                path.pop();\n            } else if (!normalizePath || piece !== '.') {\n                if (decodePath) piece = decodeURIComponent(piece);\n                path.push(encodeRfc3986(encodeURIComponent(piece)));\n            }\n            return path;\n        }, []).join('/');\n        if (pathStr[0] !== '/') pathStr = '/' + pathStr;\n        if (decodeSlashesInPath) pathStr = pathStr.replace(/%2F/g, '/');\n    }\n\n    let result = [\n        this.request.method || 'GET',\n        pathStr,\n        queryStr,\n        this.canonicalHeaders() + '\\n',\n        this.signedHeaders(),\n        bodyHash,\n    ].join('\\n');\n\n    console.log(\"canonical string begin\");\n    console.log(result);\n    console.log(\"canonical string end\");\n    return result;\n};\n\nRequestSigner.prototype.canonicalHeaders = function () {\n    const headers = this.request.headers;\n\n    function trimAll(header) {\n        return header.toString().trim().replace(/\\s+/g, ' ');\n    }\n\n    return Object.keys(headers).sort(function (a, b) {\n        return a.toLowerCase() < b.toLowerCase() ? -1 : 1;\n    }).map(function (key) {\n        return key.toLowerCase() + ':' + trimAll(headers[key]);\n    }).join('\\n');\n};\n\nRequestSigner.prototype.signedHeaders = function () {\n    return Object.keys(this.request.headers).map(function (key) {\n        return key.toLowerCase();\n    }).sort().join(';');\n};\n\nRequestSigner.prototype.credentialString = function () {\n    return [this.getDate(), this.region, this.service, 'aws4_request'].join('/');\n};\n\nRequestSigner.prototype.parsePath = function () {\n    let path = this.request.path || '/',\n        queryIx = path.indexOf('?'),\n        query = null;\n\n    if (queryIx >= 0) {\n        query = querystring.parse(path.slice(queryIx + 1));\n        path = path.slice(0, queryIx);\n    }\n\n    // S3 doesn't always encode characters > 127 correctly and\n    // all services don't encode characters > 255 correctly\n    // So if there are non-reserved chars (and it's not already all % encoded), just encode them all\n    if (/[^0-9A-Za-z!'()*\\-._~%/]/.test(path)) {\n        path = path.split('/').map(function (piece) {\n            return encodeURIComponent(decodeURIComponent(piece));\n        }).join('/');\n    }\n\n    this.parsedPath = {\n        path: path,\n        query: query\n    };\n};\n\nRequestSigner.prototype.formatPath = function () {\n    const path = this.parsedPath.path,\n        query = this.parsedPath.query;\n\n    if (!query) return path;\n\n    // Services don't support empty query string keys\n    if (query[''] != null) delete query[''];\n\n    return path + '?' + encodeRfc3986(querystring.stringify(query));\n};\n\n//This needs to be `var`, as postman doesn't see `let` or `const` after importing library using `eval` function\nvar sign = function (request, credentials) {\n    return new RequestSigner(request, credentials).sign();\n};","enabled":true},{"key":"COP-Authorization","value":"","enabled":true},{"key":"COP-X-Amz-Date","value":"","enabled":true},{"key":"COP-X-Amz-Security-Token","value":"","enabled":true},{"key":"RESOURCE","value":"","enabled":true},{"key":"ACCESS_KEY_ID","value":"","enabled":true},{"key":"SECRET_ACCESS_KEY","value":"","enabled":true},{"key":"SESSION_TOKEN","value":"","enabled":true},{"key":"ENV_STAGE","value":"prod","enabled":true}]}