{"info":{"_postman_id":"0feb406c-7cf0-442b-8a4e-bfad8a3e6f38","name":"OBIE HSBC Malta notification","schema":"https://schema.getpostman.com/json/collection/v2.1.0/collection.json"},"item":[{"name":"01 -  Register","event":[{"listen":"prerequest","script":{"id":"a7eb62d0-fc98-4500-99ff-fc18a3504aa6","exec":["var navigator = {};","var window = {};","eval(pm.environment.get(\"module:jsrsasign\"));","const sigJwk = JSON.parse(pm.environment.get('sigJwk'));","var prvKey = KEYUTIL.getKey(sigJwk);","var joseHeader = { alg: sigJwk.alg, kid: sigJwk.kid };","var software_client_id = Math.random().toString(22).substring(3, 14) + Math.random().toString(36).substring(3, 14);","console.log(\"time = \" + software_client_id);","var exp = Math.round(new Date().getTime()/1000) + 10000","console.log(\"time = \" + exp);","const tokenEndpointAuthMethod = pm.environment.get('token_endpoint_auth_method') ?? 'private_key_jwt'; // supported values: private_key_jwt | tls_client_auth","const tlsClientAuthSubjectDn = (tokenEndpointAuthMethod == 'tls_client_auth') ? pm.environment.get('tpp_dn') : undefined;","const tokenEndpointAuthSigningAlg = (tokenEndpointAuthMethod == 'private_key_jwt') ? 'PS256' : undefined;","","var payloadSoftwareStatement = {","  \"software_mode\": \"TODO\",","  \"software_environment\": \"TODO\",","  \"software_client_uri\": \"https://TODO.com\",","  \"software_logo_uri\": \"https://TODO.com\",","  \"software_policy_uri\": \"https://TODO.com\",","  \"software_tos_uri\": \"https://TODO.com\",","  \"software_on_behalf_of_org\": \"https://TODO.com\",","  \"software_client_description\": \"software statement for testing purposes\",","  \"software_jwks_revoked_endpoint\": \"https://TODO.com\",","  \"software_roles\": [","    \"DATA\",","    \"PISP\",","    \"CBPII\",","    \"AISP\"","  ],","  \"org_jwks_endpoint\": \"https://TODO.com\",","  \"org_status\": \"Active\",","  \"org_contacts\": [],","  \"organisation_competent_authority_claims\": [],","  \"org_id\": \"5cb8572403f0dc\",","  \"org_name\": \"obforgerocktest\",","  \"org_jwks_revoked_endpoint\": \"https://TODO.com\",","  \"software_client_name\": \"test\",","  \"iss\": \"ForgeRock\",","  \"iat\": 1556445993,","  \"jti\": \"45903DAE-3174-4E9E-9047-BBAE9C1A723F\",","  \"software_client_id\": software_client_id,","  \"software_redirect_uris\": [","    \"https://www.google.com/\"","  ],","  \"software_id\": software_client_id,","  \"software_jwks_endpoint\": sigJwk.jku","};","var softwareStatement = KJUR.jws.JWS.sign(joseHeader.alg, joseHeader, payloadSoftwareStatement, prvKey);","","var payload = {","  \"iss\": \"ForgeRock\",","  \"aud\": pm.environment.get(\"aud_reg\"),","  \"scope\": \"openid accounts fundsconfirmations\",","  \"redirect_uris\": [","    \"https://www.google.com/\"","  ],","  \"response_types\": [","    \"code id_token\"","  ],","  \"grant_types\": [","    \"authorization_code\",","    \"refresh_token\",","    \"client_credentials\"","  ],","  \"application_type\": \"web\",","  \"id_token_signed_response_alg\": \"PS256\",","  \"request_object_signing_alg\": \"PS256\",","  \"token_endpoint_auth_method\": tokenEndpointAuthMethod,","  \"tls_client_auth_subject_dn\": tlsClientAuthSubjectDn, // undefined when it is not tls_client_auth","  \"token_endpoint_auth_signing_alg\": tokenEndpointAuthSigningAlg, // undefined when it is not private_key_jwt","  \"software_id\": software_client_id,","  \"software_statement\": softwareStatement,","  \"exp\": exp,","  \"iat\": 1555506046,","  \"jti\": \"45903DAE-3174-4E9E-9047-BBAE9C1A723F\"","};","var requestJwt = KJUR.jws.JWS.sign(joseHeader.alg, joseHeader, payload, prvKey);","pm.environment.set(\"requestJwt\", requestJwt);"],"type":"text/javascript"}},{"listen":"test","script":{"id":"b39b7494-cdd9-4d38-a9c1-a6b960c7ec00","exec":["tests[\"Status code is 201\"] = responseCode.code === 201;","","var jsonData = JSON.parse(responseBody);","tests[\"Contain ClientId\"] = (typeof jsonData.client_id !== \"undefined\");","","console.log(\"Set client_id = \" + jsonData.client_id);","pm.environment.set(\"client_id\", jsonData.client_id);"],"type":"text/javascript"}}],"id":"a75fa1cb-2c0f-4705-9405-9766d5e047c2","protocolProfileBehavior":{"strictSSL":false,"disableBodyPruning":true},"request":{"auth":{"type":"noauth"},"method":"POST","header":[{"key":"Content-Type","name":"Content-Type","value":"application/jose","type":"text"}],"body":{"mode":"raw","raw":"{{requestJwt}}"},"url":{"raw":"{{obie_url_register}}","host":["{{obie_url_register}}"]}},"response":[]},{"name":"01 -  Register Copy","event":[{"listen":"prerequest","script":{"exec":["var navigator = {};","var window = {};","eval(pm.environment.get(\"module:jsrsasign\"));","const sigJwk = JSON.parse(pm.environment.get('sigJwk'));","var prvKey = KEYUTIL.getKey(sigJwk);","var joseHeader = { alg: sigJwk.alg, kid: sigJwk.kid };","var software_client_id = Math.random().toString(22).substring(3, 14) + Math.random().toString(36).substring(3, 14);","console.log(\"time = \" + software_client_id);","var exp = Math.round(new Date().getTime()/1000) + 10000","console.log(\"time = \" + exp);","const tokenEndpointAuthMethod = pm.environment.get('token_endpoint_auth_method') ?? 'private_key_jwt'; // supported values: private_key_jwt | tls_client_auth","const tlsClientAuthSubjectDn = (tokenEndpointAuthMethod == 'tls_client_auth') ? pm.environment.get('tpp_dn') : undefined;","const tokenEndpointAuthSigningAlg = (tokenEndpointAuthMethod == 'private_key_jwt') ? 'PS256' : undefined;","","var payloadSoftwareStatement = {","  \"software_mode\": \"TODO\",","  \"software_environment\": \"TODO\",","  \"software_client_uri\": \"https://TODO.com\",","  \"software_logo_uri\": \"https://TODO.com\",","  \"software_policy_uri\": \"https://TODO.com\",","  \"software_tos_uri\": \"https://TODO.com\",","  \"software_on_behalf_of_org\": \"https://TODO.com\",","  \"software_client_description\": \"software statement for testing purposes\",","  \"software_jwks_revoked_endpoint\": \"https://TODO.com\",","  \"software_roles\": [","    \"DATA\",","    \"PISP\",","    \"CBPII\",","    \"AISP\"","  ],","  \"org_jwks_endpoint\": \"https://TODO.com\",","  \"org_status\": \"Active\",","  \"org_contacts\": [],","  \"organisation_competent_authority_claims\": [],","  \"org_id\": \"5cb8572403f0dc\",","  \"org_name\": \"obforgerocktest\",","  \"org_jwks_revoked_endpoint\": \"https://TODO.com\",","  \"software_client_name\": \"test\",","  \"iss\": \"ForgeRock\",","  \"iat\": 1556445993,","  \"jti\": \"45903DAE-3174-4E9E-9047-BBAE9C1A723F\",","  \"software_client_id\": software_client_id,","  \"software_redirect_uris\": [","    \"https://www.google.com/\"","  ],","  \"software_id\": software_client_id,","  \"software_jwks_endpoint\": sigJwk.jku","};","var softwareStatement = KJUR.jws.JWS.sign(joseHeader.alg, joseHeader, payloadSoftwareStatement, prvKey);","","var payload = {","  \"iss\": \"ForgeRock\",","  \"aud\": pm.environment.get(\"aud_reg\"),","  \"scope\": \"openid accounts fundsconfirmations\",","  \"redirect_uris\": [","    \"https://www.google.com/\"","  ],","  \"response_types\": [","    \"code id_token\"","  ],","  \"grant_types\": [","    \"authorization_code\",","    \"refresh_token\",","    \"client_credentials\"","  ],","  \"application_type\": \"web\",","  \"id_token_signed_response_alg\": \"PS256\",","  \"request_object_signing_alg\": \"PS256\",","  \"token_endpoint_auth_method\": tokenEndpointAuthMethod,","  \"tls_client_auth_subject_dn\": tlsClientAuthSubjectDn, // undefined when it is not tls_client_auth","  \"token_endpoint_auth_signing_alg\": tokenEndpointAuthSigningAlg, // undefined when it is not private_key_jwt","  \"software_id\": software_client_id,","  \"software_statement\": softwareStatement,","  \"exp\": exp,","  \"iat\": 1555506046,","  \"jti\": \"45903DAE-3174-4E9E-9047-BBAE9C1A723F\"","};","var requestJwt = KJUR.jws.JWS.sign(joseHeader.alg, joseHeader, payload, prvKey);","pm.environment.set(\"requestJwt\", requestJwt);"],"type":"text/javascript","id":"a7eb62d0-fc98-4500-99ff-fc18a3504aa6"}},{"listen":"test","script":{"exec":["tests[\"Status code is 201\"] = responseCode.code === 201;","","var jsonData = JSON.parse(responseBody);","tests[\"Contain ClientId\"] = (typeof jsonData.client_id !== \"undefined\");","","console.log(\"Set client_id = \" + jsonData.client_id);","pm.environment.set(\"client_id\", jsonData.client_id);"],"type":"text/javascript","id":"b39b7494-cdd9-4d38-a9c1-a6b960c7ec00"}}],"id":"240dbc26-472b-4d10-b0fe-1926954b5dd7","protocolProfileBehavior":{"strictSSL":false,"disableBodyPruning":true},"request":{"auth":{"type":"noauth"},"method":"POST","header":[{"key":"Content-Type","name":"Content-Type","value":"application/jose","type":"text"}],"body":{"mode":"raw","raw":"{{requestJwt}}"},"url":{"raw":"{{obie_url_register}}","host":["{{obie_url_register}}"]}},"response":[]},{"name":"02 - Token Client Cred Grant","event":[{"listen":"prerequest","script":{"exec":["var navigator = {};","var window = {};","eval(pm.environment.get(\"module:jsrsasign\"));","const sigJwk = JSON.parse(pm.environment.get('sigJwk'));","var prvKey = KEYUTIL.getKey(sigJwk);","var iss = pm.environment.get(\"client_id\")","var sub = pm.environment.get(\"client_id\")","var joseHeader = { alg: sigJwk.alg, kid: sigJwk.kid };","var exp = Math.round(new Date().getTime()/1000) + 1200","var iat = Math.round(new Date().getTime()/1000)","console.log(\"time = \" + exp);","var payload = {","    \"iss\": iss,","    \"aud\": pm.environment.get(\"aud_tok\"),","    \"sub\": sub,","    \"exp\": exp","};","var requestJwt = KJUR.jws.JWS.sign(joseHeader.alg, joseHeader, payload, prvKey);","pm.environment.set(\"client_Assertion\", requestJwt);","","// clean form data and populate according to token_endpoint_auth_method","const tokenEndpointAuthMethod = pm.environment.get('token_endpoint_auth_method') ?? 'private_key_jwt'; // supported values: private_key_jwt | tls_client_auth","pm.request.body.urlencoded.remove(prop => ['client_id', 'client_assertion_type', 'client_assertion'].includes(prop.key));","switch (tokenEndpointAuthMethod) {","    case 'tls_client_auth':","        pm.request.body.urlencoded.add({ key: 'client_id', value: iss });","    break;","    case 'private_key_jwt':","    default:","        pm.request.body.urlencoded.add({ key: 'client_assertion_type', value: 'urn:ietf:params:oauth:client-assertion-type:jwt-bearer' });","        pm.request.body.urlencoded.add({ key: 'client_assertion', value: requestJwt });","}"],"type":"text/javascript","id":"36262d2a-faaf-4730-bb0e-927e086c8f7d"}},{"listen":"test","script":{"exec":["tests[\"Status code is 200\"] = responseCode.code === 200;","","var jsonData = JSON.parse(responseBody);","tests[\"Contain access_token\"] = (typeof jsonData.access_token !== \"undefined\");","","console.log(\"Set access_token_ccg = \" + jsonData.access_token);","pm.environment.set(\"access_token_ccg\", jsonData.access_token);"],"type":"text/javascript","id":"c9054b2d-f04a-4a68-bc72-544b3cb7aa39"}}],"id":"57daceaf-9b10-4068-9665-62034cf7f465","protocolProfileBehavior":{"disableBodyPruning":true},"request":{"auth":{"type":"noauth"},"method":"POST","header":[{"key":"Content-Type","name":"Content-Type","value":"application/x-www-form-urlencoded","type":"text"}],"body":{"mode":"urlencoded","urlencoded":[{"key":"grant_type","value":"client_credentials","type":"text"},{"key":"scope","value":"accounts","type":"text"},{"key":"client_id","value":"{{client_id}}","description":"For tls_client_auth, see pre-request script","type":"default","disabled":true},{"key":"client_assertion_type","value":"urn:ietf:params:oauth:client-assertion-type:jwt-bearer","description":"For private_key_jwt, see pre-request script","type":"text"},{"key":"client_assertion","value":"{{client_Assertion}}","description":"For private_key_jwt, see pre-request script","type":"text"}]},"url":{"raw":"{{obie_url_token}}","host":["{{obie_url_token}}"]}},"response":[]},{"name":"03 - POST event-subscriptions","event":[{"listen":"test","script":{"exec":["// tests[\"Status code is 201\"] = responseCode.code === 201;","","// var jsonData = JSON.parse(responseBody);","// tests[\"Contain ConsentId\"] = (typeof jsonData.Data.ConsentId !== \"undefined\");","","// console.log(\"Set consent_id = \" + jsonData.Data.ConsentId);","// pm.environment.set(\"consent_id\", jsonData.Data.ConsentId);"],"type":"text/javascript","id":"9f441572-3c69-49a1-903b-4cb59764b1eb"}},{"listen":"prerequest","script":{"exec":["var navigator = {};\r","var window = {};\r","eval(pm.environment.get(\"module:jsrsasign\"));\r","const sigJwk = JSON.parse(pm.environment.get('sigJwk'));\r","var prvKey = KEYUTIL.getKey(sigJwk);\r","var iss = pm.environment.get(\"client_id\")\r","var sub = pm.environment.get(\"client_id\")\r","var tpp_dn = pm.environment.get(\"tpp_dn\")\r","var seconds = Math.floor(new Date() / 1000);\r","// var joseHeader = { alg: sigJwk.alg, kid: sigJwk.kid };\r","var joseHeaderObject = {\"alg\":\"PS256\",\"kid\":\"90210\",\"typ\":\"JOSE\",\"cty\":\"application/json\",\"crit\":[\"http://openbanking.org.uk/iat\",\"http://openbanking.org.uk/iss\",\"http://openbanking.org.uk/tan\"],\"http://openbanking.org.uk/iat\":\"'+ seconds +'\",\"http://openbanking.org.uk/iss\":tpp_dn,\"http://openbanking.org.uk/tan\":\"df7quiv5l02zk.cloudfront.net\"}\r","joseHeaderObject[\"http://openbanking.org.uk/iat\"] = seconds;\r","var joseHeader = JSON.stringify(joseHeaderObject);\r","var exp = Math.round(new Date().getTime()/1000) + 1200\r","var iat = Math.round(new Date().getTime()/1000)\r","console.log(\"time = \" + exp);\r","var payload = {\r","    \"Data\": {\r","        \"CallbackUrl\": \"\",\r","        \"Version\": \"v3.1.3\",\r","        \"EventTypes\": [\r","            \"UK.OBIE.Consent-Authorization-Revoked\"\r","        ]\r","    }\r","};\r","var jwsSignature = KJUR.jws.JWS.sign(joseHeader.alg, joseHeader, payload, prvKey);\r","postman.setGlobalVariable(\"jwsSignature\", jwsSignature);\r","console.log(\"test: \" + jwsSignature);\r","\r",""],"type":"text/javascript","id":"de3d17fa-99f4-4db5-aa87-eb5d3c5c7df4"}}],"id":"648b1287-1d60-4e57-8510-68a2f6841e87","protocolProfileBehavior":{"disableBodyPruning":true},"request":{"method":"POST","header":[{"key":"Content-Type","value":"application/json"},{"key":"Accept","value":"application/json"},{"key":"Authorization","value":"Bearer {{access_token_ccg}}"},{"key":"x-fapi-financial-id","value":"test"},{"key":"x-jws-signature","value":"{{jwsSignature}}","type":"text"}],"body":{"mode":"raw","raw":"{\r\n    \"Data\": {\r\n        \"CallbackUrl\": \"\",\r\n        \"Version\": \"v3.1.3\",\r\n        \"EventTypes\": [\r\n            \"UK.OBIE.Consent-Authorization-Revoked\"\r\n        ]\r\n    }\r\n}"},"url":{"raw":"https://tpp-ingress-hsbcmt00.dev.eu-west-1.ob.cloud1.vv1865.com/obie/open-banking/v3.1/event-subscriptions","protocol":"https","host":["tpp-ingress-hsbcmt00","dev","eu-west-1","ob","cloud1","vv1865","com"],"path":["obie","open-banking","v3.1","event-subscriptions"]},"description":"AISP/PISP => ASPSP (HSBC)"},"response":[]},{"name":"04 - GET event-subscriptions","event":[{"listen":"test","script":{"exec":["tests[\"Status code is 200\"] = responseCode.code === 200;","","var jsonData = JSON.parse(responseBody);","tests[\"Contain ConsentId\"] = (typeof jsonData.Data.ConsentId !== \"undefined\");","","console.log(\"Set consent_id = \" + jsonData.Data.ConsentId);","pm.environment.set(\"consent_id\", jsonData.Data.ConsentId);"],"type":"text/javascript","id":"bc0ef4c5-6918-4402-8c9d-0fa6b4df0eb4"}}],"id":"9b7e2278-222f-4400-8197-792ddef8163f","protocolProfileBehavior":{"disableBodyPruning":true},"request":{"method":"GET","header":[{"key":"Content-Type","value":"application/json"},{"key":"Accept","value":"application/json"},{"key":"Authorization","value":"Bearer {{access_token_ccg}}"},{"key":"x-fapi-financial-id","value":"test"}],"url":{"raw":"https://tpp-ingress-hsbcmt00.dev.eu-west-1.ob.cloud1.vv1865.com/obie/open-banking/v3.1/event-subscriptions","protocol":"https","host":["tpp-ingress-hsbcmt00","dev","eu-west-1","ob","cloud1","vv1865","com"],"path":["obie","open-banking","v3.1","event-subscriptions"]},"description":"AISP/PISP => ASPSP (HSBC)"},"response":[]},{"name":"05 - PUT - Event Subscription","event":[{"listen":"prerequest","script":{"exec":["var navigator = {};","var window = {};","eval(pm.environment.get(\"module:jsrsasign\"));","const sigJwk = JSON.parse(pm.environment.get('sigJwk'));","var prvKey = KEYUTIL.getKey(sigJwk);","var iss = pm.environment.get(\"client_id\")","var sub = pm.environment.get(\"client_id\")","var tpp_dn = pm.environment.get(\"tpp_dn\")","var seconds = Math.floor(new Date() / 1000);","// var joseHeader = { alg: sigJwk.alg, kid: sigJwk.kid };","var joseHeaderObject = {\"alg\":\"PS256\",\"kid\":\"90210\",\"typ\":\"JOSE\",\"cty\":\"application/json\",\"crit\":[\"http://openbanking.org.uk/iat\",\"http://openbanking.org.uk/iss\",\"http://openbanking.org.uk/tan\"],\"http://openbanking.org.uk/iat\":\"'+ seconds +'\",\"http://openbanking.org.uk/iss\":tpp_dn,\"http://openbanking.org.uk/tan\":\"df7quiv5l02zk.cloudfront.net\"}","joseHeaderObject[\"http://openbanking.org.uk/iat\"] = seconds;","var joseHeader = JSON.stringify(joseHeaderObject);","var exp = Math.round(new Date().getTime()/1000) + 1200","var iat = Math.round(new Date().getTime()/1000)","console.log(\"time = \" + exp);","var payload = {","    \"Data\": {","        \"CallbackUrl\": \"\",","        \"Version\": \"v3.1.3\",","        \"EventTypes\": [","            \"UK.OBIE.Consent-Authorization-Revoked\"","        ]","    }","};","var jwsSignature = KJUR.jws.JWS.sign(joseHeader.alg, joseHeader, payload, prvKey);","postman.setGlobalVariable(\"jwsSignature\", jwsSignature);","console.log(\"test: \" + jwsSignature);","",""],"type":"text/javascript","id":"676e348c-3135-42de-81c4-483240fbc9cc"}}],"id":"db5c6349-d004-4c5d-895e-93095c2beff0","protocolProfileBehavior":{"disableBodyPruning":true},"request":{"method":"PUT","header":[{"key":"Content-Type","name":"Content-Type","value":"application/json","type":"text"},{"key":"Accept","value":"application/json","type":"text"},{"key":"Authorization","value":"Bearer {{access_token_ccg}}","type":"text"},{"key":"x-jws-signature","value":"{{jwsSignature}}","type":"text"}],"body":{"mode":"raw","raw":"{\r\n    \"Data\": {\r\n        \"CallbackUrl\": \"test\",\r\n        \"Version\": \"v3.1.3\",\r\n        \"EventTypes\": [\r\n            \"UK.OBIE.Consent-Authorization-Revoked\"\r\n        ]\r\n    }\r\n}","options":{"raw":{"language":"json"}}},"url":{"raw":"{{obie_url_event_subscription}}/321d6e55-d97e-4c20-a79c-d4427025693a","host":["{{obie_url_event_subscription}}"],"path":["321d6e55-d97e-4c20-a79c-d4427025693a"]}},"response":[]},{"name":"06 - POST events","event":[{"listen":"test","script":{"exec":["tests[\"Status code is 201\"] = responseCode.code === 201;","","var jsonData = JSON.parse(responseBody);","tests[\"Contain ConsentId\"] = (typeof jsonData.Data.ConsentId !== \"undefined\");","","console.log(\"Set consent_id = \" + jsonData.Data.ConsentId);","pm.environment.set(\"consent_id\", jsonData.Data.ConsentId);"],"type":"text/javascript","id":"8da812c4-7f84-478f-b710-d759d1e5bca5"}},{"listen":"prerequest","script":{"exec":["var navigator = {};\r","var window = {};\r","eval(pm.environment.get(\"module:jsrsasign\"));\r","const sigJwk = JSON.parse(pm.environment.get('sigJwk'));\r","var prvKey = KEYUTIL.getKey(sigJwk);\r","var iss = pm.environment.get(\"client_id\")\r","var sub = pm.environment.get(\"client_id\")\r","var tpp_dn = pm.environment.get(\"tpp_dn\")\r","var seconds = Math.floor(new Date() / 1000);\r","// var joseHeader = { alg: sigJwk.alg, kid: sigJwk.kid };\r","var joseHeaderObject = {\"alg\":\"PS256\",\"kid\":\"90210\",\"typ\":\"JOSE\",\"cty\":\"application/json\",\"crit\":[\"http://openbanking.org.uk/iat\",\"http://openbanking.org.uk/iss\",\"http://openbanking.org.uk/tan\"],\"http://openbanking.org.uk/iat\":\"'+ seconds +'\",\"http://openbanking.org.uk/iss\":tpp_dn,\"http://openbanking.org.uk/tan\":\"df7quiv5l02zk.cloudfront.net\"}\r","joseHeaderObject[\"http://openbanking.org.uk/iat\"] = seconds;\r","var joseHeader = JSON.stringify(joseHeaderObject);\r","var exp = Math.round(new Date().getTime()/1000) + 1200\r","var iat = Math.round(new Date().getTime()/1000)\r","console.log(\"time = \" + exp);\r","var payload = {\r","    \"Data\": {\r","        \"CallbackUrl\": \"\",\r","        \"Version\": \"v3.1.3\",\r","        \"EventTypes\": [\r","            \"UK.OBIE.Consent-Authorization-Revoked\"\r","        ]\r","    }\r","};\r","var jwsSignature = KJUR.jws.JWS.sign(joseHeader.alg, joseHeader, payload, prvKey);\r","postman.setGlobalVariable(\"jwsSignature\", jwsSignature);\r","console.log(\"test: \" + jwsSignature);\r","\r",""],"type":"text/javascript","id":"2af195d5-f1c4-412b-a8c1-4857ac3d69ba"}}],"id":"fbc9084a-43db-4e66-9a99-180a499e9720","protocolProfileBehavior":{"disableBodyPruning":true},"request":{"method":"POST","header":[{"key":"Content-Type","value":"application/json"},{"key":"Accept","value":"application/json"},{"key":"Authorization","value":"Bearer {{access_token_ccg}}"},{"key":"x-fapi-financial-id","value":"test"}],"body":{"mode":"raw","raw":"{\r\n    \"maxEvents\": 10,\r\n    \"returnImmediately\": true\r\n}"},"url":{"raw":"https://tpp-ingress-hsbcmt00.dev.eu-west-1.ob.cloud1.vv1865.com/obie/open-banking/v3.1/events","protocol":"https","host":["tpp-ingress-hsbcmt00","dev","eu-west-1","ob","cloud1","vv1865","com"],"path":["obie","open-banking","v3.1","events"]},"description":"AISP/PISP => ASPSP (HSBC)"},"response":[]},{"name":"07 - Delete event-subscriptions","event":[{"listen":"test","script":{"exec":["tests[\"Status code is 204\"] = responseCode.code === 204;"],"type":"text/javascript","id":"21f62e0f-251e-4441-9615-13e8a3400618"}}],"id":"d96d32bc-d1b7-4a05-8b79-f8c6dbe00e69","protocolProfileBehavior":{"disableBodyPruning":true},"request":{"method":"DELETE","header":[{"key":"Content-Type","value":"application/json"},{"key":"Accept","value":"application/json"},{"key":"Authorization","value":"Bearer {{access_token_ccg}}"},{"key":"x-fapi-financial-id","value":"test"}],"url":{"raw":"https://tpp-ingress-hsbcmt00.dev.eu-west-1.ob.cloud1.vv1865.com/obie/open-banking/v3.1/event-subscriptions/fc7d83f4-11ae-46db-9526-b914039f2fd1","protocol":"https","host":["tpp-ingress-hsbcmt00","dev","eu-west-1","ob","cloud1","vv1865","com"],"path":["obie","open-banking","v3.1","event-subscriptions","fc7d83f4-11ae-46db-9526-b914039f2fd1"]},"description":"AISP/PISP => ASPSP (HSBC)"},"response":[]}],"event":[{"listen":"prerequest","script":{"type":"text/javascript","exec":["var uuid = require('uuid');","var getUUID = uuid.v4();","var uuidPart = getUUID.substring(0, getUUID.indexOf(\"-\"));","var userAgent = \"PostmanRuntime/7.29.0/\" + uuidPart;","pm.request.removeHeader('User-Agent');","pm.request.addHeader('User-Agent:' + userAgent);","console.log('Run base Pre-request Scritp complete.');"],"id":"faa22171-4c6d-47a3-9f99-d37bbb462300"}},{"listen":"test","script":{"type":"text/javascript","exec":[""],"id":"a21b8f6a-2b8b-4947-ac76-01105c7ec278"}}]}