{"info":{"_postman_id":"1d16f340-5329-4aff-a0dd-0055caea6496","name":"OB - HSBC CERT","schema":"https://schema.getpostman.com/json/collection/v2.1.0/collection.json"},"item":[{"name":"User_Authenticate_Request","event":[{"listen":"test","script":{"id":"d5d88da9-d25c-4e33-862c-957c62d50f2c","exec":["var jsonData = JSON.parse(responseBody);","postman.setEnvironmentVariable(\"authId\", jsonData.authId);","postman.setEnvironmentVariable(\"tokenId\", jsonData.tokenId);",""],"type":"text/javascript"}}],"id":"209eb004-173d-449f-84fd-7566d18595c0","protocolProfileBehavior":{"disableBodyPruning":true},"request":{"method":"POST","header":[{"key":"X-HSBC-Channel-Id","value":"OPENBANK","type":"text"},{"key":"X-HSBC-Chnl-Group-Member","value":"HRFB","type":"text"},{"key":"Content-Type","value":"application/json","type":"text"},{"key":"X-HSBC-Locale","value":"GB","type":"text"},{"key":"X-HSBC-Session-Correlation-Id","value":"64510817247365777967","type":"text"}],"url":{"raw":"https://open.sit.hsbc.com.hk/dsp/json/realms/root/realms/openbanking/authenticate?authIndexType=service&authIndexValue=OtpAuthService","protocol":"https","host":["open","sit","hsbc","com","hk"],"path":["dsp","json","realms","root","realms","openbanking","authenticate"],"query":[{"key":"authIndexType","value":"service"},{"key":"authIndexValue","value":"OtpAuthService"}]}},"response":[]},{"name":"GetOTP","event":[{"listen":"test","script":{"id":"d013018f-f7bb-45ec-ab0c-c125bbb3b8c9","exec":["var jsonData = JSON.parse(responseBody);","postman.setEnvironmentVariable(\"otp\", jsonData.token);"],"type":"text/javascript"}}],"id":"1e1d18f2-25d9-48e8-b1cc-dadfba055dd9","protocolProfileBehavior":{"disableBodyPruning":true},"request":{"method":"GET","header":[],"url":{"raw":"https://testingservices.cn.hsbc:8443/tokenApi/anonymous?username={{username}}&type=1&accessKey={{accesskey}}","protocol":"https","host":["testingservices","cn","hsbc"],"port":"8443","path":["tokenApi","anonymous"],"query":[{"key":"username","value":"{{username}}"},{"key":"type","value":"1"},{"key":"accessKey","value":"{{accesskey}}"}]}},"response":[]},{"name":"User_Authenticate_Response","event":[{"listen":"test","script":{"id":"24b708ad-23a6-4a9e-aeb3-8c2a1838286c","exec":["var jsonData = JSON.parse(responseBody);","postman.setEnvironmentVariable(\"tokenId\", jsonData.tokenId);"],"type":"text/javascript"}}],"id":"9f692ac7-8b60-4163-883b-e5ff3b996711","protocolProfileBehavior":{"disableBodyPruning":true},"request":{"method":"POST","header":[{"key":"Content-Type","value":"application/json"},{"key":"X-HSBC-Session-Correlation-Id","value":"64510817247365777967","type":"text"}],"body":{"mode":"raw","raw":"{\n    \"authId\": \"{{authId}}\",\n    \"template\": \"\",\n    \"stage\": \"ObCustomAuth2\",\n    \"header\": \"Openbanking Login\",\n    \"callbacks\": [\n        {\n            \"type\": \"NameCallback\",\n            \"output\": [\n                {\n                    \"name\": \"prompt\",\n                    \"value\": \"#USERNAME#\"\n                }\n            ],\n            \"input\": [\n                {\n                    \"name\": \"IDToken1\",\n                    \"value\": \"{{username}}\"\n                }\n            ]\n        },\n        {\n            \"type\": \"PasswordCallback\",\n            \"output\": [\n                {\n                    \"name\": \"prompt\",\n                    \"value\": \"#OTP#\"\n                }\n            ],\n            \"input\": [\n                {\n                    \"name\": \"IDToken2\",\n                    \"value\": \"{{otp}}\"\n                }\n            ]\n        },\n        {\n            \"type\": \"NameCallback\",\n            \"output\": [\n                {\n                    \"name\": \"prompt\",\n                    \"value\": \"#SHOW_INTERSTITIAL_PAGE#\"\n                }\n            ],\n            \"input\": [\n                {\n                    \"name\": \"IDToken3\"\n                }\n            ]\n        }\n    ]\n}"},"url":{"raw":"https://open.sit.hsbc.com.hk/dsp/json/realms/root/realms/openbanking/authenticate?authIndexType=service&authIndexValue=OtpAuthService","protocol":"https","host":["open","sit","hsbc","com","hk"],"path":["dsp","json","realms","root","realms","openbanking","authenticate"],"query":[{"key":"authIndexType","value":"service"},{"key":"authIndexValue","value":"OtpAuthService"}]}},"response":[]},{"name":"SSO_Token_Translate","id":"6aec9dd0-f6f1-4793-8aaa-f78547ff4ac0","protocolProfileBehavior":{"disableBodyPruning":true},"request":{"method":"POST","header":[{"key":"Content-Type","value":"application/json"}],"body":{"mode":"raw","raw":"{\n            \"input_token_state\": \n            {\n              \"token_type\": \"SSOTOKEN\",\n            \"tokenId\": \"{{tokenId}}\"\n              \n            },\n            \"output_token_state\": \n            {\n              \"token_type\": \"SECPSAML\", \n              \"subject_confirmation\": \"BEARER\"\n            }\n}"},"url":{"raw":"https://open-tc.p2g.netd2.hk.hsbc/dsp/rest-sts/openbanking/ssotoken_to_saml?_action=translate","protocol":"https","host":["open-tc","p2g","netd2","hk","hsbc"],"path":["dsp","rest-sts","openbanking","ssotoken_to_saml"],"query":[{"key":"_action","value":"translate"}]}},"response":[]},{"name":"SSO_Token_Translate SAML3","id":"b0d475e5-0b89-414a-9a3c-c94346aa7a00","protocolProfileBehavior":{"disableBodyPruning":true},"request":{"method":"POST","header":[{"key":"Content-Type","value":"application/json"}],"body":{"mode":"raw","raw":"{\n            \"input_token_state\": \n            {\n              \"token_type\": \"SSOTOKEN\",\n            \"tokenId\": \"{{tokenId}}\"\n              \n            },\n            \"output_token_state\": \n            {\n              \"token_type\": \"SECPSAML3\", \n              \"subject_confirmation\": \"BEARER\"\n            }\n}"},"url":{"raw":"https://open-tc.p2g.netd2.hk.hsbc/dsp/rest-sts/openbanking/ssotoken_to_saml3?_action=translate","protocol":"https","host":["open-tc","p2g","netd2","hk","hsbc"],"path":["dsp","rest-sts","openbanking","ssotoken_to_saml3"],"query":[{"key":"_action","value":"translate"}]}},"response":[]},{"name":"SSO_Token Policy Evaluate","id":"ba8b35c5-e772-4bb5-977f-8ac52736b280","protocolProfileBehavior":{"disableBodyPruning":true},"request":{"method":"POST","header":[{"key":"Content-Type","value":"application/json"},{"key":"dspSession","value":"{{tokenId}}"}],"body":{"mode":"raw","raw":"{\n   \"subject\": {\"ssoToken\": \"{{tokenId}}\"},\n   \"resources\": [\"APIResource\"],\n   \"environment\": {\"ApiCamLevel\": [\"40\"]},\n   \"application\": \"DSPAuthorisationPolicySet\"\n  }"},"url":{"raw":"https://open-tc.p2g.netd2.hk.hsbc/dsp/json/realms/root/realms/openbanking/policies?_action=evaluate","protocol":"https","host":["open-tc","p2g","netd2","hk","hsbc"],"path":["dsp","json","realms","root","realms","openbanking","policies"],"query":[{"key":"_action","value":"evaluate"}]}},"response":[]},{"name":"SSO_Token Policy Evaluate SAML3","id":"ad2300b9-dc65-4c8c-b650-2d7e79e727ce","protocolProfileBehavior":{"disableBodyPruning":true},"request":{"method":"POST","header":[{"key":"Content-Type","value":"application/json"},{"key":"dspSession","value":"{{tokenId}}"}],"body":{"mode":"raw","raw":"{\n   \"subject\": {\"ssoToken\": \"{{tokenId}}\"},\n   \"resources\": [\"APIResource\"],\n   \"environment\": {\"ApiCamLevel\": [\"40\"], \"SamlType\": [\"SAML3\"]},\n   \"application\": \"DSPAuthorisationPolicySet\"\n  }"},"url":{"raw":"https://open-tc.p2g.netd2.hk.hsbc/dsp/json/realms/root/realms/openbanking/policies?_action=evaluate","protocol":"https","host":["open-tc","p2g","netd2","hk","hsbc"],"path":["dsp","json","realms","root","realms","openbanking","policies"],"query":[{"key":"_action","value":"evaluate"}]}},"response":[]},{"name":"OAuth2 Authorize","event":[{"listen":"test","script":{"type":"text/javascript","exec":["var url = postman.getResponseHeader(\"Location\");","if(url.split(\"?\").length>0) { var queryString = url.split(\"?\")[1]; }","var jsonData = JSON.parse('{\"' + queryString.replace(/\"/g, '\\\\\"').replace(/&/g, '\",\"').replace(/=/g,'\":\"') + '\"}')","postman.setEnvironmentVariable(\"code\", jsonData.code);"],"id":"a47b66fe-d4c5-4404-af5e-4f21306c54d5"}}],"id":"a45f85f0-9d66-451b-9bd5-7e6821c69932","protocolProfileBehavior":{"disableBodyPruning":true},"request":{"method":"POST","header":[{"key":"Cookie","value":"dspSession={{tokenId}}"},{"key":"Content-Type","value":"application/x-www-form-urlencoded"},{"key":"Authorization","value":"Basic b3BlbmJhbmtpbmctdGVzdDpjZXJ0X3Rlc3RAMTIzX2Vudg=="}],"body":{"mode":"raw","raw":"csrf={{tokenId}}"},"url":{"raw":"https://open.sit.hsbc.com.hk/dsp/oauth2/authorize?realm=/openbanking&save_consent=1&scope=accounts&response_type=code&decision=allow&client_id=openbanking-test&redirect_uri=https://tpp1.app1.co.uk","protocol":"https","host":["open","sit","hsbc","com","hk"],"path":["dsp","oauth2","authorize"],"query":[{"key":"realm","value":"/openbanking"},{"key":"save_consent","value":"1"},{"key":"scope","value":"accounts"},{"key":"response_type","value":"code"},{"key":"decision","value":"allow"},{"key":"client_id","value":"openbanking-test"},{"key":"redirect_uri","value":"https://tpp1.app1.co.uk"}]}},"response":[]},{"name":"AccessCode_to_Token","event":[{"listen":"test","script":{"type":"text/javascript","exec":["var jsonData = JSON.parse(responseBody);","postman.setEnvironmentVariable(\"access_token\", jsonData.access_token);","postman.setEnvironmentVariable(\"refresh_token\", jsonData.refresh_token);"],"id":"43a3e1d9-eb94-4022-97a4-4796eec7352a"}}],"id":"d78306cb-0213-4b48-9624-217086ef9b6c","protocolProfileBehavior":{"disableBodyPruning":true},"request":{"method":"POST","header":[{"key":"Authorization","value":"Basic b3BlbmJhbmtpbmctdGVzdDpjZXJ0X3Rlc3RAMTIzX2Vudg=="},{"key":"Content-Type","value":"application/x-www-form-urlencoded"}],"body":{"mode":"raw","raw":"grant_type=authorization_code&response_type=token&redirect_uri=https%3A%2F%2Ftpp1.app1.co.uk&code={{code}}"},"url":{"raw":"https://open.sit.hsbc.com.hk/dsp/oauth2/access_token?realm=/openbanking","protocol":"https","host":["open","sit","hsbc","com","hk"],"path":["dsp","oauth2","access_token"],"query":[{"key":"realm","value":"/openbanking"}]}},"response":[]},{"name":"Access_Token_Translate","id":"8a54b009-8650-4743-b457-e07563d76e90","protocolProfileBehavior":{"disableBodyPruning":true},"request":{"method":"POST","header":[{"key":"Content-Type","value":"application/json"}],"body":{"mode":"raw","raw":"{\n            \"input_token_state\": \n            {\n              \"token_type\": \"ACCESSTOKEN\",\n               \"access_token\": \"{{access_token}}\",\n               \"ApiCamLevel\": \"40\"\n            },\n            \"output_token_state\": \n            {\n              \"token_type\": \"SECPSAML\", \n              \"subject_confirmation\": \"BEARER\"\n            }\n}"},"url":{"raw":"https://open-tc.p2g.netd2.hk.hsbc/dsp/rest-sts/openbanking/accesstoken_to_saml?_action=translate","protocol":"https","host":["open-tc","p2g","netd2","hk","hsbc"],"path":["dsp","rest-sts","openbanking","accesstoken_to_saml"],"query":[{"key":"_action","value":"translate"}]}},"response":[]},{"name":"Access_Token_Translate SAML3","id":"36eb4070-9e1a-4af6-b8f9-3e86e97c41f5","protocolProfileBehavior":{"disableBodyPruning":true},"request":{"method":"POST","header":[{"key":"Content-Type","value":"application/json"}],"body":{"mode":"raw","raw":"{\n            \"input_token_state\": \n            {\n              \"token_type\": \"ACCESSTOKEN\",\n               \"access_token\": \"{{access_token}}\",\n               \"ApiCamLevel\": \"40\"\n            },\n            \"output_token_state\": \n            {\n              \"token_type\": \"SECPSAML3\", \n              \"subject_confirmation\": \"BEARER\"\n            }\n}"},"url":{"raw":"https://open-tc.p2g.netd2.hk.hsbc/dsp/rest-sts/openbanking/accesstoken_to_saml3?_action=translate","protocol":"https","host":["open-tc","p2g","netd2","hk","hsbc"],"path":["dsp","rest-sts","openbanking","accesstoken_to_saml3"],"query":[{"key":"_action","value":"translate"}]}},"response":[]},{"name":"Access_Token UserInfo","id":"200f7c15-5972-4039-b87b-f9c9639f0da7","protocolProfileBehavior":{"disableBodyPruning":true},"request":{"method":"GET","header":[{"key":"Authorization","value":"Bearer {{access_token}}"}],"url":{"raw":"https://open-tc.p2g.netd2.hk.hsbc/dsp/oauth2/userinfo?realm=/openbanking","protocol":"https","host":["open-tc","p2g","netd2","hk","hsbc"],"path":["dsp","oauth2","userinfo"],"query":[{"key":"realm","value":"/openbanking"}]}},"response":[]},{"name":"Access_Token UserInfo Copy","id":"2cf76e86-89b6-4c9f-8451-55ccd1de8f1a","protocolProfileBehavior":{"disableBodyPruning":true},"request":{"method":"GET","header":[{"key":"Authorization","value":"Bearer {{access_token}}"}],"url":{"raw":"https://open-tc.p2g.netd2.hk.hsbc/dsp/oauth2/userinfo?realm=/openbanking","protocol":"https","host":["open-tc","p2g","netd2","hk","hsbc"],"path":["dsp","oauth2","userinfo"],"query":[{"key":"realm","value":"/openbanking"}]}},"response":[]},{"name":"Access_Token TokenInfo","id":"abda1818-5a7b-4b27-b603-d340d0074432","protocolProfileBehavior":{"disableBodyPruning":true},"request":{"method":"GET","header":[{"key":"Authorization","value":"Bearer {{access_token}}"}],"url":{"raw":"https://open-tc.p2g.netd2.hk.hsbc/dsp/oauth2/tokeninfo?realm=/openbanking","protocol":"https","host":["open-tc","p2g","netd2","hk","hsbc"],"path":["dsp","oauth2","tokeninfo"],"query":[{"key":"realm","value":"/openbanking"}]}},"response":[]},{"name":"Refresh Access_Token","event":[{"listen":"test","script":{"type":"text/javascript","exec":["var jsonData = JSON.parse(responseBody);","postman.setEnvironmentVariable(\"access_token\", jsonData.access_token);"],"id":"f914a62b-6157-4499-911d-c082a78335b0"}}],"id":"33426fd7-9450-4bd8-9c3b-9105029b1032","protocolProfileBehavior":{"disableBodyPruning":true},"request":{"method":"POST","header":[{"key":"Authorization","value":"Basic b3BlbmJhbmtpbmctdGVzdDpjZXJ0X3Rlc3RAMTIzX2Vudg=="},{"key":"Content-Type","value":"application/x-www-form-urlencoded"}],"body":{"mode":"raw","raw":"grant_type=refresh_token&refresh_token={{refresh_token}}"},"url":{"raw":"https://open-tc.p2g.netd2.hk.hsbc/dsp/oauth2/access_token?realm=/openbanking","protocol":"https","host":["open-tc","p2g","netd2","hk","hsbc"],"path":["dsp","oauth2","access_token"],"query":[{"key":"realm","value":"/openbanking"}]}},"response":[]},{"name":"Access_Token Introspect","id":"5daea295-4150-4cb2-b828-1606ee5aed7b","protocolProfileBehavior":{"disableBodyPruning":true},"request":{"method":"POST","header":[{"key":"Authorization","value":"Basic b3BlbmJhbmtpbmctdGVzdDpjZXJ0X3Rlc3RAMTIzX2Vudg=="}],"url":{"raw":"https://open-tc.p2g.netd2.hk.hsbc/dsp/oauth2/introspect?realm=/openbanking&token= {{access_token}}","protocol":"https","host":["open-tc","p2g","netd2","hk","hsbc"],"path":["dsp","oauth2","introspect"],"query":[{"key":"realm","value":"/openbanking"},{"key":"token","value":" {{access_token}}"}]}},"response":[]},{"name":"Access_Token_for_TokenIdCAM30","event":[{"listen":"test","script":{"type":"text/javascript","exec":["var jsonData = JSON.parse(responseBody);","postman.setEnvironmentVariable(\"tokenId\", jsonData.tokenId);"],"id":"10befe15-e124-4708-8063-05becb7ce4c0"}}],"id":"3b169bf0-2cbb-4be0-974c-4b45e8c067cf","protocolProfileBehavior":{"disableBodyPruning":true},"request":{"method":"POST","header":[{"key":"Content-Type","value":"application/json"},{"key":"X-OpenAM-Username","value":"{{access_token}}"}],"url":{"raw":"https://open.sit.hsbc.com.hk/dsp/json/authenticate?authIndexType=service&authIndexValue=AccessTokenService&realm=/openbanking","protocol":"https","host":["open","sit","hsbc","com","hk"],"path":["dsp","json","authenticate"],"query":[{"key":"authIndexType","value":"service"},{"key":"authIndexValue","value":"AccessTokenService"},{"key":"realm","value":"/openbanking"}]}},"response":[]},{"name":"Access_Token_for_TokenIdCAM40","event":[{"listen":"test","script":{"type":"text/javascript","exec":["var jsonData = JSON.parse(responseBody);","postman.setEnvironmentVariable(\"tokenId\", jsonData.tokenId);"],"id":"67c3e53f-afbc-47a4-b413-398513adfd7c"}}],"id":"67a47598-e516-4a04-8000-14ebfb4d206f","protocolProfileBehavior":{"disableBodyPruning":true},"request":{"method":"POST","header":[{"key":"Content-Type","value":"application/json"},{"key":"X-OpenAM-Username","value":"{{access_token}}"}],"url":{"raw":"https://open.sit.hsbc.com.hk/dsp/json/authenticate?authIndexType=service&authIndexValue=AccessTokenCAM40Service&realm=/openbanking","protocol":"https","host":["open","sit","hsbc","com","hk"],"path":["dsp","json","authenticate"],"query":[{"key":"authIndexType","value":"service"},{"key":"authIndexValue","value":"AccessTokenCAM40Service"},{"key":"realm","value":"/openbanking"}]}},"response":[]},{"name":"User_Session_Info","id":"5ddd0dc6-d80a-4650-a21a-b411c802f32c","protocolProfileBehavior":{"disableBodyPruning":true},"request":{"method":"POST","header":[{"key":"Content-Type","value":"application/json"},{"key":"dspSession","value":"{{tokenId}}"}],"body":{"mode":"raw","raw":""},"url":{"raw":"https://open-tc.p2g.netd2.hk.hsbc/dsp/json/sessions/?_action=getSessionInfo","protocol":"https","host":["open-tc","p2g","netd2","hk","hsbc"],"path":["dsp","json","sessions",""],"query":[{"key":"_action","value":"getSessionInfo"}]}},"response":[]},{"name":"User_Session_logout","id":"ac9f5d0e-5aac-4ce0-80c8-5add678b9174","protocolProfileBehavior":{"disableBodyPruning":true},"request":{"method":"POST","header":[{"key":"Content-Type","value":"application/json"},{"key":"dspSession","value":"{{tokenId}}"}],"body":{"mode":"raw","raw":""},"url":{"raw":"https://open.sit.hsbc.com.hk/dsp/json/sessions?_action=logout","protocol":"https","host":["open","sit","hsbc","com","hk"],"path":["dsp","json","sessions"],"query":[{"key":"_action","value":"logout"}]}},"response":[]},{"name":"Revoke_Access_Token","id":"642f5f30-4fde-4a9f-a533-0a15fdf8e7f3","protocolProfileBehavior":{"disableBodyPruning":true},"request":{"method":"POST","header":[{"key":"Authorization","value":"Basic b3BlbmJhbmtpbmctdGVzdDpjZXJ0X3Rlc3RAMTIzX2Vudg=="},{"key":"Content-Type","value":"application/x-www-form-urlencoded"}],"body":{"mode":"raw","raw":"token={{access_token}}"},"url":{"raw":"https://open.sit.hsbc.com.hk/dsp/oauth2/token/revoke?realm=/openbanking","protocol":"https","host":["open","sit","hsbc","com","hk"],"path":["dsp","oauth2","token","revoke"],"query":[{"key":"realm","value":"/openbanking"}]}},"response":[]},{"name":"User_Authenticate_OB Master Access Token","event":[{"listen":"test","script":{"type":"text/javascript","exec":["var jsonData = JSON.parse(responseBody);","postman.setEnvironmentVariable(\"access_token\", jsonData.access_token);"],"id":"73f80a07-b6d4-40b0-90f9-a783872c5208"}}],"id":"aac06be9-7d5e-48b0-89bf-35b547b85f6e","protocolProfileBehavior":{"disableBodyPruning":true},"request":{"method":"POST","header":[{"key":"Authorization","value":"Basic b3BlbmJhbmtpbmctbWFzdGVyOnRvX2JlX3JldHJpZXZlZF9mcm9tX1RQQU1fQDEyMw=="},{"key":"Content-Type","value":"application/x-www-form-urlencoded"}],"body":{"mode":"raw","raw":"grant_type=client_credentials&scope=create_oauth_clients"},"url":{"raw":"https://open.sit.hsbc.com.hk/dsp/oauth2/realms/root/realms/openbanking/access_token","protocol":"https","host":["open","sit","hsbc","com","hk"],"path":["dsp","oauth2","realms","root","realms","openbanking","access_token"]}},"response":[]},{"name":"User_Authenticate_Register OB End Client","id":"150644b0-1a73-4da2-82ba-777eccda0963","protocolProfileBehavior":{"disableBodyPruning":true},"request":{"method":"POST","header":[{"key":"Authorization","value":"Bearer {{access_token}}"},{"key":"Content-Type","value":"application/json"}],"body":{"mode":"raw","raw":"{\n      \"redirect_uris\": [\"https://client.example.org/callback\",\n        \t\t\t\t\"https://client.example.org/callback2\"],\n      \"client_name\": \"My Example Client\",\n      \"scopes\": [\"accounts\", \"payments\"]\n     }"},"url":{"raw":"https://open.sit.hsbc.com.hk/dsp/oauth2/realms/root/realms/openbanking/connect/register","protocol":"https","host":["open","sit","hsbc","com","hk"],"path":["dsp","oauth2","realms","root","realms","openbanking","connect","register"]}},"response":[]}]}