{"info":{"_postman_id":"1dbb0219-8435-4ba1-a9e2-4a75c09a82e7","name":"COP Outbound","schema":"https://schema.getpostman.com/json/collection/v2.1.0/collection.json"},"item":[{"name":"reference-data","item":[{"name":"reference-data","event":[{"listen":"prerequest","script":{"id":"47ee07d1-6eb0-4b44-a676-8c16ba5a3307","exec":["pm.environment.set('RESOURCE', '/administration/v1/reference-data');","eval(pm.environment.get('AWS4_SIGNATURE_LIB'));","","const hostname = pm.environment.get('API_GATEWAY_DOMAIN');","const path = pm.environment.get('ENV_STAGE') + pm.environment.get('RESOURCE');","const accessKeyId = pm.environment.get('ACCESS_KEY_ID');","const secretAccessKey = pm.environment.get('SECRET_ACCESS_KEY');","const sessionToken = pm.environment.get('SESSION_TOKEN');","","// console.log(pm.request);","const signedRequest = sign({","    service: 'execute-api',","    method: 'GET',","    host: hostname,","    path: path","}, {","    accessKeyId: accessKeyId,","    secretAccessKey: secretAccessKey,","    sessionToken: sessionToken,","});","","pm.environment.set('COP-Authorization', signedRequest.headers.Authorization);","pm.environment.set('COP-X-Amz-Date', signedRequest.headers[\"X-Amz-Date\"]);","pm.environment.set('COP-X-Amz-Security-Token', signedRequest.headers[\"X-Amz-Security-Token\"]);"],"type":"text/javascript"}}],"id":"32ab6230-85d1-4185-85d9-fdcc8b8817e5","protocolProfileBehavior":{"disableBodyPruning":true},"request":{"method":"GET","header":[{"key":"X-HSBC-Chnl-Group-Member","value":"HBEU","type":"text"},{"key":"X-HSBC-Request-Correlation-Id","value":"{{$guid}}","type":"text"},{"key":"Authorization","value":"{{COP-Authorization}}","type":"text"},{"key":"X-Amz-Date","value":"{{COP-X-Amz-Date}}","type":"text"},{"key":"X-Amz-Security-Token","value":"{{COP-X-Amz-Security-Token}}","type":"text"},{"key":"Content-Type","value":"application/json; charset=UTF-8","type":"text"}],"url":{"raw":"{{API_URL}}{{RESOURCE}}","host":["{{API_URL}}{{RESOURCE}}"]}},"response":[]},{"name":"reference-data-relationship","event":[{"listen":"test","script":{"id":"22c2caa2-7539-4679-945b-b982ebf61b56","exec":[""],"type":"text/javascript"}},{"listen":"prerequest","script":{"id":"b44ad745-d0d9-49c5-9409-fab250a0f4d9","exec":["pm.environment.set('RESOURCE', '/administration/v1/reference-data-relationship');","eval(pm.environment.get('AWS4_SIGNATURE_LIB'));","","const hostname = pm.environment.get('API_GATEWAY_DOMAIN');","const path = pm.environment.get('ENV_STAGE') + pm.environment.get('RESOURCE');","const accessKeyId = pm.environment.get('ACCESS_KEY_ID');","const secretAccessKey = pm.environment.get('SECRET_ACCESS_KEY');","const sessionToken = pm.environment.get('SESSION_TOKEN');","","// console.log(pm.request);","const signedRequest = sign({","    service: 'execute-api',","    method: 'GET',","    host: hostname,","    path: path","}, {","    accessKeyId: accessKeyId,","    secretAccessKey: secretAccessKey,","    sessionToken: sessionToken,","});","","pm.environment.set('COP-Authorization', signedRequest.headers.Authorization);","pm.environment.set('COP-X-Amz-Date', signedRequest.headers[\"X-Amz-Date\"]);","pm.environment.set('COP-X-Amz-Security-Token', signedRequest.headers[\"X-Amz-Security-Token\"]);"],"type":"text/javascript"}}],"id":"8bb0fd24-1458-4aa1-836c-61739c6d7638","protocolProfileBehavior":{"disableBodyPruning":true},"request":{"method":"GET","header":[{"key":"X-HSBC-Chnl-Group-Member","value":"HBEU","type":"text"},{"key":"X-HSBC-Request-Correlation-Id","value":"{{$guid}}","type":"text"},{"key":"Authorization","value":"{{COP-Authorization}}","type":"text"},{"key":"X-Amz-Date","value":"{{COP-X-Amz-Date}}","type":"text"},{"key":"X-Amz-Security-Token","value":"{{COP-X-Amz-Security-Token}}","type":"text"},{"key":"Content-Type","value":"application/json; charset=UTF-8","type":"text"}],"url":{"raw":"{{API_URL}}{{RESOURCE}}","host":["{{API_URL}}{{RESOURCE}}"]}},"response":[]},{"name":"reference-data-relationship","event":[{"listen":"prerequest","script":{"id":"dca52da6-e618-42fd-9c92-934a131dc89b","exec":["pm.environment.set('RESOURCE', '/administration/v1/reference-data-relationship');","eval(pm.environment.get('AWS4_SIGNATURE_LIB'));","","const hostname = pm.environment.get('API_GATEWAY_DOMAIN');","const path = pm.environment.get('ENV_STAGE') + pm.environment.get('RESOURCE');","const accessKeyId = pm.environment.get('ACCESS_KEY_ID');","const secretAccessKey = pm.environment.get('SECRET_ACCESS_KEY');","const sessionToken = pm.environment.get('SESSION_TOKEN');","","const requestBody = pm.request.body.raw;","// console.log(pm.request);","const signedRequest = sign({","    service: 'execute-api',","    method: 'POST',","    host: hostname,","    path: path,","    body: requestBody","}, {","    accessKeyId: accessKeyId,","    secretAccessKey: secretAccessKey,","    sessionToken: sessionToken,","});","","pm.environment.set('COP-Authorization', signedRequest.headers.Authorization);","pm.environment.set('COP-X-Amz-Date', signedRequest.headers[\"X-Amz-Date\"]);","pm.environment.set('COP-X-Amz-Security-Token', signedRequest.headers[\"X-Amz-Security-Token\"]);"],"type":"text/javascript"}}],"id":"9d3feab9-6890-4a08-a8d4-ed12924383b2","protocolProfileBehavior":{"disableBodyPruning":true},"request":{"method":"POST","header":[{"key":"X-HSBC-Chnl-Group-Member","value":"HBEU","type":"text"},{"key":"X-HSBC-Request-Correlation-Id","value":"{{$guid}}","type":"text"},{"key":"Authorization","value":"{{COP-Authorization}}","type":"text"},{"key":"X-Amz-Date","value":"{{COP-X-Amz-Date}}","type":"text"},{"key":"X-Amz-Security-Token","value":"{{COP-X-Amz-Security-Token}}","type":"text"},{"key":"Content-Type","value":"application/json; charset=UTF-8","type":"text"}],"body":{"mode":"raw","raw":"{\n\t\"referenceData\": \"0990\",\n    \"referenceDataDescription\": \"PrePay bank code mapping\",\n    \"referenceDataType\": \"BankCode\",\n    \"relReferenceData\": \"PrepayTechnologiesLtd\",\n    \"relReferenceDataDescription\": \"PrePay bank code mapping\",\n    \"relReferenceDataType\": \"OrgCode\"\n}"},"url":{"raw":"{{API_URL}}{{RESOURCE}}","host":["{{API_URL}}{{RESOURCE}}"]}},"response":[]},{"name":"reference-data-type","event":[{"listen":"test","script":{"id":"64ec2d76-729c-4a41-8c8e-5f333ea842be","exec":[""],"type":"text/javascript"}},{"listen":"prerequest","script":{"id":"88dfe1fc-b761-452f-8c8a-36c3166ce081","exec":["pm.environment.set('RESOURCE', '/administration/v1/reference-data-type');","eval(pm.environment.get('AWS4_SIGNATURE_LIB'));","","const hostname = pm.environment.get('API_GATEWAY_DOMAIN');","const path = pm.environment.get('ENV_STAGE') + pm.environment.get('RESOURCE');","const accessKeyId = pm.environment.get('ACCESS_KEY_ID');","const secretAccessKey = pm.environment.get('SECRET_ACCESS_KEY');","const sessionToken = pm.environment.get('SESSION_TOKEN');","","// console.log(pm.request);","const signedRequest = sign({","    service: 'execute-api',","    method: 'GET',","    host: hostname,","    path: path","}, {","    accessKeyId: accessKeyId,","    secretAccessKey: secretAccessKey,","    sessionToken: sessionToken,","});","","pm.environment.set('COP-Authorization', signedRequest.headers.Authorization);","pm.environment.set('COP-X-Amz-Date', signedRequest.headers[\"X-Amz-Date\"]);","pm.environment.set('COP-X-Amz-Security-Token', signedRequest.headers[\"X-Amz-Security-Token\"]);"],"type":"text/javascript"}}],"id":"1bff2437-6741-4e76-ad2d-4f2c2724c6ae","protocolProfileBehavior":{"disableBodyPruning":true},"request":{"method":"GET","header":[{"key":"X-HSBC-Chnl-Group-Member","value":"HBEU","type":"text"},{"key":"X-HSBC-Request-Correlation-Id","value":"{{$guid}}","type":"text"},{"key":"Authorization","value":"{{COP-Authorization}}","type":"text"},{"key":"X-Amz-Date","value":"{{COP-X-Amz-Date}}","type":"text"},{"key":"X-Amz-Security-Token","value":"{{COP-X-Amz-Security-Token}}","type":"text"},{"key":"Content-Type","value":"application/json; charset=UTF-8","type":"text"}],"url":{"raw":"{{API_URL}}{{RESOURCE}}","host":["{{API_URL}}{{RESOURCE}}"]}},"response":[]},{"name":"reference-data-type","event":[{"listen":"prerequest","script":{"id":"a75e0d75-378c-452b-a2d8-d2208ee061fe","exec":["pm.environment.set('RESOURCE', '/administration/v1/reference-data-type');","eval(pm.environment.get('AWS4_SIGNATURE_LIB'));","","const hostname = pm.environment.get('API_GATEWAY_DOMAIN');","const path = pm.environment.get('ENV_STAGE') + pm.environment.get('RESOURCE');","const accessKeyId = pm.environment.get('ACCESS_KEY_ID');","const secretAccessKey = pm.environment.get('SECRET_ACCESS_KEY');","const sessionToken = pm.environment.get('SESSION_TOKEN');","","const requestBody = pm.request.body.raw;","// console.log(pm.request);","const signedRequest = sign({","    service: 'execute-api',","    method: 'GET',","    host: hostname,","    path: path,","    body: requestBody","}, {","    accessKeyId: accessKeyId,","    secretAccessKey: secretAccessKey,","    sessionToken: sessionToken,","});","","pm.environment.set('COP-Authorization', signedRequest.headers.Authorization);","pm.environment.set('COP-X-Amz-Date', signedRequest.headers[\"X-Amz-Date\"]);","pm.environment.set('COP-X-Amz-Security-Token', signedRequest.headers[\"X-Amz-Security-Token\"]);"],"type":"text/javascript"}}],"id":"6da7413e-57a0-4b96-9358-cd16e0c5774c","protocolProfileBehavior":{"disableBodyPruning":true},"request":{"method":"POST","header":[{"key":"X-HSBC-Chnl-Group-Member","value":"HBEU","type":"text"},{"key":"X-HSBC-Request-Correlation-Id","value":"{{$guid}}","type":"text"},{"key":"Authorization","value":"{{COP-Authorization}}","type":"text"},{"key":"X-Amz-Date","value":"{{COP-X-Amz-Date}}","type":"text"},{"key":"X-Amz-Security-Token","value":"{{COP-X-Amz-Security-Token}}","type":"text"},{"key":"Content-Type","value":"application/json; charset=UTF-8","type":"text"}],"body":{"mode":"raw","raw":"{\n\t\"refTypeCode\": \"refTypeCode\",\n\t\"refTypeDescription\": \"refTypeDescription\"\n}"},"url":{"raw":"{{API_URL}}{{RESOURCE}}","host":["{{API_URL}}{{RESOURCE}}"]}},"response":[]}],"id":"b4d080a8-7ce0-4e14-8e81-8b89dac00f21"},{"name":"[DSP] authenticate","event":[{"listen":"test","script":{"id":"48cc45fe-ff4a-400e-9aee-00dde7478e46","exec":["pm.environment.set(\"tokenId\", pm.response.json().tokenId);"],"type":"text/javascript"}}],"id":"dfde3417-6310-48f7-adb9-c00d310b5e2e","protocolProfileBehavior":{"disableBodyPruning":true},"request":{"method":"POST","header":[{"key":"X-OpenAM-Password","value":"{{EMPL_PASS}}","type":"text"},{"key":"X-OpenAM-Username","value":"{{EMPL_NAME}} ","type":"text"},{"key":"Content-Type","name":"Content-Type","value":"application/json","type":"text"}],"body":{"mode":"raw","raw":""},"url":{"raw":"https://dsp-admin.p2g.netd2.hk.hsbc/dsp/json/authenticate?realm=staff&authIndexType=service&authIndexValue=ldapService","protocol":"https","host":["dsp-admin","p2g","netd2","hk","hsbc"],"path":["dsp","json","authenticate"],"query":[{"key":"realm","value":"staff"},{"key":"authIndexType","value":"service"},{"key":"authIndexValue","value":"ldapService"}]}},"response":[]},{"name":"[DSP] ssotoken to trusttoken","event":[{"listen":"prerequest","script":{"id":"1e2b3629-4599-4304-9a89-ec75913c80ba","exec":[""],"type":"text/javascript"}},{"listen":"test","script":{"id":"f5dfd833-cfd9-4333-85d1-328b0f3ac260","exec":["pm.environment.set(\"SAMLToken\", pm.response.json()[0].attributes.SAMLToken[0]);"],"type":"text/javascript"}}],"id":"494b53da-5980-43af-bbf9-f303baebbd0e","protocolProfileBehavior":{"disableBodyPruning":true},"request":{"method":"POST","header":[{"key":"Content-Type","value":"application/json","type":"text"}],"body":{"mode":"raw","raw":"{\r\n\t\"input_token_state\": {\r\n\t\t\"token_type\": \"SSOTOKEN\",\r\n\t\t\"tokenId\": \"{{tokenId}}\"\r\n\t},\r\n\t\"output_token_state\": {\r\n\t\t\"token_type\": \"SECPSAML3\",\r\n\t\t\"subject_confirmation\": \"BEARER\"\r\n\t}\r\n}"},"url":{"raw":"https://dsp-admin.p2g.netd2.hk.hsbc/dsp/rest-sts/staff/v1/ssotoken_to_trusttoken?_action=translate","protocol":"https","host":["dsp-admin","p2g","netd2","hk","hsbc"],"path":["dsp","rest-sts","staff","v1","ssotoken_to_trusttoken"],"query":[{"key":"_action","value":"translate"}]}},"response":[]},{"name":"[MTLS] name verification","id":"4b3b0237-c3d0-44f9-9fb6-8151908b7543","protocolProfileBehavior":{"disableBodyPruning":true},"request":{"method":"POST","header":[{"key":"X-HSBC-Chnl-Group-Member","value":"FSDT"},{"key":"X-HSBC-Request-Correlation-Id","value":"81f054d8-2a3c-4499-ae21-520270a184cd"},{"key":"X-HSBC-Saml3","value":"{{SAMLToken}}"},{"key":"Content-Type","value":"application/json; charset=UTF-8"},{"key":"X-HSBC-Client-Id","value":"COP2","type":"text"},{"key":"X-HSBC-Src-UserAgent","value":"test user agent","type":"text"}],"body":{"mode":"raw","raw":"{\n    \"accountType\": \"Personal\",\n    \"sortCode\": \"304050\",\n    \"accountNumber\": \"55124568\",\n    \"name\": \"Max Holding\",\n    \"secondaryIdentification\": \"does not matter\",\n    \"bankCode\": \"0935\"\n}","options":{"raw":{"language":"json"}}},"url":{"raw":"{{MTLS_API_URL}}/v2/external-confirmation-of-payee","host":["{{MTLS_API_URL}}"],"path":["v2","external-confirmation-of-payee"]},"description":"This API is secured by custom AWS authorizer. Please provide one of the following request headers\n* X-HSBC-E2E-Trust-Token\n* X-HSBC-Saml3\n* X-HSBC-Saml2\n\nMore details about API trust model can be found [here](https://digital-confluence.systems.uk.hsbc/confluence/display/ingestion/DIP+High+Level+design#DIPHighLeveldesign-APITrustmodel)\n\nAPI also requires two more headers:\n* X-HSBC-Chnl-Group-Member\n* X-HSBC-Request-Correlation-Id\n\nFor more details about COP outbound API request, headers, etc. please check our [documentation](https://digital-confluence.systems.uk.hsbc/confluence/display/ingestion/API+Specification+-+1.0+-+external-confirmation-of-payee)"},"response":[]},{"name":"[MTLS] get secondary reference accounts","id":"dc3e7de4-37e5-4348-afbc-cf2d2a6c5db7","protocolProfileBehavior":{"disableBodyPruning":true},"request":{"method":"GET","header":[{"key":"X-HSBC-Chnl-Group-Member","value":"HBEU"},{"key":"X-HSBC-Request-Correlation-Id","value":"475a2a70-13bc-4535-91e0-a3a4c8ac32e0"},{"key":"X-HSBC-Saml3","value":"{{SAMLToken}}"},{"key":"Content-Type","value":"application/json; charset=UTF-8"},{"key":"X-HSBC-Client-Id","value":"COP2","type":"text"},{"key":"X-HSBC-Src-UserAgent","value":"test user agent","type":"text"}],"url":{"raw":"{{MTLS_API_URL}}/v2/secondary-reference-accounts","host":["{{MTLS_API_URL}}"],"path":["v2","secondary-reference-accounts"]},"description":"This API is secured by custom AWS authorizer. Please provide one of the following request headers\n* X-HSBC-E2E-Trust-Token\n* X-HSBC-Saml3\n* X-HSBC-Saml2\n\nMore details about API trust model can be found [here](https://digital-confluence.systems.uk.hsbc/confluence/display/ingestion/DIP+High+Level+design#DIPHighLeveldesign-APITrustmodel)\n\nAPI also requires two more headers:\n* X-HSBC-Chnl-Group-Member\n* X-HSBC-Request-Correlation-Id\n\nFor more details about COP outbound API request, headers, etc. please check our [documentation](https://digital-confluence.systems.uk.hsbc/confluence/display/ingestion/API+Specification+-+1.0+-+external-confirmation-of-payee)"},"response":[]},{"name":"[MTLS] check secondary reference accounts","id":"2db73fda-e290-4392-81ac-cee7ce750163","protocolProfileBehavior":{"disableBodyPruning":true},"request":{"method":"POST","header":[{"key":"X-HSBC-Chnl-Group-Member","value":"HBEU"},{"key":"X-HSBC-Request-Correlation-Id","value":"d329b37a-fb7c-11ec-b939-0242ac120002"},{"key":"X-HSBC-Saml3","value":"{{SAMLToken}}"},{"key":"Content-Type","value":"application/json; charset=UTF-8"},{"key":"X-HSBC-Client-Id","value":"COP2","type":"text"},{"key":"X-HSBC-Src-UserAgent","value":"test user agent","type":"text"}],"body":{"mode":"raw","raw":"[\n    {\n        \"sortCode\": \"123456\",\n        \"accountNumber\": \"09090909\"\n    },\n    {\n        \"sortCode\": \"564564\",\n        \"accountNumber\": \"12345678\"\n    },\n    {\n        \"sortCode\": \"676767\",\n        \"accountNumber\": \"01010101\"\n    },\n    {\n        \"sortCode\": \"400555\",\n        \"accountNumber\": \"07070707\"\n    }\n]"},"url":{"raw":"{{MTLS_API_URL}}/v2/secondary-reference-account-statuses","host":["{{MTLS_API_URL}}"],"path":["v2","secondary-reference-account-statuses"]},"description":"This API is secured by custom AWS authorizer. Please provide one of the following request headers\n* X-HSBC-E2E-Trust-Token\n* X-HSBC-Saml3\n* X-HSBC-Saml2\n\nMore details about API trust model can be found [here](https://digital-confluence.systems.uk.hsbc/confluence/display/ingestion/DIP+High+Level+design#DIPHighLeveldesign-APITrustmodel)\n\nAPI also requires two more headers:\n* X-HSBC-Chnl-Group-Member\n* X-HSBC-Request-Correlation-Id\n\nFor more details about COP outbound API request, headers, etc. please check our [documentation](https://digital-confluence.systems.uk.hsbc/confluence/display/ingestion/API+Specification+-+1.0+-+external-confirmation-of-payee)"},"response":[]},{"name":"name verification","id":"a730933c-8b30-40f3-aea9-8c39624cb434","protocolProfileBehavior":{"disableBodyPruning":true},"request":{"method":"POST","header":[{"key":"X-HSBC-Chnl-Group-Member","value":"FSDT"},{"key":"X-HSBC-Request-Correlation-Id","value":"71a4905a-dbf3-11ec-9d64-0242ac120002"},{"key":"X-HSBC-Saml3","value":"{{SAMLToken}}"},{"key":"Content-Type","value":"application/json; charset=UTF-8"}],"body":{"mode":"raw","raw":"{\n    \"accountType\": \"Personal\",\n    \"sortCode\": \"304050\",\n    \"accountNumber\": \"55124568\",\n    \"name\": \"Max Holding\",\n    \"secondaryIdentification\": \"does not matter\",\n    \"bankCode\": \"0936\"\n}"},"url":{"raw":"{{API_URL}}/v1/external-confirmation-of-payee","host":["{{API_URL}}"],"path":["v1","external-confirmation-of-payee"]},"description":"This API is secured by custom AWS authorizer. Please provide one of the following request headers\n* X-HSBC-E2E-Trust-Token\n* X-HSBC-Saml3\n* X-HSBC-Saml2\n\nMore details about API trust model can be found [here](https://digital-confluence.systems.uk.hsbc/confluence/display/ingestion/DIP+High+Level+design#DIPHighLeveldesign-APITrustmodel)\n\nAPI also requires two more headers:\n* X-HSBC-Chnl-Group-Member\n* X-HSBC-Request-Correlation-Id\n\nFor more details about COP outbound API request, headers, etc. please check our [documentation](https://digital-confluence.systems.uk.hsbc/confluence/display/ingestion/API+Specification+-+1.0+-+external-confirmation-of-payee)"},"response":[]},{"name":"(LEGACY) JSON Administration API template (CUSTOM AWS SIGNATURE)","event":[{"listen":"prerequest","script":{"id":"8b72a7fb-4672-4b72-8638-d9ca05ad8303","exec":["//Please set RESOURCE environment value to withouth including API Gateway stage","pm.environment.set('RESOURCE', '/v1.0/json-test');","eval(pm.environment.get('AWS4_SIGNATURE_LIB'));","","const hostname = pm.environment.get('API_GATEWAY_DOMAIN');","const path = pm.environment.get('ENV_STAGE') + pm.environment.get('RESOURCE');","const accessKeyId = pm.environment.get('ACCESS_KEY_ID');","const secretAccessKey = pm.environment.get('SECRET_ACCESS_KEY');","const sessionToken = pm.environment.get('SESSION_TOKEN');","","const requestBody = pm.request.body.raw;","// console.log(pm.request);","const signedRequest = sign({","    service: 'execute-api',","    method: 'POST',","    host: hostname,","    path: path,","    body: requestBody","}, {","    accessKeyId: accessKeyId,","    secretAccessKey: secretAccessKey,","    sessionToken: sessionToken,","});","","pm.environment.set('COP-Authorization', signedRequest.headers.Authorization);","pm.environment.set('COP-X-Amz-Date', signedRequest.headers[\"X-Amz-Date\"]);","pm.environment.set('COP-X-Amz-Security-Token', signedRequest.headers[\"X-Amz-Security-Token\"]);"],"type":"text/javascript"}}],"id":"3b4f7297-401d-4113-aa81-aa4aeacdb660","protocolProfileBehavior":{"disableBodyPruning":true},"request":{"auth":{"type":"noauth"},"method":"POST","header":[{"key":"Authorization","type":"text","value":"{{COP-Authorization}}"},{"key":"X-Amz-Date","type":"text","value":"{{COP-X-Amz-Date}}"},{"key":"X-Amz-Security-Token","type":"text","value":"{{COP-X-Amz-Security-Token}}"},{"key":"Content-Type","name":"Content-Type","type":"text","value":"application/json"}],"body":{"mode":"raw","raw":"{\n\t\"test\" : \"json\"\n}"},"url":{"raw":"{{API_URL}}{{RESOURCE}}","host":["{{API_URL}}{{RESOURCE}}"]},"description":"* DIP administration API(s) are secured using [AWS IAM authorization](https://docs.aws.amazon.com/apigateway/latest/developerguide/api-gateway-control-access-using-iam-policies-to-invoke-api.html). In order to successfully invoke this API, request need to be signed. Therefore please set values for `ACCESS_KEY_ID`, `SECRET_ACCESS_KEY` & `SESSION_TOKEN` environment variables which are used during signing process.\n* please view Pre-request-Script instructions"},"response":[]},{"name":"(LEGACY) load COP participants","event":[{"listen":"prerequest","script":{"id":"f4867b62-d55a-4e62-af9d-9d1b3227904f","exec":["pm.environment.set('RESOURCE', pm.environment.get('COP_URL'));","eval(pm.environment.get('AWS4_SIGNATURE_LIB'));","","const hostname = pm.environment.get('API_GATEWAY_DOMAIN');","const path = pm.environment.get('ENV_STAGE') + pm.environment.get('RESOURCE');","const accessKeyId = pm.environment.get('ACCESS_KEY_ID');","const secretAccessKey = pm.environment.get('SECRET_ACCESS_KEY');","const sessionToken = pm.environment.get('SESSION_TOKEN');","","const requestBody = pm.request.body.raw;","// console.log(pm.request);","const signedRequest = sign({","    service: 'execute-api',","    method: 'POST',","    host: hostname,","    path: path,","    body: requestBody","}, {","    accessKeyId: accessKeyId,","    secretAccessKey: secretAccessKey,","    sessionToken: sessionToken,","});","","pm.environment.set('COP-Authorization', signedRequest.headers.Authorization);","pm.environment.set('COP-X-Amz-Date', signedRequest.headers[\"X-Amz-Date\"]);","pm.environment.set('COP-X-Amz-Security-Token', signedRequest.headers[\"X-Amz-Security-Token\"]);"],"type":"text/javascript"}}],"id":"67aafad1-f882-45f9-bf3f-b6bd0beef00f","protocolProfileBehavior":{"disableBodyPruning":true},"request":{"auth":{"type":"noauth"},"method":"POST","header":[{"key":"Authorization","type":"text","value":"{{COP-Authorization}}"},{"key":"X-Amz-Date","type":"text","value":"{{COP-X-Amz-Date}}"},{"key":"X-Amz-Security-Token","type":"text","value":"{{COP-X-Amz-Security-Token}}"},{"key":"Content-Type","type":"text","value":"text/csv"}],"body":{"mode":"raw","raw":"Participant Name,OB Org ID,Bank code(S),CoP endpoint URL,Respond live date,Respond end date,Send live date,Send end date,Change indicator\nAdditional bank cross check report 1,OB/2019/240,0240,https://03x5v9n1fe.execute-api.eu-west-1.amazonaws.com/dev/aspsp-cop-stub/0240/open-banking/v3.1/confirmation-payee/accounts/name-verification,01/11/2019,,01/11/2019,,\nAmber Bank,OB/2019/200,0200,https://03x5v9n1fe.execute-api.eu-west-1.amazonaws.com/dev/aspsp-cop-stub/0200/open-banking/v3.1/confirmation-payee/accounts/name-verification,01/11/2019,,01/11/2019,,\nSantruder Bank,OB/2019/201,0201,https://03x5v9n1fe.execute-api.eu-west-1.amazonaws.com/dev/aspsp-cop-stub/0201/open-banking/v3.1/confirmation-payee/accounts/name-verification,01/11/2019,,01/11/2019,,\nPOK BP,OB/2019/202,0202,https://03x5v9n1fe.execute-api.eu-west-1.amazonaws.com/dev/aspsp-cop-stub/0202/open-banking/v3.1/confirmation-payee/accounts/name-verification,01/11/2019,,01/11/2019,,\nnBank,OB/2019/203,0203,https://03x5v9n1fe.execute-api.eu-west-1.amazonaws.com/dev/aspsp-cop-stub/0203/open-banking/v3.1/confirmation-payee/accounts/name-verification,01/11/2019,,01/11/2019,,\nBOSS Bank,OB/2019/204,0204,https://03x5v9n1fe.execute-api.eu-west-1.amazonaws.com/dev/aspsp-cop-stub/0204/open-banking/v3.1/confirmation-payee/accounts/name-verification,01/11/2019,,01/11/2019,,\nBGZ,OB/2019/205,0205,https://03x5v9n1fe.execute-api.eu-west-1.amazonaws.com/dev/aspsp-cop-stub/0205/open-banking/v3.1/confirmation-payee/accounts/name-verification,01/11/2019,,01/11/2019,,\nPeKaWu SA,OB/2019/206,0206,https://03x5v9n1fe.execute-api.eu-west-1.amazonaws.com/dev/aspsp-cop-stub/0206/open-banking/v3.1/confirmation-payee/accounts/name-verification,01/11/2019,,01/11/2019,,\nINH Bank Rolski,OB/2019/207,0207,https://03x5v9n1fe.execute-api.eu-west-1.amazonaws.com/dev/aspsp-cop-stub/0207/open-banking/v3.1/confirmation-payee/accounts/name-verification,01/11/2019,,01/11/2019,,\nBank Millenials,OB/2019/208,0208,https://03x5v9n1fe.execute-api.eu-west-1.amazonaws.com/dev/aspsp-cop-stub/0208/open-banking/v3.1/confirmation-payee/accounts/name-verification,01/11/2019,,01/11/2019,,\nBank BNR Raribas,OB/2019/209,0209,https://03x5v9n1fe.execute-api.eu-west-1.amazonaws.com/dev/aspsp-cop-stub/0209/open-banking/v3.1/confirmation-payee/accounts/name-verification,01/11/2019,,01/11/2019,,\nLetin Noble Bank,OB/2019/210,0210,https://03x5v9n1fe.execute-api.eu-west-1.amazonaws.com/dev/aspsp-cop-stub/0210/open-banking/v3.1/confirmation-payee/accounts/name-verification,01/11/2019,,01/11/2019,,\nRaisen Bank International,OB/2019/224,0224,https://03x5v9n1fe.execute-api.eu-west-1.amazonaws.com/dev/aspsp-cop-stub/0224/open-banking/v3.1/confirmation-payee/accounts/name-verification,01/11/2019,,01/11/2019,,\nTiti Handlowy,OB/2019/212,0212,https://03x5v9n1fe.execute-api.eu-west-1.amazonaws.com/dev/aspsp-cop-stub/0212/open-banking/v3.1/confirmation-payee/accounts/name-verification,01/11/2019,,01/11/2019,,\nVery slow bank,OB/2019/213,0213,https://03x5v9n1fe.execute-api.eu-west-1.amazonaws.com/dev/aspsp-cop-stub/0213/open-banking/v3.1/confirmation-payee/accounts/name-verification,01/11/2019,,01/11/2019,,\nJust slow bank,OB/2019/214,0214,https://03x5v9n1fe.execute-api.eu-west-1.amazonaws.com/dev/aspsp-cop-stub/0214/open-banking/v3.1/confirmation-payee/accounts/name-verification,01/11/2019,,01/11/2019,,\nNo match bank,OB/2019/215,0215,https://03x5v9n1fe.execute-api.eu-west-1.amazonaws.com/dev/aspsp-cop-stub/0215/open-banking/v3.1/confirmation-payee/accounts/name-verification,01/11/2019,,01/11/2019,,\nNo report bank,OB/2019/216,0216,https://03x5v9n1fe.execute-api.eu-west-1.amazonaws.com/dev/aspsp-cop-stub/0216/open-banking/v3.1/confirmation-payee/accounts/name-verification,01/11/2019,,01/11/2019,,\ncorrupted bank,OB/2019/217,0217,https://03x5v9n1fe.execute-api.eu-west-1.amazonaws.com/dev/aspsp-cop-stub/0217/open-banking/v3.1/confirmation-payee/accounts/name-verification,01/11/2019,,01/11/2019,,\nunknown reason bank,OB/2019/218,0218,https://03x5v9n1fe.execute-api.eu-west-1.amazonaws.com/dev/aspsp-cop-stub/0218/open-banking/v3.1/confirmation-payee/accounts/name-verification,01/11/2019,,01/11/2019,,\ninactive external org bank,OB/2019/225,0225,https://03x5v9n1fe.execute-api.eu-west-1.amazonaws.com/dev/aspsp-cop-stub/0225/open-banking/v3.1/confirmation-payee/accounts/name-verification,01/11/2019,,01/11/2019,,\ninactive application registration bank,OB/2019/226,0226,https://03x5v9n1fe.execute-api.eu-west-1.amazonaws.com/dev/aspsp-cop-stub/0226/open-banking/v3.1/confirmation-payee/accounts/name-verification,01/11/2019,,01/11/2019,,\nThe same org id bank 1,OB/2019/250,0250,https://03x5v9n1fe.execute-api.eu-west-1.amazonaws.com/dev/aspsp-cop-stub/0250/open-banking/v3.1/confirmation-payee/accounts/name-verification,01/11/2019,,01/11/2019,,\nThe same org id bank 2,OB/2019/250,0251,https://03x5v9n1fe.execute-api.eu-west-1.amazonaws.com/dev/aspsp-cop-stub/0251/open-banking/v3.1/confirmation-payee/accounts/name-verification,01/11/2019,,01/11/2019,,\nAdditional bank cross check report 2,OB/2019/241,0241,https://03x5v9n1fe.execute-api.eu-west-1.amazonaws.com/dev/aspsp-cop-stub/0241/open-banking/v3.1/confirmation-payee/accounts/name-verification,01/11/2019,,01/11/2019,,\nBad Idea Bank,OB/2019/400,0400,https://03x5v9n1fe.execute-api.eu-west-1.amazonaws.com/dev/aspsp-cop-stub/0400/open-banking/v3.1/confirmation-payee/accounts/name-verification,01/11/2019,,01/11/2019,,\nBad Moment Bank,OB/2019/402,0402,https://03x5v9n1fe.execute-api.eu-west-1.amazonaws.com/dev/aspsp-cop-stub/0402/open-banking/v3.1/confirmation-payee/accounts/name-verification,01/11/2019,,01/11/2019,,\nCredit All,OB/2019/401,0401,https://03x5v9n1fe.execute-api.eu-west-1.amazonaws.com/dev/aspsp-cop-stub/0401/open-banking/v3.1/confirmation-payee/accounts/name-verification,01/11/2019,,01/11/2019,,\nFraud Bank,OB/2019/403,0403,https://03x5v9n1fe.execute-api.eu-west-1.amazonaws.com/dev/aspsp-cop-stub/0403/open-banking/v3.1/confirmation-payee/accounts/name-verification,01/11/2019,,01/11/2019,,\nBank Not Fund,OB/2019/404,0404,https://03x5v9n1fe.execute-api.eu-west-1.amazonaws.com/dev/aspsp-cop-stub/0404/open-banking/v3.1/confirmation-payee/accounts/name-verification,01/11/2019,,01/11/2019,,\nMoney Not Allowed Bank,OB/2019/405,0405,https://03x5v9n1fe.execute-api.eu-west-1.amazonaws.com/dev/aspsp-cop-stub/0405/open-banking/v3.1/confirmation-payee/accounts/name-verification,01/11/2019,,01/11/2019,,\nUnacceptable Bank,OB/2019/406,0406,https://03x5v9n1fe.execute-api.eu-west-1.amazonaws.com/dev/aspsp-cop-stub/0406/open-banking/v3.1/confirmation-payee/accounts/name-verification,01/11/2019,,01/11/2019,,\nProxy Bank,OB/2019/407,0407,https://03x5v9n1fe.execute-api.eu-west-1.amazonaws.com/dev/aspsp-cop-stub/0407/open-banking/v3.1/confirmation-payee/accounts/name-verification,01/11/2019,,01/11/2019,,\nToo much Bank,OB/2019/429,0429,https://03x5v9n1fe.execute-api.eu-west-1.amazonaws.com/dev/aspsp-cop-stub/0429/open-banking/v3.1/confirmation-payee/accounts/name-verification,01/11/2019,,01/11/2019,,\nUnavailable Bank 2,OB/2019/009,0009,https://03x5v9n1fe.execute-api.eu-west-1.amazonaws.com/dev/aspsp-cop-stub/0009/open-banking/v3.1/confirmation-payee/accounts/name-verification,01/11/2019,,01/11/2019,,\nTimeout Bank 2,OB/2019/010,0010,https://03x5v9n1fe.execute-api.eu-west-1.amazonaws.com/dev/aspsp-cop-stub/0010/open-banking/v3.1/confirmation-payee/accounts/name-verification,01/11/2019,,01/11/2019,,\nInternal Crisis Bank,OB/2019/500,0500,https://03x5v9n1fe.execute-api.eu-west-1.amazonaws.com/dev/aspsp-cop-stub/0500/open-banking/v3.1/confirmation-payee/accounts/name-verification,01/11/2019,,01/11/2019,,\nInternal Bank,OB/2019/502,0502,https://03x5v9n1fe.execute-api.eu-west-1.amazonaws.com/dev/aspsp-cop-stub/0502/open-banking/v3.1/confirmation-payee/accounts/name-verification,01/11/2019,,01/11/2019,,\nUnavailable Bank,OB/2019/503,0503,https://03x5v9n1fe.execute-api.eu-west-1.amazonaws.com/dev/aspsp-cop-stub/0503/open-banking/v3.1/confirmation-payee/accounts/name-verification,01/11/2019,,01/11/2019,,\nTimeout Bank,OB/2019/504,0504,https://03x5v9n1fe.execute-api.eu-west-1.amazonaws.com/dev/aspsp-cop-stub/0504/open-banking/v3.1/confirmation-payee/accounts/name-verification,01/11/2019,,01/11/2019,,\nBroken message Bank,OB/2019/505,0505,https://03x5v9n1fe.execute-api.eu-west-1.amazonaws.com/dev/aspsp-cop-stub/0505/open-banking/v3.1/confirmation-payee/accounts/name-verification,01/11/2019,,01/11/2019,,\nNot live yet Bank,OB/2019/601,0601,https://03x5v9n1fe.execute-api.eu-west-1.amazonaws.com/dev/aspsp-cop-stub/0601/open-banking/v3.1/confirmation-payee/accounts/name-verification,01/11/2035,,01/11/2019,,\nNot live anymore Bank,OB/2019/602,0602,https://03x5v9n1fe.execute-api.eu-west-1.amazonaws.com/dev/aspsp-cop-stub/0602/open-banking/v3.1/confirmation-payee/accounts/name-verification,01/11/2019,02/11/2019,01/11/2019,,\nNot single live yet Bank,OB/2019/603,0603 0604 0605,https://03x5v9n1fe.execute-api.eu-west-1.amazonaws.com/dev/aspsp-cop-stub/0601/open-banking/v3.1/confirmation-payee/accounts/name-verification,01/11/2035,,01/11/2019,,\nNot single live anymore Bank,OB/2019/606,0606 0607 0608,https://03x5v9n1fe.execute-api.eu-west-1.amazonaws.com/dev/aspsp-cop-stub/0606/open-banking/v3.1/confirmation-payee/accounts/name-verification,01/11/2019,02/11/2019,01/11/2019,,\nBank code not a known bank,OB/2019/609,0609,https://03x5v9n1fe.execute-api.eu-west-1.amazonaws.com/dev/aspsp-cop-stub/0609/open-banking/v3.1/confirmation-payee/accounts/name-verification,01/11/2019,,01/11/2019,,\nBank code not registered,OB/2019/610,0610,https://03x5v9n1fe.execute-api.eu-west-1.amazonaws.com/dev/aspsp-cop-stub/0610/open-banking/v3.1/confirmation-payee/accounts/name-verification,01/11/2019,,01/11/2019,,\nWellKnown missing,OB/2019/700,0700,https://03x5v9n1fe.execute-api.eu-west-1.amazonaws.com/dev/aspsp-cop-stub/0700/open-banking/v3.1/confirmation-payee/accounts/name-verification,01/11/2019,,01/11/2019,,\nWellKnown broken1,OB/2019/701,0701,https://03x5v9n1fe.execute-api.eu-west-1.amazonaws.com/dev/aspsp-cop-stub/0701/open-banking/v3.1/confirmation-payee/accounts/name-verification,01/11/2019,,01/11/2019,,\nWellKnown broken2,OB/2019/702,0702,https://03x5v9n1fe.execute-api.eu-west-1.amazonaws.com/dev/aspsp-cop-stub/0702/open-banking/v3.1/confirmation-payee/accounts/name-verification,01/11/2019,,01/11/2019,,\nWellKnown broken3,OB/2019/703,0703,https://03x5v9n1fe.execute-api.eu-west-1.amazonaws.com/dev/aspsp-cop-stub/0703/open-banking/v3.1/confirmation-payee/accounts/name-verification,01/11/2019,,01/11/2019,,\nWellKnown broken4,OB/2019/704,0704,https://03x5v9n1fe.execute-api.eu-west-1.amazonaws.com/dev/aspsp-cop-stub/0704/open-banking/v3.1/confirmation-payee/accounts/name-verification,01/11/2019,,01/11/2019,,\nWellKnown broken5,OB/2019/705,0705,https://03x5v9n1fe.execute-api.eu-west-1.amazonaws.com/dev/aspsp-cop-stub/0705/open-banking/v3.1/confirmation-payee/accounts/name-verification,01/11/2019,,01/11/2019,,\nWellKnown broken6,OB/2019/706,0706,https://03x5v9n1fe.execute-api.eu-west-1.amazonaws.com/dev/aspsp-cop-stub/0706/open-banking/v3.1/confirmation-payee/accounts/name-verification,01/11/2019,,01/11/2019,,\nWellKnown broken7,OB/2019/707,0707,https://03x5v9n1fe.execute-api.eu-west-1.amazonaws.com/dev/aspsp-cop-stub/0707/open-banking/v3.1/confirmation-payee/accounts/name-verification,01/11/2019,,01/11/2019,,\nTN_PKJWT,OB/2019/801,0801,https://03x5v9n1fe.execute-api.eu-west-1.amazonaws.com/dev/aspsp-cop-stub/0801/open-banking/v3.1/confirmation-payee/accounts/name-verification,01/11/2019,,01/11/2019,,\nTN_MTLS,OB/2019/802,0802,https://03x5v9n1fe.execute-api.eu-west-1.amazonaws.com/dev/aspsp-cop-stub/0802/open-banking/v3.1/confirmation-payee/accounts/name-verification,01/11/2019,,01/11/2019,,\nTN_ERR_200,OB/2019/8200,8200,https://03x5v9n1fe.execute-api.eu-west-1.amazonaws.com/dev/aspsp-cop-stub/8200/open-banking/v3.1/confirmation-payee/accounts/name-verification,01/11/2019,,01/11/2019,,\nTN_ERR_200_2,OB/2019/8201,8201,https://03x5v9n1fe.execute-api.eu-west-1.amazonaws.com/dev/aspsp-cop-stub/8201/open-banking/v3.1/confirmation-payee/accounts/name-verification,01/11/2019,,01/11/2019,,\nTN_ERR_TIMEOUT,OB/2019/8202,8202,https://03x5v9n1fe.execute-api.eu-west-1.amazonaws.com/dev/aspsp-cop-stub/8202/open-banking/v3.1/confirmation-payee/accounts/name-verification,01/11/2019,,01/11/2019,,\nTN_ERR_400_3,OB/2019/8399,8399,https://03x5v9n1fe.execute-api.eu-west-1.amazonaws.com/dev/aspsp-cop-stub/8399/open-banking/v3.1/confirmation-payee/accounts/name-verification,01/11/2019,,01/11/2019,,\nTN_ERR_400,OB/2019/8400,8400,https://03x5v9n1fe.execute-api.eu-west-1.amazonaws.com/dev/aspsp-cop-stub/8400/open-banking/v3.1/confirmation-payee/accounts/name-verification,01/11/2019,,01/11/2019,,\nTN_ERR_401,OB/2019/8401,8401,https://03x5v9n1fe.execute-api.eu-west-1.amazonaws.com/dev/aspsp-cop-stub/8401/open-banking/v3.1/confirmation-payee/accounts/name-verification,01/11/2019,,01/11/2019,,\nTN_ERR_400_2,OB/2019/8402,8402,https://03x5v9n1fe.execute-api.eu-west-1.amazonaws.com/dev/aspsp-cop-stub/8402/open-banking/v3.1/confirmation-payee/accounts/name-verification,01/11/2019,,01/11/2019,,\nTN_ERR_403,OB/2019/8403,8403,https://03x5v9n1fe.execute-api.eu-west-1.amazonaws.com/dev/aspsp-cop-stub/8403/open-banking/v3.1/confirmation-payee/accounts/name-verification,01/11/2019,,01/11/2019,,\nTN_ERR_404,OB/2019/8404,8404,https://03x5v9n1fe.execute-api.eu-west-1.amazonaws.com/dev/aspsp-cop-stub/8404/open-banking/v3.1/confirmation-payee/accounts/name-verification,01/11/2019,,01/11/2019,,\nTN_ERR_405,OB/2019/8405,8405,https://03x5v9n1fe.execute-api.eu-west-1.amazonaws.com/dev/aspsp-cop-stub/8405/open-banking/v3.1/confirmation-payee/accounts/name-verification,01/11/2019,,01/11/2019,,\nTN_ERR_406,OB/2019/8406,8406,https://03x5v9n1fe.execute-api.eu-west-1.amazonaws.com/dev/aspsp-cop-stub/8406/open-banking/v3.1/confirmation-payee/accounts/name-verification,01/11/2019,,01/11/2019,,\nTN_ERR_407,OB/2019/8407,8407,https://03x5v9n1fe.execute-api.eu-west-1.amazonaws.com/dev/aspsp-cop-stub/8407/open-banking/v3.1/confirmation-payee/accounts/name-verification,01/11/2019,,01/11/2019,,\nLowercase error model bank,OB/2019/408,0408,https://03x5v9n1fe.execute-api.eu-west-1.amazonaws.com/dev/aspsp-cop-stub/0408/open-banking/v3.1/confirmation-payee/accounts/name-verification,01/11/2019,,01/11/2019,,\nTN_ERR_408,OB/2019/8408,8408,https://03x5v9n1fe.execute-api.eu-west-1.amazonaws.com/dev/aspsp-cop-stub/8408/open-banking/v3.1/confirmation-payee/accounts/name-verification,01/11/2019,,01/11/2019,,\nTN_ERR_429,OB/2019/8429,8429,https://03x5v9n1fe.execute-api.eu-west-1.amazonaws.com/dev/aspsp-cop-stub/8429/open-banking/v3.1/confirmation-payee/accounts/name-verification,01/11/2019,,01/11/2019,,\nTN_ERR_500,OB/2019/8500,8500,https://03x5v9n1fe.execute-api.eu-west-1.amazonaws.com/dev/aspsp-cop-stub/8500/open-banking/v3.1/confirmation-payee/accounts/name-verification,01/11/2019,,01/11/2019,,\nTN_ERR_501,OB/2019/8501,8501,https://03x5v9n1fe.execute-api.eu-west-1.amazonaws.com/dev/aspsp-cop-stub/8501/open-banking/v3.1/confirmation-payee/accounts/name-verification,01/11/2019,,01/11/2019,,\nTN_ERR_502,OB/2019/8502,8502,https://03x5v9n1fe.execute-api.eu-west-1.amazonaws.com/dev/aspsp-cop-stub/8502/open-banking/v3.1/confirmation-payee/accounts/name-verification,01/11/2019,,01/11/2019,,\nTN_ERR_503,OB/2019/8503,8503,https://03x5v9n1fe.execute-api.eu-west-1.amazonaws.com/dev/aspsp-cop-stub/8503/open-banking/v3.1/confirmation-payee/accounts/name-verification,01/11/2019,,01/11/2019,,\nTN_ERR_504,OB/2019/8504,8504,https://03x5v9n1fe.execute-api.eu-west-1.amazonaws.com/dev/aspsp-cop-stub/8504/open-banking/v3.1/confirmation-payee/accounts/name-verification,01/11/2019,,01/11/2019,,\nHSBC,00158000016i44JAAQ,0919 0934 0772 0393 0547 0137 0679 0827 0211 0411,https://nginx-pub-test-1203020834.eu-west-1.elb.amazonaws.com/open-banking/v3.1/confirmation-payee/accounts/name-verification,01/11/2019,,01/11/2019,,\nHSBC_PKJWT,OB/2019/920,0920,https://03x5v9n1fe.execute-api.eu-west-1.amazonaws.com/dev/aspsp-cop-stub/0920/open-banking/v3.1/confirmation-payee/accounts/name-verification,01/11/2019,,01/11/2019,,\nHSBC_MTLS,OB/2019/921,0921,https://03x5v9n1fe.execute-api.eu-west-1.amazonaws.com/dev/aspsp-cop-stub/0921/open-banking/v3.1/confirmation-payee/accounts/name-verification,01/11/2019,,01/11/2019,,\nHSBC_BASIC,OB/2019/922,0922,https://03x5v9n1fe.execute-api.eu-west-1.amazonaws.com/dev/aspsp-cop-stub/0922/open-banking/v3.1/confirmation-payee/accounts/name-verification,01/11/2019,,01/11/2019,,\nAdditional bank cross check report 3,OB/2019/242,0242,https://03x5v9n1fe.execute-api.eu-west-1.amazonaws.com/dev/aspsp-cop-stub/0242/open-banking/v3.1/confirmation-payee/accounts/name-verification,01/11/2019,,01/11/2019,,\nNot live yet Bank 2,OB/2019/006,0006,https://03x5v9n1fe.execute-api.eu-west-1.amazonaws.com/dev/aspsp-cop-stub/0006/open-banking/v3.1/confirmation-payee/accounts/name-verification,01/11/2035,,01/11/2019,,\nBank code not a known bank 2,OB/2019/013,0013,https://03x5v9n1fe.execute-api.eu-west-1.amazonaws.com/dev/aspsp-cop-stub/0013/open-banking/v3.1/confirmation-payee/accounts/name-verification,01/11/2019,,01/11/2019,,\nBank code not registered 2,OB/2019/021,0021,https://03x5v9n1fe.execute-api.eu-west-1.amazonaws.com/dev/aspsp-cop-stub/0021/open-banking/v3.1/confirmation-payee/accounts/name-verification,01/11/2019,,01/11/2019,,\nPerformance test entry bank,OB/2019/999,9999,https://wiremock-nlb-c6939fc6a044b644.elb.eu-west-1.amazonaws.com/open-banking/v3.1/confirmation-payee/accounts/name-verification,01/11/2019,,01/11/2019,,\nRBS,0015800000jfwB4AAI,0100,https://03x5v9n1fe.execute-api.eu-west-1.amazonaws.com/dev/aspsp-cop-stub/0100/open-banking/v3.1/confirmation-payee/accounts/name-verification,01/11/2019,,01/11/2019,,\nNATWEST,0015800000jfwxXAAQ,0060,https://03x5v9n1fe.execute-api.eu-west-1.amazonaws.com/dev/aspsp-cop-stub/0060/open-banking/v3.1/confirmation-payee/accounts/name-verification,01/11/2019,,01/11/2019,,\nPrepay Technologies Ltd.,0015800001ZEc1gAAD,0990,https://matls-rs-ob.pps.edenred.com/open-banking/v3.1/confirmation-payee/accounts/name-verification,03/11/2020,,,,"},"url":{"raw":"{{API_URL}}{{RESOURCE}}","host":["{{API_URL}}{{RESOURCE}}"]},"description":"* Please copy-paste content from participants csv file into **Body** tab as described  [here](https://learning.getpostman.com/docs/postman/sending-api-requests/requests/#raw-data)\n* COP administration API is secured using [AWS IAM authorization](https://docs.aws.amazon.com/apigateway/latest/developerguide/api-gateway-control-access-using-iam-policies-to-invoke-api.html). In order to successfully invoke this API, request need to be signed. Therefore please set values for `ACCESS_KEY_ID`, `SECRET_ACCESS_KEY` & `SESSION_TOKEN` environment variables which are used during signing process."},"response":[]}],"event":[{"listen":"prerequest","script":{"id":"baf066ce-7d72-4e75-8bd3-0ad8b0ee7182","type":"text/javascript","exec":[""]}},{"listen":"test","script":{"id":"a89be1cf-7752-4891-a50e-c02474638d52","type":"text/javascript","exec":[""]}}]}