{"info":{"_postman_id":"2406445e-5133-4195-aa85-9c6571917d65","name":"Tools Utilities","schema":"https://schema.getpostman.com/json/collection/v2.1.0/collection.json"},"item":[{"name":"APP","item":[{"name":"Get App","event":[{"listen":"test","script":{"id":"7cd17cc6-e4b1-4468-951b-03e5769f9691","exec":[""],"type":"text/javascript"}},{"listen":"prerequest","script":{"id":"7292aae3-226c-4851-8e8b-5c9c0b79c69e","exec":["var navigator = {};","var window = {};","eval(pm.environment.get(\"module:jsrsasign\"));","var sPKCS8PEM = `-----BEGIN RSA PRIVATE KEY-----","MIIEpAIBAAKCAQEA56KSNONY/PNFlsJiCDqGdySbm4Mi2yjNM/6WlsPJH72Sh9i6","hOaW7J1w/LH+ZWn7ArkunTArAyoqtWXMxoKnQcBZOde7vV9S3kL7TAyZKdQz4GeG","ewG6XHKg4ExQ6lzE+Oz0JDRXPNdp7sXJ8/IYqf1hGVtkCYIHZbwRQVsGDyWFMcTf","QwpWiDSgZwFhjd5zdvydQff4wQNWH0Mj7OJaN/CJMeqpUE4IYYFz98rzqABgbEYZ","KZPIB5a/idaJv7bn7VEy8whNQ9MmKSCayxPYIDTGxyt8KO88D3T4tlxOZPlig0ym","IObJrhv/Jzk3Bg/WNP4EuB+z8yX0zks42cd1vwIDAQABAoIBAEru459qYLJLvJpd","vbrtu+w1EoXHcXI2i9OjK3IQWjMDb7C0ovo1YmOfNxr4NdT26PXjlDnTiEaY0IIo","MYuSXqs9n1+/84L6oGM4hfT/KllGxZV1yCJo17HqfzKwXYjDhBEHDp/bstEC2skc","gQ2Cpwnu5wd98inFP8FgirB60sX4/qpBXlh8McZE1RjcKr+cNwqOtPMvOZ4Kmh13","F40jLZpYGKaoAl15j80rE8DaBlkPy/ciLjRBQ689b5nkYUzZSDxaAt3A47BaadL9","5+kkErJr/yRgwcUtNOuTkULgpVcVQ7XLx62pSrsCzvx+/qD5eeQqZe714/m/tyCw","04vQYqkCgYEA/Ijt15GDK4CCJdJp4nJhkGOni7QlDSXbOs/55GJB/NA6NGvdKkRP","E86fI7SA1LeWVFsCXKIN4VTr3YedVIT1h/IO9xITq6Eol0md0RJsimGbNr4i7Yno","wXZi6TIqAcgLDB6ohKkXq0MUAiFktCd3SNs20OedeHyk7oy5VfFV+YMCgYEA6tA6","Vr/nFoVzMJnp42d5w4njAL8+jvO/YRDLxxdye744cDLgNxMYytWG4iDnI/YTXHBX","MnWuyZp3y70VMsBbbO4hXQb1UHcJ07H0nodgRN0Oc/Tkyhpbz6HLeQJqo1zFDk4j","wbiE0TUfUS5gvExRvAZG1To6A1fWZT6WghiDqhUCgYEA1jK+qm3+OFPUEIiczzn9","jx836cNu+ev2O7hUWWcOWYW1GOm0ujkeacqEKSDddZASrpJTOocqBsqlFU4GIL52","FE04bFCk5prXdxs2BTP/ZJDNum0j6x9ikVX9J5cpEkG/PRR0E7HpJZbLzdLNPBGN","l/p4UFFku+Hdc4lhWohNSEkCgYEAvtneAPJbDhgLZv5Cdt18v2zMP6gxXZlJ/Mfd","CQXKvD8AuljvmnQAG6RvzE238KeqVuDMTqwOE7hkFAmsOCLWbHQkU+s66lrGdvTW","AR/BJFeTzrXGW2oPI3S637ESIZNeauEh+OtTsIL/4EjUwVc6u5tSaS65RkxXatTz","Gex4330CgYBpZx2ZHQqE4weXpdkW+ywd1SymPjgPESFhtWs2KVKflLC6bEeWBJQW","QJMC37/agzFJoDZoeQtgbxrnae35QdkG35wX5wxRQbR430e+GBO8wS243WnvaiaZ","j6Wj0PrHCgF8OBLpraru6SAQziWj7y8FT6xxEEbOfyE/66fdH1Fn4Q==","-----END RSA PRIVATE KEY-----`;","var prvKey = KEYUTIL.getKey(sPKCS8PEM);","","var joseHeader = '{\"alg\":\"RS256\"}';","const iat = new Date().getTime() / 1000.0  | 0;","const exp = iat + (5 * 60)  | 0;","var payload = '{\"iss\": \"' + pm.environment.get(\"GITHUB_APP_ID\") + '\",\"exp\":' + exp + ',\"iat\":' + iat + '}';  ","console.log(\"payload: \" + JSON.stringify(payload));","var requestJwt = KJUR.jws.JWS.sign(\"RS256\", joseHeader, payload, prvKey);","","console.log(\"JWT: \" + requestJwt);","pm.environment.set(\"APP_JWT\", requestJwt);"],"type":"text/javascript"}}],"id":"02b8a376-1616-427a-95d8-823c5227f396","protocolProfileBehavior":{"disableBodyPruning":true},"request":{"auth":{"type":"noauth"},"method":"GET","header":[{"key":"Authorization","value":"Bearer {{APP_JWT}}","type":"text"},{"key":"User-Agent","value":"Jenkins-OPBK","type":"text","disabled":true},{"key":"Accept","value":"application/vnd.github+json","type":"text"}],"url":{"raw":"https://alm-github.systems.uk.hsbc/api/v3/app","protocol":"https","host":["alm-github","systems","uk","hsbc"],"path":["api","v3","app"]}},"response":[]},{"name":"Update App hook configuration","event":[{"listen":"test","script":{"id":"5143f285-0641-4227-a19f-6dbe3b63ad24","exec":[""],"type":"text/javascript"}},{"listen":"prerequest","script":{"id":"2b65ec7c-062e-4f12-909e-eca1782737e4","exec":["var navigator = {};","var window = {};","eval(pm.environment.get(\"module:jsrsasign\"));","var sPKCS8PEM = `-----BEGIN RSA PRIVATE KEY-----","MIIEpAIBAAKCAQEA56KSNONY/PNFlsJiCDqGdySbm4Mi2yjNM/6WlsPJH72Sh9i6","hOaW7J1w/LH+ZWn7ArkunTArAyoqtWXMxoKnQcBZOde7vV9S3kL7TAyZKdQz4GeG","ewG6XHKg4ExQ6lzE+Oz0JDRXPNdp7sXJ8/IYqf1hGVtkCYIHZbwRQVsGDyWFMcTf","QwpWiDSgZwFhjd5zdvydQff4wQNWH0Mj7OJaN/CJMeqpUE4IYYFz98rzqABgbEYZ","KZPIB5a/idaJv7bn7VEy8whNQ9MmKSCayxPYIDTGxyt8KO88D3T4tlxOZPlig0ym","IObJrhv/Jzk3Bg/WNP4EuB+z8yX0zks42cd1vwIDAQABAoIBAEru459qYLJLvJpd","vbrtu+w1EoXHcXI2i9OjK3IQWjMDb7C0ovo1YmOfNxr4NdT26PXjlDnTiEaY0IIo","MYuSXqs9n1+/84L6oGM4hfT/KllGxZV1yCJo17HqfzKwXYjDhBEHDp/bstEC2skc","gQ2Cpwnu5wd98inFP8FgirB60sX4/qpBXlh8McZE1RjcKr+cNwqOtPMvOZ4Kmh13","F40jLZpYGKaoAl15j80rE8DaBlkPy/ciLjRBQ689b5nkYUzZSDxaAt3A47BaadL9","5+kkErJr/yRgwcUtNOuTkULgpVcVQ7XLx62pSrsCzvx+/qD5eeQqZe714/m/tyCw","04vQYqkCgYEA/Ijt15GDK4CCJdJp4nJhkGOni7QlDSXbOs/55GJB/NA6NGvdKkRP","E86fI7SA1LeWVFsCXKIN4VTr3YedVIT1h/IO9xITq6Eol0md0RJsimGbNr4i7Yno","wXZi6TIqAcgLDB6ohKkXq0MUAiFktCd3SNs20OedeHyk7oy5VfFV+YMCgYEA6tA6","Vr/nFoVzMJnp42d5w4njAL8+jvO/YRDLxxdye744cDLgNxMYytWG4iDnI/YTXHBX","MnWuyZp3y70VMsBbbO4hXQb1UHcJ07H0nodgRN0Oc/Tkyhpbz6HLeQJqo1zFDk4j","wbiE0TUfUS5gvExRvAZG1To6A1fWZT6WghiDqhUCgYEA1jK+qm3+OFPUEIiczzn9","jx836cNu+ev2O7hUWWcOWYW1GOm0ujkeacqEKSDddZASrpJTOocqBsqlFU4GIL52","FE04bFCk5prXdxs2BTP/ZJDNum0j6x9ikVX9J5cpEkG/PRR0E7HpJZbLzdLNPBGN","l/p4UFFku+Hdc4lhWohNSEkCgYEAvtneAPJbDhgLZv5Cdt18v2zMP6gxXZlJ/Mfd","CQXKvD8AuljvmnQAG6RvzE238KeqVuDMTqwOE7hkFAmsOCLWbHQkU+s66lrGdvTW","AR/BJFeTzrXGW2oPI3S637ESIZNeauEh+OtTsIL/4EjUwVc6u5tSaS65RkxXatTz","Gex4330CgYBpZx2ZHQqE4weXpdkW+ywd1SymPjgPESFhtWs2KVKflLC6bEeWBJQW","QJMC37/agzFJoDZoeQtgbxrnae35QdkG35wX5wxRQbR430e+GBO8wS243WnvaiaZ","j6Wj0PrHCgF8OBLpraru6SAQziWj7y8FT6xxEEbOfyE/66fdH1Fn4Q==","-----END RSA PRIVATE KEY-----`;","var prvKey = KEYUTIL.getKey(sPKCS8PEM);","","var joseHeader = '{\"alg\":\"RS256\"}';","const iat = new Date().getTime() / 1000.0  | 0;","const exp = iat + (5 * 60)  | 0;","var payload = '{\"iss\": \"' + pm.environment.get(\"GITHUB_APP_ID\") + '\",\"exp\":' + exp + ',\"iat\":' + iat + '}';  ","console.log(\"payload: \" + JSON.stringify(payload));","var requestJwt = KJUR.jws.JWS.sign(\"RS256\", joseHeader, payload, prvKey);","","console.log(\"JWT: \" + requestJwt);","pm.environment.set(\"APP_JWT\", requestJwt);"],"type":"text/javascript"}}],"id":"56678890-d151-4b46-967a-59d2a18a4a4b","protocolProfileBehavior":{"disableBodyPruning":true},"request":{"auth":{"type":"noauth"},"method":"PATCH","header":[{"key":"Authorization","value":"Bearer {{APP_JWT}}","type":"text"},{"key":"User-Agent","value":"Jenkins-OPBK","type":"text","disabled":true},{"key":"Accept","value":"application/vnd.github+json","type":"text"}],"body":{"mode":"raw","raw":"{\n    \"content_type\": \"form\"\n}","options":{"raw":{"language":"json"}}},"url":{"raw":"https://alm-github.systems.uk.hsbc/api/v3/app/hook/config","protocol":"https","host":["alm-github","systems","uk","hsbc"],"path":["api","v3","app","hook","config"]}},"response":[]},{"name":"Get App hook configuration","event":[{"listen":"test","script":{"id":"e640fd4b-3a71-4e29-9f3a-d50e67826e27","exec":[""],"type":"text/javascript"}},{"listen":"prerequest","script":{"id":"8a292060-f47a-4225-9f9f-4e7a9061bfd2","exec":["var navigator = {};","var window = {};","eval(pm.environment.get(\"module:jsrsasign\"));","var sPKCS8PEM = `-----BEGIN RSA PRIVATE KEY-----","MIIEpAIBAAKCAQEA56KSNONY/PNFlsJiCDqGdySbm4Mi2yjNM/6WlsPJH72Sh9i6","hOaW7J1w/LH+ZWn7ArkunTArAyoqtWXMxoKnQcBZOde7vV9S3kL7TAyZKdQz4GeG","ewG6XHKg4ExQ6lzE+Oz0JDRXPNdp7sXJ8/IYqf1hGVtkCYIHZbwRQVsGDyWFMcTf","QwpWiDSgZwFhjd5zdvydQff4wQNWH0Mj7OJaN/CJMeqpUE4IYYFz98rzqABgbEYZ","KZPIB5a/idaJv7bn7VEy8whNQ9MmKSCayxPYIDTGxyt8KO88D3T4tlxOZPlig0ym","IObJrhv/Jzk3Bg/WNP4EuB+z8yX0zks42cd1vwIDAQABAoIBAEru459qYLJLvJpd","vbrtu+w1EoXHcXI2i9OjK3IQWjMDb7C0ovo1YmOfNxr4NdT26PXjlDnTiEaY0IIo","MYuSXqs9n1+/84L6oGM4hfT/KllGxZV1yCJo17HqfzKwXYjDhBEHDp/bstEC2skc","gQ2Cpwnu5wd98inFP8FgirB60sX4/qpBXlh8McZE1RjcKr+cNwqOtPMvOZ4Kmh13","F40jLZpYGKaoAl15j80rE8DaBlkPy/ciLjRBQ689b5nkYUzZSDxaAt3A47BaadL9","5+kkErJr/yRgwcUtNOuTkULgpVcVQ7XLx62pSrsCzvx+/qD5eeQqZe714/m/tyCw","04vQYqkCgYEA/Ijt15GDK4CCJdJp4nJhkGOni7QlDSXbOs/55GJB/NA6NGvdKkRP","E86fI7SA1LeWVFsCXKIN4VTr3YedVIT1h/IO9xITq6Eol0md0RJsimGbNr4i7Yno","wXZi6TIqAcgLDB6ohKkXq0MUAiFktCd3SNs20OedeHyk7oy5VfFV+YMCgYEA6tA6","Vr/nFoVzMJnp42d5w4njAL8+jvO/YRDLxxdye744cDLgNxMYytWG4iDnI/YTXHBX","MnWuyZp3y70VMsBbbO4hXQb1UHcJ07H0nodgRN0Oc/Tkyhpbz6HLeQJqo1zFDk4j","wbiE0TUfUS5gvExRvAZG1To6A1fWZT6WghiDqhUCgYEA1jK+qm3+OFPUEIiczzn9","jx836cNu+ev2O7hUWWcOWYW1GOm0ujkeacqEKSDddZASrpJTOocqBsqlFU4GIL52","FE04bFCk5prXdxs2BTP/ZJDNum0j6x9ikVX9J5cpEkG/PRR0E7HpJZbLzdLNPBGN","l/p4UFFku+Hdc4lhWohNSEkCgYEAvtneAPJbDhgLZv5Cdt18v2zMP6gxXZlJ/Mfd","CQXKvD8AuljvmnQAG6RvzE238KeqVuDMTqwOE7hkFAmsOCLWbHQkU+s66lrGdvTW","AR/BJFeTzrXGW2oPI3S637ESIZNeauEh+OtTsIL/4EjUwVc6u5tSaS65RkxXatTz","Gex4330CgYBpZx2ZHQqE4weXpdkW+ywd1SymPjgPESFhtWs2KVKflLC6bEeWBJQW","QJMC37/agzFJoDZoeQtgbxrnae35QdkG35wX5wxRQbR430e+GBO8wS243WnvaiaZ","j6Wj0PrHCgF8OBLpraru6SAQziWj7y8FT6xxEEbOfyE/66fdH1Fn4Q==","-----END RSA PRIVATE KEY-----`;","var prvKey = KEYUTIL.getKey(sPKCS8PEM);","","var joseHeader = '{\"alg\":\"RS256\"}';","const iat = new Date().getTime() / 1000.0  | 0;","const exp = iat + (5 * 60)  | 0;","var payload = '{\"iss\": \"' + pm.environment.get(\"GITHUB_APP_ID\") + '\",\"exp\":' + exp + ',\"iat\":' + iat + '}';  ","console.log(\"payload: \" + JSON.stringify(payload));","var requestJwt = KJUR.jws.JWS.sign(\"RS256\", joseHeader, payload, prvKey);","","console.log(\"JWT: \" + requestJwt);","pm.environment.set(\"APP_JWT\", requestJwt);"],"type":"text/javascript"}}],"id":"f210f1af-fdc3-4af6-bca5-821f5edd57d1","protocolProfileBehavior":{"disableBodyPruning":true},"request":{"auth":{"type":"noauth"},"method":"GET","header":[{"key":"Authorization","value":"Bearer {{APP_JWT}}","type":"text"},{"key":"User-Agent","value":"Jenkins-OPBK","type":"text","disabled":true},{"key":"Accept","value":"application/vnd.github+json","type":"text"}],"url":{"raw":"https://alm-github.systems.uk.hsbc/api/v3/app/hook/config","protocol":"https","host":["alm-github","systems","uk","hsbc"],"path":["api","v3","app","hook","config"]}},"response":[]}],"id":"c998dfb0-d00f-48ae-b1d0-3d363c21f03f"},{"name":"GithubRepositoryQuery","event":[{"listen":"test","script":{"exec":["var jsonData = JSON.parse(responseBody);","postman.setEnvironmentVariable(\"GITHUB_NODE_ID\", jsonData.node_id);",""],"type":"text/javascript","id":"7ab392b4-2cb7-484c-911e-6a35dbac059f"}}],"id":"d13370fe-f24f-4947-9b55-dabceed86b8e","protocolProfileBehavior":{"disableBodyPruning":true},"request":{"auth":{"type":"noauth"},"method":"GET","header":[{"key":"Authorization","value":"Bearer {{GITHUB_TOKEN}}","type":"text"},{"key":"User-Agent","value":"Jenkins-OPBK","type":"text"},{"key":"Accept","value":"application/vnd.github+json","type":"text"}],"url":{"raw":"https://alm-github.systems.uk.hsbc/api/v3/repos/{{GITHUB_ORG}}/{{GITHUB_REPO}}","protocol":"https","host":["alm-github","systems","uk","hsbc"],"path":["api","v3","repos","{{GITHUB_ORG}}","{{GITHUB_REPO}}"]}},"response":[]},{"name":"GithubProtectionRules","id":"ef373e85-0714-4ffc-baf1-bd67af1e08c4","protocolProfileBehavior":{"disableBodyPruning":true},"request":{"auth":{"type":"noauth"},"method":"POST","header":[{"key":"Content-Type","value":"application/json"},{"key":"Authorization","value":"Bearer {{GITHUB_TOKEN}}"}],"body":{"mode":"raw","raw":"{ \"query\" : \"mutation{ createBranchProtectionRule(input:{ repositoryId: \\\"{{GITHUB_NODE_ID}}\\\",requiresApprovingReviews: true, requiredApprovingReviewCount: 1 requiresStatusChecks: true requiredStatusCheckContexts: [\\\"Danger\\\",\\\"SDLC/QualityCheck/Danger/pr-merge\\\",\\\"OPBK-SonatypeIQ\\\",\\\"SonarQube Code Analysis\\\",\\\"ci/jenkins/build-status/pr-merge\\\",\\\"Task Complete Checker\\\"] isAdminEnforced: false pattern: \\\"{{RULE}}\\\", requiresCodeOwnerReviews: true, dismissesStaleReviews: true, requiresStrictStatusChecks: true, }) { branchProtectionRule{ pattern requiresApprovingReviews requiredApprovingReviewCount requiresCodeOwnerReviews requiredStatusCheckContexts  requiresStatusChecks dismissesStaleReviews requiresStrictStatusChecks} } }\"}\r\n\r\n\r\n","options":{"raw":{"language":"json"}}},"url":{"raw":"https://alm-github.systems.uk.hsbc/api/graphql","protocol":"https","host":["alm-github","systems","uk","hsbc"],"path":["api","graphql"]}},"response":[]}]}