{"info":{"_postman_id":"301c935b-4b09-435e-88ed-9abc5b98be28","name":"Registration Hub","schema":"https://schema.getpostman.com/json/collection/v2.1.0/collection.json"},"item":[{"name":"external organisation","item":[{"name":"staging","item":[{"name":"Approve external organisation","event":[{"listen":"prerequest","script":{"exec":[""],"type":"text/javascript","id":"9b97d851-0ffb-4a11-904d-2337ec3e0303"}}],"id":"511ba82b-0a8d-4e13-87e5-b3cc79697fab","protocolProfileBehavior":{"disableBodyPruning":true},"request":{"auth":{"type":"bearer","bearer":[{"key":"token","value":"{{cognito_token}}","type":"string"}]},"method":"PUT","header":[],"body":{"mode":"raw","raw":""},"url":{"raw":"https://{{api-gw-id}}.execute-api.eu-west-1.amazonaws.com/{{ENV_STAGE}}/external-organisations/:uuid/approve","protocol":"https","host":["{{api-gw-id}}","execute-api","eu-west-1","amazonaws","com"],"path":["{{ENV_STAGE}}","external-organisations",":uuid","approve"],"variable":[{"id":"fec02abc-71fb-487b-aacb-019f1bbf4255","key":"uuid","value":"08664a7e-f699-4817-a239-631dcaa55d28"}]}},"response":[]},{"name":"Acknowledge external organisation","event":[{"listen":"prerequest","script":{"exec":[""],"type":"text/javascript","id":"65c35bce-8f2e-4b7e-841c-50591579e233"}}],"id":"38b464ea-133f-4a35-9f01-1fbc003f0f6f","protocolProfileBehavior":{"disableBodyPruning":true},"request":{"auth":{"type":"bearer","bearer":[{"key":"token","value":"{{cognito_token}}","type":"string"}]},"method":"PUT","header":[],"body":{"mode":"raw","raw":""},"url":{"raw":"https://{{api-gw-id}}.execute-api.eu-west-1.amazonaws.com/{{ENV_STAGE}}/external-organisations/:uuid/acknowledge","protocol":"https","host":["{{api-gw-id}}","execute-api","eu-west-1","amazonaws","com"],"path":["{{ENV_STAGE}}","external-organisations",":uuid","acknowledge"],"variable":[{"id":"172bf547-3469-4b12-9ecf-7cbf345ba79e","key":"uuid","value":"08664a7e-f699-4817-a239-631dcaa55d28"}]}},"response":[]},{"name":"Abandon external organisation","event":[{"listen":"prerequest","script":{"exec":[""],"type":"text/javascript","id":"5642c8b7-21d1-4d85-9fdb-fcdfeb326864"}}],"id":"e865dadb-15fb-4590-a328-932cbc89d5ec","protocolProfileBehavior":{"disableBodyPruning":true},"request":{"auth":{"type":"bearer","bearer":[{"key":"token","value":"{{cognito_token}}","type":"string"}]},"method":"PUT","header":[],"body":{"mode":"raw","raw":""},"url":{"raw":"https://{{api-gw-id}}.execute-api.eu-west-1.amazonaws.com/{{ENV_STAGE}}/external-organisations/:uuid/abandon","protocol":"https","host":["{{api-gw-id}}","execute-api","eu-west-1","amazonaws","com"],"path":["{{ENV_STAGE}}","external-organisations",":uuid","abandon"],"variable":[{"id":"a2677ae4-5913-4f04-8900-11b5b060e51a","key":"uuid","value":"08664a7e-f699-4817-a239-631dcaa55d28"}]}},"response":[]},{"name":"Reject external organisation","event":[{"listen":"prerequest","script":{"exec":[""],"type":"text/javascript","id":"e25263e7-2650-479d-a560-ef60cc1ef80f"}}],"id":"721aed51-0425-4a9a-9254-0c01ae338d06","protocolProfileBehavior":{"disableBodyPruning":true},"request":{"auth":{"type":"bearer","bearer":[{"key":"token","value":"{{cognito_token}}","type":"string"}]},"method":"PUT","header":[],"body":{"mode":"raw","raw":""},"url":{"raw":"https://{{api-gw-id}}.execute-api.eu-west-1.amazonaws.com/{{ENV_STAGE}}/external-organisations/:uuid/reject","protocol":"https","host":["{{api-gw-id}}","execute-api","eu-west-1","amazonaws","com"],"path":["{{ENV_STAGE}}","external-organisations",":uuid","reject"],"variable":[{"id":"a7e3e7ff-7a58-424c-a8d0-daf59b7ec901","key":"uuid","value":"08664a7e-f699-4817-a239-631dcaa55d28"}]}},"response":[]},{"name":"Reactivate external organisation","event":[{"listen":"prerequest","script":{"exec":[""],"type":"text/javascript","id":"15432de4-ba1d-4c99-ae46-ff62ebbff614"}}],"id":"0dd6debc-aeaa-4eae-ba5d-288047c4f0ff","protocolProfileBehavior":{"disableBodyPruning":true},"request":{"auth":{"type":"bearer","bearer":[{"key":"token","value":"{{cognito_token}}","type":"string"}]},"method":"PUT","header":[],"body":{"mode":"raw","raw":""},"url":{"raw":"https://{{api-gw-id}}.execute-api.eu-west-1.amazonaws.com/{{ENV_STAGE}}/external-organisations/:uuid/reactivate","protocol":"https","host":["{{api-gw-id}}","execute-api","eu-west-1","amazonaws","com"],"path":["{{ENV_STAGE}}","external-organisations",":uuid","reactivate"],"variable":[{"id":"12460665-ca36-45f8-8d86-b581377ece05","key":"uuid","value":"08664a7e-f699-4817-a239-631dcaa55d28"}]}},"response":[]},{"name":"Suspend external organisation","event":[{"listen":"prerequest","script":{"exec":[""],"type":"text/javascript","id":"72dd71b4-c8f9-4ec0-8dbd-894d10cf260b"}}],"id":"f061bb23-cbcd-4fbc-ad7b-ad7b8f0a9254","protocolProfileBehavior":{"disableBodyPruning":true},"request":{"auth":{"type":"bearer","bearer":[{"key":"token","value":"{{cognito_token}}","type":"string"}]},"method":"PUT","header":[],"body":{"mode":"raw","raw":""},"url":{"raw":"https://{{api-gw-id}}.execute-api.eu-west-1.amazonaws.com/{{ENV_STAGE}}/external-organisations/:uuid/suspend","protocol":"https","host":["{{api-gw-id}}","execute-api","eu-west-1","amazonaws","com"],"path":["{{ENV_STAGE}}","external-organisations",":uuid","suspend"],"variable":[{"id":"dd222058-2821-4d32-a649-5a0130cfefdc","key":"uuid","value":"08664a7e-f699-4817-a239-631dcaa55d28"}]}},"response":[]},{"name":"Revoke external organisation","event":[{"listen":"prerequest","script":{"exec":[""],"type":"text/javascript","id":"196fc5a4-0efc-42f8-88ce-01f157be993e"}}],"id":"1dfdcc13-6ee2-4dfe-83d5-610b05007b9a","protocolProfileBehavior":{"disableBodyPruning":true},"request":{"auth":{"type":"bearer","bearer":[{"key":"token","value":"{{cognito_token}}","type":"string"}]},"method":"PUT","header":[],"body":{"mode":"raw","raw":""},"url":{"raw":"https://{{api-gw-id}}.execute-api.eu-west-1.amazonaws.com/{{ENV_STAGE}}/external-organisations/:uuid/revoke","protocol":"https","host":["{{api-gw-id}}","execute-api","eu-west-1","amazonaws","com"],"path":["{{ENV_STAGE}}","external-organisations",":uuid","revoke"],"variable":[{"id":"6ff1156b-4247-4cd6-98ce-7b510af04db7","key":"uuid","value":"08664a7e-f699-4817-a239-631dcaa55d28"}]}},"response":[]}],"id":"caa6c3a5-d80e-4dd5-91f6-c990d122db20"},{"name":"Get external organisations","event":[{"listen":"prerequest","script":{"exec":[""],"type":"text/javascript","id":"0ab253cc-7f02-4f75-b43f-d5e4025ae280"}}],"id":"72675fde-dfa7-409c-84f3-148fb4d71ade","protocolProfileBehavior":{"disableBodyPruning":true},"request":{"auth":{"type":"bearer","bearer":[{"key":"token","value":"{{cognito_token}}","type":"string"}]},"method":"GET","header":[],"url":{"raw":"https://{{api-gw-id}}.execute-api.eu-west-1.amazonaws.com/{{ENV_STAGE}}/external-organisations","protocol":"https","host":["{{api-gw-id}}","execute-api","eu-west-1","amazonaws","com"],"path":["{{ENV_STAGE}}","external-organisations"]}},"response":[]},{"name":"Save external organisation","event":[{"listen":"prerequest","script":{"exec":[""],"type":"text/javascript","id":"4d216ddd-a580-49ca-9a19-49988c9ef499"}}],"id":"d60df033-143f-4036-911c-24a5b38bf7cf","protocolProfileBehavior":{"disableBodyPruning":true},"request":{"auth":{"type":"bearer","bearer":[{"key":"token","value":"{{cognito_token}}","type":"string"}]},"method":"POST","header":[{"key":"Content-Type","name":"Content-Type","value":"application/json","type":"text"}],"body":{"mode":"raw","raw":"{\n\t\"orgName\": \"HSBC M&S\",\n    \"orgId\" : \"321\",\n    \"orgCode\": \"someOrgCode\",\n    \"standardUuid\": \"88d776e3-b529-11ea-b3ce-061f768b0164\",\n   \t\"justification\": \"Because I can\"\n}"},"url":{"raw":"https://{{api-gw-id}}.execute-api.eu-west-1.amazonaws.com/{{ENV_STAGE}}/external-organisations","protocol":"https","host":["{{api-gw-id}}","execute-api","eu-west-1","amazonaws","com"],"path":["{{ENV_STAGE}}","external-organisations"]}},"response":[]},{"name":"Get external organisation by UUID","event":[{"listen":"prerequest","script":{"exec":[""],"type":"text/javascript","id":"696d40bf-1497-4b20-a907-8117a16bce09"}}],"id":"768c39ac-f8f0-4475-8089-0b572d1c3aff","protocolProfileBehavior":{"disableBodyPruning":true},"request":{"auth":{"type":"bearer","bearer":[{"key":"token","value":"{{cognito_token}}","type":"string"}]},"method":"GET","header":[],"url":{"raw":"https://{{api-gw-id}}.execute-api.eu-west-1.amazonaws.com/{{ENV_STAGE}}/external-organisations/:uuid","protocol":"https","host":["{{api-gw-id}}","execute-api","eu-west-1","amazonaws","com"],"path":["{{ENV_STAGE}}","external-organisations",":uuid"],"variable":[{"id":"cf6887b6-3bd5-4160-9510-4ebedf7bd5f3","key":"uuid","value":"678bac56-79a2-4b22-9ccf-1af7654fda66"}]}},"response":[]},{"name":"Update external organisation","id":"b93f647d-d31e-4a7d-ae9d-5da9edd09ec4","protocolProfileBehavior":{"disableBodyPruning":true},"request":{"auth":{"type":"bearer","bearer":[{"key":"token","value":"{{cognito_token}}","type":"string"}]},"method":"PUT","header":[{"key":"Content-Type","name":"Content-Type","value":"application/json","type":"text"}],"body":{"mode":"raw","raw":"{\n\t\"orgName\": \"Trolo Name\",\n\t\"orgId\" : \"321\", \n\t\"orgCode\": \"someOrgCode\",\n\t\"standardUuid\": \"88d776e3-b529-11ea-b3ce-061f768b0164\"\n}"},"url":{"raw":"https://{{api-gw-id}}.execute-api.eu-west-1.amazonaws.com/{{ENV_STAGE}}/external-organisations/:uuid","protocol":"https","host":["{{api-gw-id}}","execute-api","eu-west-1","amazonaws","com"],"path":["{{ENV_STAGE}}","external-organisations",":uuid"],"variable":[{"id":"408cdcba-b27f-4bcf-ad21-042801124013","key":"uuid","value":"08664a7e-f699-4817-a239-631dcaa55d28"}]}},"response":[]}],"id":"c264089e-5d5a-4422-8d11-b36b364190bb"},{"name":"registration template","item":[{"name":"staging","item":[{"name":"Suspend registration template","event":[{"listen":"prerequest","script":{"exec":[""],"type":"text/javascript","id":"8cd587ae-882e-44d4-a6f5-4617888ffd64"}}],"id":"f5585ded-d197-4951-9261-08290e6ba862","protocolProfileBehavior":{"disableBodyPruning":true},"request":{"auth":{"type":"bearer","bearer":[{"key":"token","value":"{{cognito_token}}","type":"string"}]},"method":"PUT","header":[{"key":"Content-Type","name":"Content-Type","type":"text","value":"application/json"}],"body":{"mode":"raw","raw":""},"url":{"raw":"https://{{api-gw-id}}.execute-api.eu-west-1.amazonaws.com/{{ENV_STAGE}}/registration-templates/:uuid/suspend","protocol":"https","host":["{{api-gw-id}}","execute-api","eu-west-1","amazonaws","com"],"path":["{{ENV_STAGE}}","registration-templates",":uuid","suspend"],"variable":[{"id":"cd5205f6-49da-4cde-aae3-71fa05056819","key":"uuid","value":"a2bb93c9-5ee3-42be-b0d5-9adba98de443"}]}},"response":[]},{"name":"Reject awaiting request for registration template","event":[{"listen":"prerequest","script":{"exec":[""],"type":"text/javascript","id":"c683981a-6649-4605-a61f-ca8b0f5e85d7"}}],"id":"c9b52788-b44a-4184-854f-948bdd657c9b","protocolProfileBehavior":{"disableBodyPruning":true},"request":{"auth":{"type":"bearer","bearer":[{"key":"token","value":"{{cognito_token}}","type":"string"}]},"method":"PUT","header":[{"key":"Content-Type","name":"Content-Type","type":"text","value":"application/json"}],"body":{"mode":"raw","raw":""},"url":{"raw":"https://{{api-gw-id}}.execute-api.eu-west-1.amazonaws.com/{{ENV_STAGE}}/registration-templates/:uuid/reject","protocol":"https","host":["{{api-gw-id}}","execute-api","eu-west-1","amazonaws","com"],"path":["{{ENV_STAGE}}","registration-templates",":uuid","reject"],"variable":[{"id":"927b2234-0db8-401c-94aa-43828242a29a","key":"uuid","value":"a2bb93c9-5ee3-42be-b0d5-9adba98de443"}]}},"response":[]},{"name":"Reactivate suspended registration template","event":[{"listen":"prerequest","script":{"exec":[""],"type":"text/javascript","id":"0acd9df4-caa8-4e79-90ea-c7f25bc75382"}}],"id":"aad10dc0-8b3a-4d0d-a5d8-b7e133b69dfd","protocolProfileBehavior":{"disableBodyPruning":true},"request":{"auth":{"type":"bearer","bearer":[{"key":"token","value":"{{cognito_token}}","type":"string"}]},"method":"PUT","header":[{"key":"Content-Type","name":"Content-Type","type":"text","value":"application/json"}],"body":{"mode":"raw","raw":""},"url":{"raw":"https://{{api-gw-id}}.execute-api.eu-west-1.amazonaws.com/{{ENV_STAGE}}/registration-templates/:uuid/reactivate","protocol":"https","host":["{{api-gw-id}}","execute-api","eu-west-1","amazonaws","com"],"path":["{{ENV_STAGE}}","registration-templates",":uuid","reactivate"],"variable":[{"id":"d9da1b06-5dc3-475f-a547-ace97561178f","key":"uuid","value":"a2bb93c9-5ee3-42be-b0d5-9adba98de443"}]}},"response":[]},{"name":"Acknowledge rejected request for registration template","event":[{"listen":"prerequest","script":{"exec":[""],"type":"text/javascript","id":"51ba186e-c988-482d-9009-8691da65fd25"}}],"id":"0f77e376-cba0-4d27-8fe5-041d35f736fe","protocolProfileBehavior":{"disableBodyPruning":true},"request":{"auth":{"type":"bearer","bearer":[{"key":"token","value":"{{cognito_token}}","type":"string"}]},"method":"PUT","header":[{"key":"Content-Type","name":"Content-Type","type":"text","value":"application/json"}],"body":{"mode":"raw","raw":""},"url":{"raw":"https://{{api-gw-id}}.execute-api.eu-west-1.amazonaws.com/{{ENV_STAGE}}/registration-templates/:uuid/acknowledge","protocol":"https","host":["{{api-gw-id}}","execute-api","eu-west-1","amazonaws","com"],"path":["{{ENV_STAGE}}","registration-templates",":uuid","acknowledge"],"variable":[{"id":"c475a5b8-af7f-441e-abf5-825dc2a3cda9","key":"uuid","value":"a2bb93c9-5ee3-42be-b0d5-9adba98de443"}]}},"response":[]},{"name":"Revoke suspended registration template","event":[{"listen":"prerequest","script":{"exec":[""],"type":"text/javascript","id":"22ca1aef-0074-45b7-aade-bfd38c52d9cd"}}],"id":"51c1052c-bae9-4fa1-9fc1-755604fb7fa8","protocolProfileBehavior":{"disableBodyPruning":true},"request":{"auth":{"type":"bearer","bearer":[{"key":"token","value":"{{cognito_token}}","type":"string"}]},"method":"PUT","header":[{"key":"Content-Type","name":"Content-Type","type":"text","value":"application/json"}],"body":{"mode":"raw","raw":""},"url":{"raw":"https://{{api-gw-id}}.execute-api.eu-west-1.amazonaws.com/{{ENV_STAGE}}/registration-templates/:uuid/revoke","protocol":"https","host":["{{api-gw-id}}","execute-api","eu-west-1","amazonaws","com"],"path":["{{ENV_STAGE}}","registration-templates",":uuid","revoke"],"variable":[{"id":"aaf9880c-6d3a-4fbe-8d79-eba208740a35","key":"uuid","value":"a2bb93c9-5ee3-42be-b0d5-9adba98de443"}]}},"response":[]},{"name":"Abandon rejected request for registration template","event":[{"listen":"prerequest","script":{"exec":[""],"type":"text/javascript","id":"c5b4391a-2327-46f0-8a36-94a176afb559"}}],"id":"b6e04d96-ab51-45b4-9c48-342bcbd0a408","protocolProfileBehavior":{"disableBodyPruning":true},"request":{"auth":{"type":"bearer","bearer":[{"key":"token","value":"{{cognito_token}}","type":"string"}]},"method":"PUT","header":[{"key":"Content-Type","name":"Content-Type","type":"text","value":"application/json"}],"body":{"mode":"raw","raw":""},"url":{"raw":"https://{{api-gw-id}}.execute-api.eu-west-1.amazonaws.com/{{ENV_STAGE}}/registration-templates/:uuid/abandon","protocol":"https","host":["{{api-gw-id}}","execute-api","eu-west-1","amazonaws","com"],"path":["{{ENV_STAGE}}","registration-templates",":uuid","abandon"],"variable":[{"id":"03de1ca4-1159-4dd2-b816-b774674e2cc3","key":"uuid","value":"a2bb93c9-5ee3-42be-b0d5-9adba98de443"}]}},"response":[]},{"name":"Approve awaiting request for registration template","event":[{"listen":"prerequest","script":{"exec":[""],"type":"text/javascript","id":"85e332c9-df41-433a-817c-74014840f378"}}],"id":"2c363cf8-14df-439e-a18c-2ee880ffb85e","protocolProfileBehavior":{"disableBodyPruning":true},"request":{"auth":{"type":"bearer","bearer":[{"key":"token","value":"{{cognito_token}}","type":"string"}]},"method":"PUT","header":[{"key":"Content-Type","name":"Content-Type","type":"text","value":"application/json"}],"body":{"mode":"raw","raw":""},"url":{"raw":"https://{{api-gw-id}}.execute-api.eu-west-1.amazonaws.com/{{ENV_STAGE}}/registration-templates/:uuid/approve","protocol":"https","host":["{{api-gw-id}}","execute-api","eu-west-1","amazonaws","com"],"path":["{{ENV_STAGE}}","registration-templates",":uuid","approve"],"variable":[{"id":"3f31cab4-00a9-4319-9bad-8528737b2da3","key":"uuid","value":"a2bb93c9-5ee3-42be-b0d5-9adba98de443"}]}},"response":[]},{"name":"Resubmit registration template to new awaiting approval","event":[{"listen":"prerequest","script":{"exec":[""],"type":"text/javascript","id":"ac91b217-c37b-4f77-b6cb-12aac5f819d8"}}],"id":"4eb0177a-d324-4790-a144-a621738ce98f","protocolProfileBehavior":{"disableBodyPruning":true},"request":{"auth":{"type":"bearer","bearer":[{"key":"token","value":"{{cognito_token}}","type":"string"}]},"method":"PUT","header":[{"key":"Content-Type","name":"Content-Type","type":"text","value":"application/json"}],"body":{"mode":"raw","raw":"{\r\n\t\"aud\": \"https://hsbctest.io\",\r\n\t\"certificateTypesPair\": \"obwac&obseal\",\r\n\t\"tokenEndpointAuthMethod\": \"private_key_jwt\",\r\n\t\"tokenEndpointAuthSigningAlg\": \"RS256\",\r\n\t\"idTokenSignedResponseAlg\": \"PS256\",\r\n\t\"requestObjectSigningAlg\": \"PS256\",\r\n\t\"grantTypes\": [\"authorization_code\"],\r\n\t\"responseTypes\": [\"code\", \"code id_token\"]\r\n}\r\n"},"url":{"raw":"https://{{api-gw-id}}.execute-api.eu-west-1.amazonaws.com/{{ENV_STAGE}}/registration-templates/:uuid","protocol":"https","host":["{{api-gw-id}}","execute-api","eu-west-1","amazonaws","com"],"path":["{{ENV_STAGE}}","registration-templates",":uuid"],"variable":[{"id":"405a6446-5519-46f2-a283-18f070a6f677","key":"uuid","value":"c4966e6e-ace0-4fed-b08c-529328834527"}]}},"response":[]}],"id":"b7fcd575-bff4-466b-b1ab-1f95de3b519f"},{"name":"Get registration templates","event":[{"listen":"prerequest","script":{"exec":[""],"type":"text/javascript","id":"19a96345-9f62-4bcc-a276-a852e7a5ed6d"}}],"id":"e2fc7eb6-89c6-47f2-a7cb-2241aec71b2a","protocolProfileBehavior":{"disableBodyPruning":true},"request":{"auth":{"type":"bearer","bearer":[{"key":"token","value":"{{cognito_token}}","type":"string"}]},"method":"GET","header":[],"url":{"raw":"https://{{api-gw-id}}.execute-api.eu-west-1.amazonaws.com/{{ENV_STAGE}}/registration-templates","protocol":"https","host":["{{api-gw-id}}","execute-api","eu-west-1","amazonaws","com"],"path":["{{ENV_STAGE}}","registration-templates"],"query":[{"key":"status","value":"ACTIVE","disabled":true}]}},"response":[]},{"name":"Get data for step 1 registration template creation","event":[{"listen":"prerequest","script":{"exec":[""],"type":"text/javascript","id":"4fa79c91-cfef-4768-aae0-951a0953218c"}}],"id":"31b547e6-d4ca-4ff9-9107-3c50baaf70dd","protocolProfileBehavior":{"disableBodyPruning":true},"request":{"auth":{"type":"bearer","bearer":[{"key":"token","value":"{{cognito_token}}","type":"string"}]},"method":"GET","header":[],"url":{"raw":"https://{{api-gw-id}}.execute-api.eu-west-1.amazonaws.com/{{ENV_STAGE}}/registration-templates/step-1","protocol":"https","host":["{{api-gw-id}}","execute-api","eu-west-1","amazonaws","com"],"path":["{{ENV_STAGE}}","registration-templates","step-1"],"query":[{"key":"status","value":"ACTIVE","disabled":true}]}},"response":[]},{"name":"Save registration template","event":[{"listen":"prerequest","script":{"exec":[""],"type":"text/javascript","id":"534a1c52-e0c7-4de5-bb33-5cbc27d91131"}}],"id":"e05c8078-5c15-4b98-b462-2554d56dfdf3","protocolProfileBehavior":{"disableBodyPruning":true},"request":{"auth":{"type":"bearer","bearer":[{"key":"token","value":"{{cognito_token}}","type":"string"}]},"method":"POST","header":[{"key":"Content-Type","name":"Content-Type","type":"text","value":"application/json"}],"body":{"mode":"raw","raw":"{\r\n\t\"externalOrgUuid\": \"19211a70-afc9-4064-907c-666d328246ba\",\r\n\t\"templateName\" : \"test-template\",\r\n\t\"aud\": \"https://ob.ulsterni.useinfinite.io\",\r\n\t\"certificateTypesPair\": \"obwac&obseal\",\r\n\t\"wellKnownEndpointUrl\": \"https://yhmm2gezh0.execute-api.eu-west-1.amazonaws.com/{{ENV_STAGE}}/aspsp-wkep-stub/.well-known/rbs\",\r\n\t\"tokenEndpointAuthMethod\": \"private_key_jwt\",\r\n\t\"tokenEndpointAuthSigningAlg\": \"RS256\",\r\n\t\"idTokenSignedResponseAlg\": \"PS256\",\r\n\t\"requestObjectSigningAlg\": \"PS256\",\r\n\t\"grantTypes\": [\"authorization_code\"],\r\n\t\"responseTypes\": [\"code\", \"code id_token\"],\r\n\t\"dcrVersionUuid\": \"581ba9f9-aeef-11ea-b3ce-061f768b0164\",\r\n    \"justification\": \"Because I can\"\r\n}\r\n"},"url":{"raw":"https://{{api-gw-id}}.execute-api.eu-west-1.amazonaws.com/{{ENV_STAGE}}/registration-templates","protocol":"https","host":["{{api-gw-id}}","execute-api","eu-west-1","amazonaws","com"],"path":["{{ENV_STAGE}}","registration-templates"]}},"response":[]},{"name":"Get registration template by UUID","event":[{"listen":"prerequest","script":{"exec":[""],"type":"text/javascript","id":"a44bed59-c298-4ff7-8b39-eb60bd60a67a"}}],"id":"c8e6c19f-aa0a-49e8-b331-656ce74a47bf","protocolProfileBehavior":{"disableBodyPruning":true},"request":{"auth":{"type":"bearer","bearer":[{"key":"token","value":"{{cognito_token}}","type":"string"}]},"method":"GET","header":[],"url":{"raw":"https://{{api-gw-id}}.execute-api.eu-west-1.amazonaws.com/{{ENV_STAGE}}/registration-templates/:uuid","protocol":"https","host":["{{api-gw-id}}","execute-api","eu-west-1","amazonaws","com"],"path":["{{ENV_STAGE}}","registration-templates",":uuid"],"variable":[{"id":"676e9258-a38b-4e5b-b9b3-a70c074c01ac","key":"uuid","value":"3b4b9acb-13d7-4255-b323-be575e749413"}]}},"response":[]}],"id":"719d74c0-098b-4e93-b9ec-9ee952af68e0"},{"name":"application zone","item":[{"name":"Get application zones","event":[{"listen":"prerequest","script":{"exec":[""],"type":"text/javascript","id":"993fda08-68ab-4f59-9d47-f6884f88d63f"}}],"id":"4cf1ca46-baa6-4502-901a-c6efdb83d949","protocolProfileBehavior":{"disableBodyPruning":true},"request":{"auth":{"type":"bearer","bearer":[{"key":"token","value":"{{cognito_token}}","type":"string"}]},"method":"GET","header":[],"url":{"raw":"https://{{api-gw-id}}.execute-api.eu-west-1.amazonaws.com/{{ENV_STAGE}}/application-zones","protocol":"https","host":["{{api-gw-id}}","execute-api","eu-west-1","amazonaws","com"],"path":["{{ENV_STAGE}}","application-zones"]}},"response":[]},{"name":"Save application zone","event":[{"listen":"prerequest","script":{"exec":[""],"type":"text/javascript","id":"f0fb164a-20fc-4ea7-aa3c-ba43a12892d8"}}],"id":"e213c06a-c081-429f-b8a2-3691f850dca4","protocolProfileBehavior":{"disableBodyPruning":true},"request":{"auth":{"type":"bearer","bearer":[{"key":"token","value":"{{cognito_token}}","type":"string"}]},"method":"POST","header":[{"key":"Content-Type","name":"Content-Type","value":"application/json","type":"text"}],"body":{"mode":"raw","raw":"{\r\n  \"applicationZoneName\": \"M&S zone\",\r\n  \"adfsMakerGroupName\": \"M&SMaker\",\r\n  \"adfsCheckerGroupName\": \"M&SChecker\",\r\n  \"workflowData\": {\r\n    \"justification\": \"Because I can\"\r\n  }\r\n}\r\n"},"url":{"raw":"https://{{api-gw-id}}.execute-api.eu-west-1.amazonaws.com/{{ENV_STAGE}}/application-zones","protocol":"https","host":["{{api-gw-id}}","execute-api","eu-west-1","amazonaws","com"],"path":["{{ENV_STAGE}}","application-zones"]}},"response":[]},{"name":"Get application zone by UUID","event":[{"listen":"prerequest","script":{"exec":[""],"type":"text/javascript","id":"45368e6b-40f3-45d9-a360-607b1a5ac6c0"}}],"id":"5e732dd1-799d-4e0d-8ca4-6a86e6119508","protocolProfileBehavior":{"disableBodyPruning":true},"request":{"auth":{"type":"bearer","bearer":[{"key":"token","value":"{{cognito_token}}","type":"string"}]},"method":"GET","header":[],"url":{"raw":"https://{{api-gw-id}}.execute-api.eu-west-1.amazonaws.com/{{ENV_STAGE}}/application-zones/:uuid","protocol":"https","host":["{{api-gw-id}}","execute-api","eu-west-1","amazonaws","com"],"path":["{{ENV_STAGE}}","application-zones",":uuid"],"variable":[{"id":"9611a5e6-7840-4219-9d83-8a737986eaf3","key":"uuid","value":"58005234-fa55-4a68-b4f9-846e26bc68bf"}]}},"response":[]}],"id":"b79c98ba-2293-4d3e-bdba-2d9e4ee427ff"},{"name":"application","item":[{"name":"staging","item":[{"name":"Suspend application","event":[{"listen":"prerequest","script":{"exec":[""],"type":"text/javascript","id":"a65994c5-5944-41ef-87e5-a1dc05cc900b"}}],"id":"7a1355c4-3bad-4fbe-8e5b-22e7e6b1ee6f","protocolProfileBehavior":{"disableBodyPruning":true},"request":{"auth":{"type":"bearer","bearer":[{"key":"token","value":"{{cognito_token}}","type":"string"}]},"method":"PUT","header":[{"key":"Content-Type","name":"Content-Type","type":"text","value":"application/json"}],"body":{"mode":"raw","raw":"{\r\n\t\"name\": \"new app name\",\r\n\t\"applicationType\": \"WEB\",\r\n\t\"redirectUris\": [\"http://localhost/qwe\", \"http://localhost/asd\"],\r\n\t\"clientUri\": \"http://localhost/qwe\",\r\n\t\"logoUri\": \"http://localhost/qwe\",\r\n\t\"termsOfServiceUri\": \"http://localhost/qwe\",\r\n\t\"policyUri\": \"http://localhost/qwe\",\r\n\t\"version\": \"1\",\r\n\t\"description\": \"my app\" \r\n}"},"url":{"raw":"https://{{api-gw-id}}.execute-api.eu-west-1.amazonaws.com/{{ENV_STAGE}}/applications/:uuid/suspend","protocol":"https","host":["{{api-gw-id}}","execute-api","eu-west-1","amazonaws","com"],"path":["{{ENV_STAGE}}","applications",":uuid","suspend"],"variable":[{"id":"40db52be-7401-49b9-805d-d3f8d025ef3d","key":"uuid","value":"be3072bb-a5ad-4660-b3b9-16195a5d178a"}]}},"response":[]},{"name":"Reject application","event":[{"listen":"prerequest","script":{"exec":[""],"type":"text/javascript","id":"d584b693-d947-4db1-91e0-eca1ad4fcdb4"}}],"id":"fa46ba73-3a38-45bc-8869-707adff65f14","protocolProfileBehavior":{"disableBodyPruning":true},"request":{"auth":{"type":"bearer","bearer":[{"key":"token","value":"{{cognito_token}}","type":"string"}]},"method":"PUT","header":[{"key":"Content-Type","name":"Content-Type","type":"text","value":"application/json"}],"body":{"mode":"raw","raw":"{\r\n\t\"name\": \"new app name\",\r\n\t\"applicationType\": \"WEB\",\r\n\t\"redirectUris\": [\"http://localhost/qwe\", \"http://localhost/asd\"],\r\n\t\"clientUri\": \"http://localhost/qwe\",\r\n\t\"logoUri\": \"http://localhost/qwe\",\r\n\t\"termsOfServiceUri\": \"http://localhost/qwe\",\r\n\t\"policyUri\": \"http://localhost/qwe\",\r\n\t\"version\": \"1\",\r\n\t\"description\": \"my app\" \r\n}"},"url":{"raw":"https://{{api-gw-id}}.execute-api.eu-west-1.amazonaws.com/{{ENV_STAGE}}/applications/:uuid/reject","protocol":"https","host":["{{api-gw-id}}","execute-api","eu-west-1","amazonaws","com"],"path":["{{ENV_STAGE}}","applications",":uuid","reject"],"variable":[{"id":"f5cb8287-284f-4b26-b927-a7a1dc5419d3","key":"uuid","value":"be3072bb-a5ad-4660-b3b9-16195a5d178a"}]}},"response":[]},{"name":"Acknowledge application","event":[{"listen":"prerequest","script":{"exec":[""],"type":"text/javascript","id":"507dd832-0922-4136-b4e1-bf8d4ddefcce"}}],"id":"0bb3c155-6644-44d7-8252-8c3cf7bdbb34","protocolProfileBehavior":{"disableBodyPruning":true},"request":{"auth":{"type":"bearer","bearer":[{"key":"token","value":"{{cognito_token}}","type":"string"}]},"method":"PUT","header":[{"key":"Content-Type","name":"Content-Type","type":"text","value":"application/json"}],"body":{"mode":"raw","raw":"{\r\n\t\"name\": \"new app name\",\r\n\t\"applicationType\": \"WEB\",\r\n\t\"redirectUris\": [\"http://localhost/qwe\", \"http://localhost/asd\"],\r\n\t\"clientUri\": \"http://localhost/qwe\",\r\n\t\"logoUri\": \"http://localhost/qwe\",\r\n\t\"termsOfServiceUri\": \"http://localhost/qwe\",\r\n\t\"policyUri\": \"http://localhost/qwe\",\r\n\t\"version\": \"1\",\r\n\t\"description\": \"my app\" \r\n}"},"url":{"raw":"https://{{api-gw-id}}.execute-api.eu-west-1.amazonaws.com/{{ENV_STAGE}}/applications/:uuid/acknowledge","protocol":"https","host":["{{api-gw-id}}","execute-api","eu-west-1","amazonaws","com"],"path":["{{ENV_STAGE}}","applications",":uuid","acknowledge"],"variable":[{"id":"a6f82c48-c9e7-45bf-b143-ecfa47fa5234","key":"uuid","value":"be3072bb-a5ad-4660-b3b9-16195a5d178a"}]}},"response":[]},{"name":"Reactivate application","event":[{"listen":"prerequest","script":{"exec":[""],"type":"text/javascript","id":"9e9aa832-ffd7-43c9-bcdb-b03d8846d07f"}}],"id":"e21555eb-a854-409d-a3f8-c1a442ef7dcf","protocolProfileBehavior":{"disableBodyPruning":true},"request":{"auth":{"type":"bearer","bearer":[{"key":"token","value":"{{cognito_token}}","type":"string"}]},"method":"PUT","header":[{"key":"Content-Type","name":"Content-Type","type":"text","value":"application/json"}],"body":{"mode":"raw","raw":"{\r\n\t\"name\": \"new app name\",\r\n\t\"applicationType\": \"WEB\",\r\n\t\"redirectUris\": [\"http://localhost/qwe\", \"http://localhost/asd\"],\r\n\t\"clientUri\": \"http://localhost/qwe\",\r\n\t\"logoUri\": \"http://localhost/qwe\",\r\n\t\"termsOfServiceUri\": \"http://localhost/qwe\",\r\n\t\"policyUri\": \"http://localhost/qwe\",\r\n\t\"version\": \"1\",\r\n\t\"description\": \"my app\" \r\n}"},"url":{"raw":"https://{{api-gw-id}}.execute-api.eu-west-1.amazonaws.com/{{ENV_STAGE}}/applications/:uuid/reactivate","protocol":"https","host":["{{api-gw-id}}","execute-api","eu-west-1","amazonaws","com"],"path":["{{ENV_STAGE}}","applications",":uuid","reactivate"],"variable":[{"id":"8f10db10-792f-4a84-981c-2a5f1ac820e8","key":"uuid","value":"be3072bb-a5ad-4660-b3b9-16195a5d178a"}]}},"response":[]},{"name":"Approve application","event":[{"listen":"prerequest","script":{"exec":[""],"type":"text/javascript","id":"5449f08e-7052-4182-84af-b8161c6d9174"}}],"id":"ee50d659-4247-4b4d-9716-e5b7cdf7b316","protocolProfileBehavior":{"disableBodyPruning":true},"request":{"auth":{"type":"bearer","bearer":[{"key":"token","value":"{{cognito_token}}","type":"string"}]},"method":"PUT","header":[{"key":"Content-Type","name":"Content-Type","type":"text","value":"application/json"}],"body":{"mode":"raw","raw":"{\r\n\t\"name\": \"new app name\",\r\n\t\"applicationType\": \"WEB\",\r\n\t\"redirectUris\": [\"http://localhost/qwe\", \"http://localhost/asd\"],\r\n\t\"clientUri\": \"http://localhost/qwe\",\r\n\t\"logoUri\": \"http://localhost/qwe\",\r\n\t\"termsOfServiceUri\": \"http://localhost/qwe\",\r\n\t\"policyUri\": \"http://localhost/qwe\",\r\n\t\"version\": \"1\",\r\n\t\"description\": \"my app\" \r\n}"},"url":{"raw":"https://{{api-gw-id}}.execute-api.eu-west-1.amazonaws.com/{{ENV_STAGE}}/applications/:uuid/approve","protocol":"https","host":["{{api-gw-id}}","execute-api","eu-west-1","amazonaws","com"],"path":["{{ENV_STAGE}}","applications",":uuid","approve"],"variable":[{"id":"5cd3c42f-380a-44ee-95b8-f613c8acea54","key":"uuid","value":"be3072bb-a5ad-4660-b3b9-16195a5d178a"}]}},"response":[]},{"name":"Revoke application","event":[{"listen":"prerequest","script":{"exec":[""],"type":"text/javascript","id":"f78bcd1c-885a-4c0f-9bc4-93e8cc88f4b6"}}],"id":"f5e43313-7767-4ab7-8343-2c8bae1f0d15","protocolProfileBehavior":{"disableBodyPruning":true},"request":{"auth":{"type":"bearer","bearer":[{"key":"token","value":"{{cognito_token}}","type":"string"}]},"method":"PUT","header":[{"key":"Content-Type","name":"Content-Type","type":"text","value":"application/json"}],"body":{"mode":"raw","raw":"{\r\n\t\"name\": \"new app name\",\r\n\t\"applicationType\": \"WEB\",\r\n\t\"redirectUris\": [\"http://localhost/qwe\", \"http://localhost/asd\"],\r\n\t\"clientUri\": \"http://localhost/qwe\",\r\n\t\"logoUri\": \"http://localhost/qwe\",\r\n\t\"termsOfServiceUri\": \"http://localhost/qwe\",\r\n\t\"policyUri\": \"http://localhost/qwe\",\r\n\t\"version\": \"1\",\r\n\t\"description\": \"my app\" \r\n}"},"url":{"raw":"https://{{api-gw-id}}.execute-api.eu-west-1.amazonaws.com/{{ENV_STAGE}}/applications/:uuid/revoke","protocol":"https","host":["{{api-gw-id}}","execute-api","eu-west-1","amazonaws","com"],"path":["{{ENV_STAGE}}","applications",":uuid","revoke"],"variable":[{"id":"604c2120-d4bb-4ba7-b2fb-b09879ee44ed","key":"uuid","value":"be3072bb-a5ad-4660-b3b9-16195a5d178a"}]}},"response":[]}],"id":"e469e387-d54c-46a1-9ac3-7271cc9144d2"},{"name":"Get applications","id":"f55aae97-cfc5-4d78-a37a-b4715f72ac46","protocolProfileBehavior":{"disableBodyPruning":true},"request":{"auth":{"type":"noauth"},"method":"GET","header":[],"url":{"raw":"https://{{api-gw-id}}.execute-api.eu-west-1.amazonaws.com/{{ENV_STAGE}}/applications","protocol":"https","host":["{{api-gw-id}}","execute-api","eu-west-1","amazonaws","com"],"path":["{{ENV_STAGE}}","applications"]}},"response":[]},{"name":"Get application by UUID","event":[{"listen":"prerequest","script":{"exec":[""],"type":"text/javascript","id":"60019973-e8bc-4f83-831a-0e0437f5d6a3"}}],"id":"f412cbb5-d3ea-4ca0-b8c3-bc43a137c198","protocolProfileBehavior":{"disableBodyPruning":true},"request":{"auth":{"type":"bearer","bearer":[{"key":"token","value":"{{cognito_token}}","type":"string"}]},"method":"GET","header":[],"url":{"raw":"https://{{api-gw-id}}.execute-api.eu-west-1.amazonaws.com/{{ENV_STAGE}}/applications/:uuid","protocol":"https","host":["{{api-gw-id}}","execute-api","eu-west-1","amazonaws","com"],"path":["{{ENV_STAGE}}","applications",":uuid"],"variable":[{"id":"a7f5b4b5-e3b9-4bc5-a8ee-240410455520","key":"uuid","value":"9b8d51a0-0aaa-480b-994a-23c2e0719e2b"}]}},"response":[]},{"name":"Get application registrations","id":"0d2d6004-65ba-4018-8d05-5147bb55fad1","protocolProfileBehavior":{"disableBodyPruning":true},"request":{"auth":{"type":"bearer","bearer":[{"key":"token","value":"{{cognito_token}}","type":"string"}]},"method":"GET","header":[],"url":{"raw":"https://{{api-gw-id}}.execute-api.eu-west-1.amazonaws.com/{{ENV_STAGE}}/applications/:uuid/registrations","protocol":"https","host":["{{api-gw-id}}","execute-api","eu-west-1","amazonaws","com"],"path":["{{ENV_STAGE}}","applications",":uuid","registrations"],"variable":[{"id":"b1969b9a-4418-4aaf-b4f9-23b616806816","key":"uuid","value":"9b8d51a0-0aaa-480b-994a-23c2e0719e2b"}]}},"response":[]},{"name":"Save application","event":[{"listen":"prerequest","script":{"exec":[""],"type":"text/javascript","id":"afa7babf-3f9a-4bc1-b4d4-d986fd65b326"}}],"id":"17295e4c-16e6-418a-aaad-817fac0bdde4","protocolProfileBehavior":{"disableBodyPruning":true},"request":{"auth":{"type":"bearer","bearer":[{"key":"token","value":"{{cognito_token}}","type":"string"}]},"method":"POST","header":[{"key":"Content-Type","name":"Content-Type","type":"text","value":"application/json"}],"body":{"mode":"raw","raw":"{\r\n  \"name\": \"My application\",\r\n  \"applicationZoneUuid\": \"67876f47-ced3-4c53-87d1-1ce96e746ff0\",\r\n  \"applicationType\": \"WEB\",\r\n  \"redirectUris\": [\"https://localhost\"],\r\n  \"clientUri\": \"https://localhost\",\r\n  \"logoUri\": \"https://localhost\",\r\n  \"termsOfServiceUri\": \"https://localhost\",\r\n  \"policyUri\": \"https://localhost\",\r\n  \"version\": \"1.0\",\r\n  \"description\": \"Because I can\",\r\n  \"justification\": \"testdrive\"\r\n}"},"url":{"raw":"https://{{api-gw-id}}.execute-api.eu-west-1.amazonaws.com/{{ENV_STAGE}}/applications","protocol":"https","host":["{{api-gw-id}}","execute-api","eu-west-1","amazonaws","com"],"path":["{{ENV_STAGE}}","applications"]}},"response":[]},{"name":"Get application SSA","id":"64d2b5c4-9bbc-495d-b7ee-c3dbf8673656","protocolProfileBehavior":{"disableBodyPruning":true},"request":{"auth":{"type":"bearer","bearer":[{"key":"token","value":"{{cognito_token}}","type":"string"}]},"method":"GET","header":[],"url":{"raw":"https://{{api-gw-id}}.execute-api.eu-west-1.amazonaws.com/{{ENV_STAGE}}/applications/:uuid/ssa?authorityRegistrationUuid=5741f55a-e3fd-4826-b1fe-400ff512ddf5","protocol":"https","host":["{{api-gw-id}}","execute-api","eu-west-1","amazonaws","com"],"path":["{{ENV_STAGE}}","applications",":uuid","ssa"],"query":[{"key":"authorityRegistrationUuid","value":"5741f55a-e3fd-4826-b1fe-400ff512ddf5"}],"variable":[{"id":"2db460b5-fc57-4043-95ff-2fe9986c150c","key":"uuid","value":"5741f55a-e3fd-4826-b1fe-400ff512ddf5"}]}},"response":[]},{"name":"Update application","event":[{"listen":"prerequest","script":{"exec":[""],"type":"text/javascript","id":"c49bba1d-3b1a-4077-a019-ae0be3796a1a"}}],"id":"df1be80d-93b2-4030-b737-57621161b382","protocolProfileBehavior":{"disableBodyPruning":true},"request":{"auth":{"type":"bearer","bearer":[{"key":"token","value":"{{cognito_token}}","type":"string"}]},"method":"PUT","header":[{"key":"Content-Type","name":"Content-Type","value":"application/json","type":"text"}],"body":{"mode":"raw","raw":"{\r\n\t\"name\": \"new app name\",\r\n\t\"applicationType\": \"WEB\",\r\n\t\"redirectUris\": [\"https://www.whatever.com/qwe\", \"https://www.whatever.com/asd\"],\r\n\t\"clientUri\": \"https://www.whatever.com/qwe\",\r\n\t\"logoUri\": \"https://www.whatever.com/qwe\",\r\n\t\"termsOfServiceUri\": \"https://www.whatever.com/qwe\",\r\n\t\"policyUri\": \"https://www.whatever.com/qwe\",\r\n\t\"version\": \"1\",\r\n\t\"description\": \"my app\" \r\n}"},"url":{"raw":"https://{{api-gw-id}}.execute-api.eu-west-1.amazonaws.com/{{ENV_STAGE}}/applications/:uuid","protocol":"https","host":["{{api-gw-id}}","execute-api","eu-west-1","amazonaws","com"],"path":["{{ENV_STAGE}}","applications",":uuid"],"variable":[{"id":"2f275efd-8212-47fe-99d4-544e78c0849b","key":"uuid","value":"be3072bb-a5ad-4660-b3b9-16195a5d178a"}]}},"response":[]}],"id":"96313a5d-aba7-4339-a10f-d8b9cc681040"},{"name":"authority-registrations","item":[{"name":"Get available scopes","event":[{"listen":"prerequest","script":{"exec":[""],"type":"text/javascript","id":"3f64b1c5-ec30-4d50-8769-9252ff8e9adf"}}],"id":"42f4a615-af62-4c41-b27e-0f09c2c33aca","protocolProfileBehavior":{"disableBodyPruning":true},"request":{"auth":{"type":"bearer","bearer":[{"key":"token","value":"{{cognito_token}}","type":"string"}]},"method":"GET","header":[],"url":{"raw":"https://{{api-gw-id}}.execute-api.eu-west-1.amazonaws.com/{{ENV_STAGE}}/authority-registrations/:authorityUuid/templates/:regTemplateUuid/scopes","protocol":"https","host":["{{api-gw-id}}","execute-api","eu-west-1","amazonaws","com"],"path":["{{ENV_STAGE}}","authority-registrations",":authorityUuid","templates",":regTemplateUuid","scopes"],"variable":[{"id":"c86ae875-03f0-489e-afb5-03bb549a607c","key":"authorityUuid","value":"3abbef88-3d16-48a7-a37d-882e94c4ce2a"},{"id":"b9c55790-b69e-4481-9bcd-7438728fbab8","key":"regTemplateUuid","value":"3b4b9acb-13d7-4255-b323-be575e749413"}]},"description":"Intersection between app roles mapped to scopes and wkep scopes"},"response":[]},{"name":"Get All Authority Registrations","id":"5855519d-21f9-48c2-a866-7fe79761a7c7","protocolProfileBehavior":{"disableBodyPruning":true},"request":{"auth":{"type":"bearer","bearer":[{"key":"token","value":"{{cognito_token}}","type":"string"}]},"method":"GET","header":[],"url":{"raw":"https://{{api-gw-id}}.execute-api.eu-west-1.amazonaws.com/{{ENV_STAGE}}/authority-registrations","protocol":"https","host":["{{api-gw-id}}","execute-api","eu-west-1","amazonaws","com"],"path":["{{ENV_STAGE}}","authority-registrations"]}},"response":[]},{"name":"Get Authority Registration By Uuid","id":"6af00494-ed7d-43fa-b402-1def60a69607","protocolProfileBehavior":{"disableBodyPruning":true},"request":{"auth":{"type":"bearer","bearer":[{"key":"token","value":"{{cognito_token}}","type":"string"}]},"method":"GET","header":[],"url":{"raw":"https://{{api-gw-id}}.execute-api.eu-west-1.amazonaws.com/{{ENV_STAGE}}/authority-registrations/:authorityUuid","protocol":"https","host":["{{api-gw-id}}","execute-api","eu-west-1","amazonaws","com"],"path":["{{ENV_STAGE}}","authority-registrations",":authorityUuid"],"variable":[{"id":"41d3c702-50fc-4623-a726-f4943c6eaacc","key":"authorityUuid","value":"3abbef88-3d16-48a7-a37d-882e94c4ce2a"}]}},"response":[]},{"name":"Create Authority Registration","id":"79d065a8-280e-4803-9bc4-24f5d6f3b4fe","protocolProfileBehavior":{"disableBodyPruning":true},"request":{"auth":{"type":"bearer","bearer":[{"key":"token","value":"{{cognito_token}}","type":"string"}]},"method":"POST","header":[{"key":"Content-Type","name":"Content-Type","value":"application/json","type":"text"}],"body":{"mode":"raw","raw":"{\n  \"standardUuid\": \"d4a2726b-cb33-11ea-b3ce-061f768b0164\",\n  \"orgId\": \"00158000016i44JAAQ\",\n  \"orgName\": \"HSBC UK Bank Plc\",\n  \"authorityTokenUrl\": \"https://matls-sso.openbankingtest.org.uk/as/token.oauth2\",\n  \"authorityUrl\": \"https://matls-dirapi.openbankingtest.org.uk\",\n  \"roles\": [\"PISP\", \"AISP\", \"CBPII\"],\n  \"ncaId\": \"GB-FCA\",\n  \"ncaName\": \"Financial Conduct Authority\",\n  \"ncaOrganisationId\": \"PSDGB-FCA-765112\",\n  \"countryCode\": \"GB\"\n}"},"url":{"raw":"https://{{api-gw-id}}.execute-api.eu-west-1.amazonaws.com/{{ENV_STAGE}}/authority-registrations","protocol":"https","host":["{{api-gw-id}}","execute-api","eu-west-1","amazonaws","com"],"path":["{{ENV_STAGE}}","authority-registrations"]}},"response":[]},{"name":"Update Authority Registration","id":"22f01bdb-ac8f-41ad-8737-21f83d7c6bc4","protocolProfileBehavior":{"disableBodyPruning":true},"request":{"auth":{"type":"bearer","bearer":[{"key":"token","value":"{{cognito_token}}","type":"string"}]},"method":"PUT","header":[{"key":"Content-Type","name":"Content-Type","value":"application/json","type":"text"}],"body":{"mode":"raw","raw":"{\n  \"standardUuid\": \"d4a2726b-cb33-11ea-b3ce-061f768b0164\",\n  \"orgId\": \"00158000016i44JAAQ\",\n  \"orgName\": \"HSBC UK Bank Plc\",\n  \"authorityTokenUrl\": \"https://matls-sso.openbankingtest.org.uk/as/token.oauth2\",\n  \"authorityUrl\": \"https://matls-dirapi.openbankingtest.org.uk\",\n  \"roles\": [\"PISP\", \"AISP\", \"CBPII\"],\n  \"ncaId\": \"GB-FCA\",\n  \"ncaName\": \"Financial Conduct Authority\",\n  \"ncaOrganisationId\": \"PSDGB-FCA-765112\",\n  \"countryCode\": \"GB\"\n}"},"url":{"raw":"https://{{api-gw-id}}.execute-api.eu-west-1.amazonaws.com/{{ENV_STAGE}}/authority-registrations/:authorityUuid","protocol":"https","host":["{{api-gw-id}}","execute-api","eu-west-1","amazonaws","com"],"path":["{{ENV_STAGE}}","authority-registrations",":authorityUuid"],"variable":[{"id":"ecd813de-9bf7-4805-beed-01b57bbf8687","key":"authorityUuid","value":"da7c0ab1-4350-4ad0-871b-e75c19049d6f"}]}},"response":[]},{"name":"Create Authority Credential","id":"4c338b0f-7c5b-464c-826d-6d23dc1d5d76","protocolProfileBehavior":{"disableBodyPruning":true},"request":{"auth":{"type":"bearer","bearer":[{"key":"token","value":"{{cognito_token}}","type":"string"}]},"method":"POST","header":[{"key":"Content-Type","name":"Content-Type","value":"application/json","type":"text"}],"body":{"mode":"raw","raw":"{\n  \"privateKeyLocation\": \"s3://auth-creds-key.key\",\n  \"certificateLocation\": \"s3://auth-creds-cert.pem\",\n  \"certificateType\": \"OBWAC\",\n  \"publicKeyId\": \"KID\"\n}"},"url":{"raw":"https://{{api-gw-id}}.execute-api.eu-west-1.amazonaws.com/{{ENV_STAGE}}/authority-registrations/:authorityUuid/credentials","protocol":"https","host":["{{api-gw-id}}","execute-api","eu-west-1","amazonaws","com"],"path":["{{ENV_STAGE}}","authority-registrations",":authorityUuid","credentials"],"variable":[{"id":"a70d0e82-4473-4c35-b737-9653ac1a0686","key":"authorityUuid","value":"3abbef88-3d16-48a7-a37d-882e94c4ce2a"}]}},"response":[]},{"name":"Update Authority Credential","id":"c79ea976-dd34-480c-8387-6998a30b433c","protocolProfileBehavior":{"disableBodyPruning":true},"request":{"auth":{"type":"bearer","bearer":[{"key":"token","value":"{{cognito_token}}","type":"string"}]},"method":"PUT","header":[{"key":"Content-Type","name":"Content-Type","value":"application/json","type":"text"}],"body":{"mode":"raw","raw":"{\n  \"privateKeyLocation\": \"s3://auth-creds-key.key\",\n  \"certificateLocation\": \"s3://auth-creds-cert.pem\",\n  \"certificateType\": \"OBWAC\",\n  \"publicKeyId\": \"KID\"\n}"},"url":{"raw":"https://{{api-gw-id}}.execute-api.eu-west-1.amazonaws.com/{{ENV_STAGE}}/authority-registrations/:authorityUuid/credentials","protocol":"https","host":["{{api-gw-id}}","execute-api","eu-west-1","amazonaws","com"],"path":["{{ENV_STAGE}}","authority-registrations",":authorityUuid","credentials"],"variable":[{"id":"b72bd004-2701-44f2-b681-c1e8ba686ddc","key":"authorityUuid","value":"3abbef88-3d16-48a7-a37d-882e94c4ce2a"}]}},"response":[]}],"id":"41335736-41e4-4fd8-949e-9afe16c66f04"},{"name":"application registration","item":[{"name":"staging","item":[{"name":"Abandon application registration","id":"f3a82ba9-205a-4221-bddd-b455912042a0","protocolProfileBehavior":{"disableBodyPruning":true},"request":{"auth":{"type":"bearer","bearer":[{"key":"token","value":"{{cognito_token}}","type":"string"}]},"method":"PUT","header":[{"key":"Content-Type","type":"text","value":"application/json"}],"body":{"mode":"raw","raw":""},"url":{"raw":"https://{{api-gw-id}}.execute-api.eu-west-1.amazonaws.com/{{ENV_STAGE}}/application-registrations/:uuid/abandon","protocol":"https","host":["{{api-gw-id}}","execute-api","eu-west-1","amazonaws","com"],"path":["{{ENV_STAGE}}","application-registrations",":uuid","abandon"],"variable":[{"id":"69bc8be2-e14e-459d-a5fe-11625255ac57","key":"uuid","value":"cac69cdb-b94a-4917-baf4-2514a0956806"}]}},"response":[]},{"name":"Acknowledge application registration","id":"bb12904b-fad5-4231-9ae8-29baae45da79","protocolProfileBehavior":{"disableBodyPruning":true},"request":{"auth":{"type":"bearer","bearer":[{"key":"token","value":"{{cognito_token}}","type":"string"}]},"method":"PUT","header":[{"key":"Content-Type","type":"text","value":"application/json"}],"body":{"mode":"raw","raw":""},"url":{"raw":"https://{{api-gw-id}}.execute-api.eu-west-1.amazonaws.com/{{ENV_STAGE}}/application-registrations/:uuid/acknowledge","protocol":"https","host":["{{api-gw-id}}","execute-api","eu-west-1","amazonaws","com"],"path":["{{ENV_STAGE}}","application-registrations",":uuid","acknowledge"],"variable":[{"id":"44d04ee7-5aca-47d8-ab52-5264f0b32ba0","key":"uuid","value":"479098c1-db65-4fad-b8ec-cd555664d7bd"}]}},"response":[]},{"name":"Approve application registration","id":"8bf8740c-2046-4cb3-a2d2-11226d11062b","protocolProfileBehavior":{"disableBodyPruning":true},"request":{"auth":{"type":"bearer","bearer":[{"key":"token","value":"{{cognito_token}}","type":"string"}]},"method":"PUT","header":[{"key":"Content-Type","type":"text","value":"application/json"}],"body":{"mode":"raw","raw":""},"url":{"raw":"https://{{api-gw-id}}.execute-api.eu-west-1.amazonaws.com/{{ENV_STAGE}}/application-registrations/:uuid/approve","protocol":"https","host":["{{api-gw-id}}","execute-api","eu-west-1","amazonaws","com"],"path":["{{ENV_STAGE}}","application-registrations",":uuid","approve"],"variable":[{"id":"6a3e17c5-b3e7-400d-845b-e969c541452c","key":"uuid","value":"479098c1-db65-4fad-b8ec-cd555664d7bd"}]}},"response":[]},{"name":"Reactivate application registration","id":"a090de8a-5a8e-4da4-800e-2b3f789aa834","protocolProfileBehavior":{"disableBodyPruning":true},"request":{"auth":{"type":"bearer","bearer":[{"key":"token","value":"{{cognito_token}}","type":"string"}]},"method":"PUT","header":[{"key":"Content-Type","type":"text","value":"application/json"}],"body":{"mode":"raw","raw":""},"url":{"raw":"https://{{api-gw-id}}.execute-api.eu-west-1.amazonaws.com/{{ENV_STAGE}}/application-registrations/:uuid/reactivate","protocol":"https","host":["{{api-gw-id}}","execute-api","eu-west-1","amazonaws","com"],"path":["{{ENV_STAGE}}","application-registrations",":uuid","reactivate"],"variable":[{"id":"6ed9c39e-2706-4a54-8b3a-86f0f1d09b42","key":"uuid","value":"479098c1-db65-4fad-b8ec-cd555664d7bd"}]}},"response":[]},{"name":"Reject application registration","id":"86a7a164-0cbc-4b8a-a120-3824581aa666","protocolProfileBehavior":{"disableBodyPruning":true},"request":{"auth":{"type":"bearer","bearer":[{"key":"token","value":"{{cognito_token}}","type":"string"}]},"method":"PUT","header":[{"key":"Content-Type","type":"text","value":"application/json"}],"body":{"mode":"raw","raw":""},"url":{"raw":"https://{{api-gw-id}}.execute-api.eu-west-1.amazonaws.com/{{ENV_STAGE}}/application-registrations/:uuid/reject","protocol":"https","host":["{{api-gw-id}}","execute-api","eu-west-1","amazonaws","com"],"path":["{{ENV_STAGE}}","application-registrations",":uuid","reject"],"variable":[{"id":"86e688a6-d7dc-4383-aee2-4217ef316596","key":"uuid","value":"479098c1-db65-4fad-b8ec-cd555664d7bd"}]}},"response":[]},{"name":"Retry application registration","id":"b0917437-789b-484a-9ce9-8be52d40eb69","protocolProfileBehavior":{"disableBodyPruning":true},"request":{"auth":{"type":"bearer","bearer":[{"key":"token","value":"{{cognito_token}}","type":"string"}]},"method":"PUT","header":[{"key":"Content-Type","type":"text","value":"application/json"}],"body":{"mode":"raw","raw":""},"url":{"raw":"https://{{api-gw-id}}.execute-api.eu-west-1.amazonaws.com/{{ENV_STAGE}}/application-registrations/:uuid/retry","protocol":"https","host":["{{api-gw-id}}","execute-api","eu-west-1","amazonaws","com"],"path":["{{ENV_STAGE}}","application-registrations",":uuid","retry"],"variable":[{"id":"79f0ff22-d319-4d17-9aee-52b076bfcaea","key":"uuid","value":"cac69cdb-b94a-4917-baf4-2514a0956806"}]}},"response":[]},{"name":"Suspend application registration","id":"a29cca3b-f5fa-473f-bfda-eee64d8fbc0c","protocolProfileBehavior":{"disableBodyPruning":true},"request":{"auth":{"type":"bearer","bearer":[{"key":"token","value":"{{cognito_token}}","type":"string"}]},"method":"PUT","header":[{"key":"Content-Type","type":"text","value":"application/json"}],"body":{"mode":"raw","raw":""},"url":{"raw":"https://{{api-gw-id}}.execute-api.eu-west-1.amazonaws.com/{{ENV_STAGE}}/application-registrations/:uuid/suspend","protocol":"https","host":["{{api-gw-id}}","execute-api","eu-west-1","amazonaws","com"],"path":["{{ENV_STAGE}}","application-registrations",":uuid","suspend"],"variable":[{"id":"0e2121d9-07e2-487d-b37e-e19d20e9d0f3","key":"uuid","value":"479098c1-db65-4fad-b8ec-cd555664d7bd"}]}},"response":[]}],"id":"73e29ca2-fa69-4344-9954-a41dec89b069"},{"name":"Get application registration by UUID","id":"c6e18025-3382-4d16-908b-7822e195ddd8","protocolProfileBehavior":{"disableBodyPruning":true},"request":{"auth":{"type":"bearer","bearer":[{"key":"token","value":"{{cognito_token}}","type":"string"}]},"method":"GET","header":[],"url":{"raw":"https://{{api-gw-id}}.execute-api.eu-west-1.amazonaws.com/{{ENV_STAGE}}/application-registrations/:uuid","protocol":"https","host":["{{api-gw-id}}","execute-api","eu-west-1","amazonaws","com"],"path":["{{ENV_STAGE}}","application-registrations",":uuid"],"variable":[{"id":"d6adf1cc-9dd8-4782-9623-0efac783f70c","key":"uuid","value":"cac69cdb-b94a-4917-baf4-2514a0956806"}]}},"response":[]},{"name":"Save manual registration","id":"5a1c2705-747d-490f-b678-e0d2ed37c6d0","protocolProfileBehavior":{"disableBodyPruning":true},"request":{"auth":{"type":"bearer","bearer":[{"key":"token","value":"{{cognito_token}}","type":"string"}]},"method":"POST","header":[{"key":"Content-Type","value":"application/json","type":"text"}],"body":{"mode":"raw","raw":"{\r\n  \"applicationUuid\": \"e7120c00-12dc-4015-804d-486aa0eea8e3\",\r\n  \"registrationTemplateUuid\": \"242aa24f-dc42-47e9-bda5-3a7279d718f9\",\r\n  \"authorityRegistrationUuid\": \"3abbef88-3d16-48a7-a37d-882e94c4ce2a\",\r\n  \"registrationDisplayName\": \"Manual Registration display name\",\r\n  \"clientId\": \"generatedByAspspClientId\",\r\n  \"clientSecret\": \"generatedByAspspClientSecret\",\r\n  \"scopes\": [\"payments\", \"accounts\"],\r\n  \"redirectUris\": [\"https://localhost\"],\r\n  \"justification\": \"Because I can\"\r\n}\r\n"},"url":{"raw":"https://{{api-gw-id}}.execute-api.eu-west-1.amazonaws.com/{{ENV_STAGE}}/application-registrations/manual","protocol":"https","host":["{{api-gw-id}}","execute-api","eu-west-1","amazonaws","com"],"path":["{{ENV_STAGE}}","application-registrations","manual"]}},"response":[]},{"name":"Save dynamic registration","id":"17fcced9-02ad-4c82-aac8-f963a92d2460","protocolProfileBehavior":{"disableBodyPruning":true},"request":{"auth":{"type":"bearer","bearer":[{"key":"token","value":"{{cognito_token}}","type":"string"}]},"method":"POST","header":[{"key":"Content-Type","type":"text","value":"application/json"}],"body":{"mode":"raw","raw":"{\r\n\t\"applicationUuid\": \"fe9096a5-73ac-44c2-871f-01a48e227ab6\",\r\n\t\"registrationTemplateUuid\": \"2d4d4a12-5886-4da9-94ec-89f39c87103f\",\r\n\t\"authorityRegistrationUuid\": \"3abbef88-3d16-48a7-a37d-882e94c4ce2a\",\r\n\t\"name\": \"Registration display name\",\r\n\t\"scopes\": [\"accounts\"],\r\n\t\"redirectUris\": [\"https://localhost\"],\r\n\t\"justification\": \"Because I can\"\r\n}\r\n"},"url":{"raw":"https://{{api-gw-id}}.execute-api.eu-west-1.amazonaws.com/{{ENV_STAGE}}/application-registrations/dynamic","protocol":"https","host":["{{api-gw-id}}","execute-api","eu-west-1","amazonaws","com"],"path":["{{ENV_STAGE}}","application-registrations","dynamic"]}},"response":[]},{"name":"Update dynamic registration","id":"e3cfb3f5-7423-44b6-8ba4-d8d747693ec6","protocolProfileBehavior":{"disableBodyPruning":true},"request":{"auth":{"type":"bearer","bearer":[{"key":"token","value":"{{cognito_token}}","type":"string"}]},"method":"PUT","header":[{"key":"Content-Type","type":"text","value":"application/json"}],"body":{"mode":"raw","raw":"{\r\n\t\"name\": \"Registration display name 2\",\r\n\t\"scopes\": [\"accounts\"],\r\n\t\"redirectUris\": [\"https://localhost\"]\r\n}\r\n"},"url":{"raw":"https://{{api-gw-id}}.execute-api.eu-west-1.amazonaws.com/{{ENV_STAGE}}/application-registrations/dynamic/:uuid","protocol":"https","host":["{{api-gw-id}}","execute-api","eu-west-1","amazonaws","com"],"path":["{{ENV_STAGE}}","application-registrations","dynamic",":uuid"],"variable":[{"id":"7ec119db-53c1-4ed8-94c3-8fd338944cbf","key":"uuid","value":"cac69cdb-b94a-4917-baf4-2514a0956806"}]}},"response":[]}],"id":"21e41713-d8b0-4675-bf2c-2aae3e63cb94"},{"name":"application-authorities","item":[{"name":"Get application authorities","event":[{"listen":"prerequest","script":{"exec":[""],"type":"text/javascript","id":"a8b44e11-6b90-4cec-a1c6-a18cd7f801ca"}}],"id":"25f98436-3413-4ea4-a8c5-cf0101e79d2a","protocolProfileBehavior":{"disableBodyPruning":true},"request":{"auth":{"type":"bearer","bearer":[{"key":"token","value":"{{cognito_token}}","type":"string"}]},"method":"GET","header":[],"url":{"raw":"https://{{api-gw-id}}.execute-api.eu-west-1.amazonaws.com/{{ENV_STAGE}}/application-authorities/:uuid?withNotRegistered=true","protocol":"https","host":["{{api-gw-id}}","execute-api","eu-west-1","amazonaws","com"],"path":["{{ENV_STAGE}}","application-authorities",":uuid"],"query":[{"key":"withNotRegistered","value":"true"}],"variable":[{"id":"da5d43d0-5110-45e1-8f35-d3ebc5df24f2","key":"uuid","value":"9b8d51a0-0aaa-480b-994a-23c2e0719e2b"}]},"description":"Get Acive/Not registered aithorities for a given application"},"response":[]},{"name":"Reject application authority","event":[{"listen":"prerequest","script":{"exec":[""],"type":"text/javascript","id":"dbf11451-7820-4ee0-a815-2ce6ddbbc7c7"}}],"id":"ab8099ea-f62b-4003-a334-101816a88e46","protocolProfileBehavior":{"disableBodyPruning":true},"request":{"auth":{"type":"bearer","bearer":[{"key":"token","value":"{{cognito_token}}","type":"string"}]},"method":"PUT","header":[],"body":{"mode":"raw","raw":""},"url":{"raw":"https://{{api-gw-id}}.execute-api.eu-west-1.amazonaws.com/{{ENV_STAGE}}/application-authorities/:uuid/reject","protocol":"https","host":["{{api-gw-id}}","execute-api","eu-west-1","amazonaws","com"],"path":["{{ENV_STAGE}}","application-authorities",":uuid","reject"],"variable":[{"id":"d850e299-8db1-4e08-94e1-0468a7544bef","key":"uuid","value":"9b8d51a0-0aaa-480b-994a-23c2e0719e2b"}]},"description":"Get Acive/Not registered aithorities for a given application"},"response":[]},{"name":"Abandon application authority request","event":[{"listen":"prerequest","script":{"exec":[""],"type":"text/javascript","id":"993e203e-8d2a-474e-82bb-10c81982bbc1"}}],"id":"bfa0d68e-7734-494a-8baf-290def10db50","protocolProfileBehavior":{"disableBodyPruning":true},"request":{"auth":{"type":"bearer","bearer":[{"key":"token","value":"{{cognito_token}}","type":"string"}]},"method":"PUT","header":[],"body":{"mode":"raw","raw":""},"url":{"raw":"https://{{api-gw-id}}.execute-api.eu-west-1.amazonaws.com/{{ENV_STAGE}}/application-authorities/:uuid/abandon","protocol":"https","host":["{{api-gw-id}}","execute-api","eu-west-1","amazonaws","com"],"path":["{{ENV_STAGE}}","application-authorities",":uuid","abandon"],"variable":[{"id":"2a733d03-efee-45ae-9db3-8528d9c89d27","key":"uuid","value":"9b8d51a0-0aaa-480b-994a-23c2e0719e2b"}]},"description":"Get Acive/Not registered aithorities for a given application"},"response":[]},{"name":"Approve application authority request","event":[{"listen":"prerequest","script":{"exec":[""],"type":"text/javascript","id":"88f733b2-c464-4ea7-a9ca-5eb052d522d9"}}],"id":"665acb62-ab0f-403e-9356-10f4ac39d6ae","protocolProfileBehavior":{"disableBodyPruning":true},"request":{"auth":{"type":"bearer","bearer":[{"key":"token","value":"{{cognito_token}}","type":"string"}]},"method":"PUT","header":[],"body":{"mode":"raw","raw":""},"url":{"raw":"https://{{api-gw-id}}.execute-api.eu-west-1.amazonaws.com/{{ENV_STAGE}}/application-authorities/:uuid/approve","protocol":"https","host":["{{api-gw-id}}","execute-api","eu-west-1","amazonaws","com"],"path":["{{ENV_STAGE}}","application-authorities",":uuid","approve"],"variable":[{"id":"209a0b76-5d72-46c1-bfd2-9a0e980c1c4c","key":"uuid","value":"9b8d51a0-0aaa-480b-994a-23c2e0719e2b"}]},"description":"Get Acive/Not registered aithorities for a given application"},"response":[]},{"name":"Retry application authority request","event":[{"listen":"prerequest","script":{"exec":[""],"type":"text/javascript","id":"7f152acc-a1c9-4a44-808e-dccfce1bae97"}}],"id":"082a3723-55f3-4de0-a841-91f14a731b19","protocolProfileBehavior":{"disableBodyPruning":true},"request":{"auth":{"type":"bearer","bearer":[{"key":"token","value":"{{cognito_token}}","type":"string"}]},"method":"PUT","header":[],"body":{"mode":"raw","raw":""},"url":{"raw":"https://{{api-gw-id}}.execute-api.eu-west-1.amazonaws.com/{{ENV_STAGE}}/application-authorities/:uuid/retry","protocol":"https","host":["{{api-gw-id}}","execute-api","eu-west-1","amazonaws","com"],"path":["{{ENV_STAGE}}","application-authorities",":uuid","retry"],"variable":[{"id":"c6af1ab6-93d8-4fae-8e0c-944252637d5e","key":"uuid","value":"9b8d51a0-0aaa-480b-994a-23c2e0719e2b"}]},"description":"Get Acive/Not registered aithorities for a given application"},"response":[]},{"name":"Create application authoriti link","event":[{"listen":"prerequest","script":{"exec":[""],"type":"text/javascript","id":"c8e2d0c7-b63b-4ac8-97ab-6dc4189e09dd"}}],"id":"8d64ccdc-e9f0-4575-861e-4a9bee92e06d","protocolProfileBehavior":{"disableBodyPruning":true},"request":{"auth":{"type":"bearer","bearer":[{"key":"token","value":"{{cognito_token}}","type":"string"}]},"method":"POST","header":[{"key":"Content-Type","name":"Content-Type","value":"application/json","type":"text"}],"body":{"mode":"raw","raw":"{\n  \"applicationUuid\": \"c4838aeb-2f90-412e-98a1-3db61d9cd394\",\n  \"authorityRegistrationUuid\": \"01eb965d-0b4d-4544-8faa-5ca6f1eee371\",\n  \"justification\": \"bo tak\"\n}\n"},"url":{"raw":"https://{{api-gw-id}}.execute-api.eu-west-1.amazonaws.com/{{ENV_STAGE}}/application-authorities","protocol":"https","host":["{{api-gw-id}}","execute-api","eu-west-1","amazonaws","com"],"path":["{{ENV_STAGE}}","application-authorities"]},"description":"Get Acive/Not registered aithorities for a given application"},"response":[]}],"id":"bedd28d2-e620-41a2-8986-e3dcf3e48509"},{"name":"application-credentials","item":[{"name":"Get application credentials","event":[{"listen":"prerequest","script":{"exec":["pm.environment.set('RESOURCE', '/application-credentials');","eval(pm.environment.get('AWS4_SIGNATURE_LIB'));","","const hostname = pm.environment.get('API_GATEWAY_DOMAIN');","const path = pm.environment.get('ENV_STAGE') + pm.environment.get('RESOURCE');","const accessKeyId = pm.environment.get('ACCESS_KEY_ID');","const secretAccessKey = pm.environment.get('SECRET_ACCESS_KEY');","const sessionToken = pm.environment.get('SESSION_TOKEN');","","const httpMethod = pm.request.method;","// console.log(\"PM REQUEST: \" + JSON.stringify(requestBody));","","const signedRequest = sign({","    service: 'execute-api',","    method: httpMethod,","    host: hostname,","    path: path","}, {","    accessKeyId: accessKeyId,","    secretAccessKey: secretAccessKey,","    sessionToken: sessionToken,","});","","pm.environment.set('COP-Authorization', signedRequest.headers.Authorization);","pm.environment.set('COP-X-Amz-Date', signedRequest.headers[\"X-Amz-Date\"]);","pm.environment.set('COP-X-Amz-Security-Token', signedRequest.headers[\"X-Amz-Security-Token\"]);"],"type":"text/javascript","id":"f478d805-d5ff-42c3-b6f1-4b926f6a7f04"}}],"id":"471b31a7-5f11-4ea7-a4bf-37b45ba37dc2","protocolProfileBehavior":{"disableBodyPruning":true},"request":{"auth":{"type":"noauth"},"method":"GET","header":[{"key":"Authorization","value":"{{COP-Authorization}}","type":"text"},{"key":"X-Amz-Date","value":"{{COP-X-Amz-Date}}","type":"text"},{"key":"X-Amz-Security-Token","value":"{{COP-X-Amz-Security-Token}}","type":"text"}],"url":{"raw":"https://{{api-gw-id}}.execute-api.eu-west-1.amazonaws.com/{{ENV_STAGE}}/application-credentials","protocol":"https","host":["{{api-gw-id}}","execute-api","eu-west-1","amazonaws","com"],"path":["{{ENV_STAGE}}","application-credentials"]},"description":"Get Acive/Not registered aithorities for a given application"},"response":[]},{"name":"Update application credential","event":[{"listen":"prerequest","script":{"exec":["pm.environment.set('RESOURCE', '/application-credentials');","eval(pm.environment.get('AWS4_SIGNATURE_LIB'));","","const hostname = pm.environment.get('API_GATEWAY_DOMAIN');","const path = pm.environment.get('ENV_STAGE') + pm.environment.get('RESOURCE');","const accessKeyId = pm.environment.get('ACCESS_KEY_ID');","const secretAccessKey = pm.environment.get('SECRET_ACCESS_KEY');","const sessionToken = pm.environment.get('SESSION_TOKEN');","","const requestBody = pm.request.body.raw;","const httpMethod = pm.request.method;","// console.log(\"PM REQUEST: \" + JSON.stringify(requestBody));","","const signedRequest = sign({","    service: 'execute-api',","    method: httpMethod,","    host: hostname,","    path: path,","    body: requestBody","}, {","    accessKeyId: accessKeyId,","    secretAccessKey: secretAccessKey,","    sessionToken: sessionToken,","});","","pm.environment.set('COP-Authorization', signedRequest.headers.Authorization);","pm.environment.set('COP-X-Amz-Date', signedRequest.headers[\"X-Amz-Date\"]);","pm.environment.set('COP-X-Amz-Security-Token', signedRequest.headers[\"X-Amz-Security-Token\"]);"],"type":"text/javascript","id":"3875401e-7913-404a-8a55-907e138fe0be"}}],"id":"b4e2ed0c-3fc3-4b3e-8c24-cdb95bd04eae","protocolProfileBehavior":{"disableBodyPruning":true},"request":{"auth":{"type":"noauth"},"method":"PUT","header":[{"key":"Content-Type","value":"application/json","type":"text"},{"key":"Authorization","value":"{{COP-Authorization}}","type":"text"},{"key":"X-Amz-Date","value":"{{COP-X-Amz-Date}}","type":"text"},{"key":"X-Amz-Security-Token","value":"{{COP-X-Amz-Security-Token}}","type":"text"}],"body":{"mode":"raw","raw":"{\n    \"applicationUuid\": \"e6d660ad-13cf-472e-a337-588719e3ffb9\",\n    \"authorityRegistrationUuid\": \"38b49ab7-2cd7-462c-8e21-83fb67186668\",\n    \"privateKeyLocation\": \"s3://ob-dip-preprod-896676466355-eu-west-1-registration-hub/certs/application/tpGX822mURWv9xDy0b4QR8/OB_TRANSPORT.key\",\n    \"certLocation\": \"s3://ob-dip-preprod-896676466355-eu-west-1-registration-hub/certs/application/tpGX822mURWv9xDy0b4QR8/OB_TRANSPORT.pem\",\n    \"publicJwksUrl\": \"https://keystore.openbankingtest.org.uk/00158000016i44JAAQ/tpGX822mURWv9xDy0b4QR8.jwks\",\n    \"publicKeyId\": \"VFJ2G6FjQJa3dCo9XIxZH9V1BnU\",\n    \"dnCertificateSubject\": \"C=GB,O=OpenBanking,OU=00158000016i44JAAQ,CN=tpGX822mURWv9xDy0b4QR8\",\n    \"certificateExpiryDate\": \"2022-04-23T13:33:05Z\",\n    \"certificateType\": \"OB_TRANSPORT\"\n}"},"url":{"raw":"https://{{api-gw-id}}.execute-api.eu-west-1.amazonaws.com/{{ENV_STAGE}}/application-credentials","protocol":"https","host":["{{api-gw-id}}","execute-api","eu-west-1","amazonaws","com"],"path":["{{ENV_STAGE}}","application-credentials"]}},"response":[]}],"id":"09478a93-f586-4968-84c8-2aae8090a4a0"},{"name":"jwks","item":[{"name":"Update JWKS","event":[{"listen":"prerequest","script":{"id":"301f90f6-a634-4765-8923-78c9b7064c4f","exec":["pm.environment.set('RESOURCE', '/jwks/' + /[^/]*$/.exec(pm.request.url)[0]);","eval(pm.environment.get('AWS4_SIGNATURE_LIB'));","","const hostname = pm.environment.get('API_GATEWAY_DOMAIN');","const path = pm.environment.get('ENV_STAGE') + pm.environment.get('RESOURCE');","const accessKeyId = pm.environment.get('ACCESS_KEY_ID');","const secretAccessKey = pm.environment.get('SECRET_ACCESS_KEY');","const sessionToken = pm.environment.get('SESSION_TOKEN');","","const requestBody = pm.request.body.raw;","const httpMethod = pm.request.method;","// console.log(\"PM REQUEST: \" + JSON.stringify(requestBody));","","const signedRequest = sign({","    service: 'execute-api',","    method: httpMethod,","    host: hostname,","    path: path,","    body: requestBody","}, {","    accessKeyId: accessKeyId,","    secretAccessKey: secretAccessKey,","    sessionToken: sessionToken,","});","","pm.environment.set('COP-Authorization', signedRequest.headers.Authorization);","pm.environment.set('COP-X-Amz-Date', signedRequest.headers[\"X-Amz-Date\"]);","pm.environment.set('COP-X-Amz-Security-Token', signedRequest.headers[\"X-Amz-Security-Token\"]);"],"type":"text/javascript"}}],"id":"07fef4e6-0b1d-4465-b543-394a6b2ad5c3","protocolProfileBehavior":{"disableBodyPruning":true},"request":{"auth":{"type":"noauth"},"method":"PUT","header":[{"key":"Content-Type","type":"text","value":"application/json"},{"key":"Authorization","type":"text","value":"{{COP-Authorization}}"},{"key":"X-Amz-Date","type":"text","value":"{{COP-X-Amz-Date}}"},{"key":"X-Amz-Security-Token","type":"text","value":"{{COP-X-Amz-Security-Token}}"}],"body":{"mode":"raw","raw":"{\n    \"jwksUri\": \"http://www.custom2.com\"\n}"},"url":{"raw":"https://{{api-gw-id}}.execute-api.eu-west-1.amazonaws.com/{{ENV_STAGE}}/jwks/:id","protocol":"https","host":["{{api-gw-id}}","execute-api","eu-west-1","amazonaws","com"],"path":["{{ENV_STAGE}}","jwks",":id"],"variable":[{"id":"cf0e1de6-4a1c-4e49-95d1-54c03cf23414","key":"id","value":"6256839e-4fd0-40df-8d1d-328967a6dd10"}]}},"response":[]}],"id":"34709bb1-66d2-4d01-81c8-f1911b34f00d"},{"name":"Fetch WKEP","event":[{"listen":"prerequest","script":{"exec":["var exampleWkepUri = 'https://yhmm2gezh0-vpce-0c1ca75b7ec81d4d4.execute-api.eu-west-1.amazonaws.com/{{ENV_STAGE}}/aspsp-wkep-stub/.well-known/rbs';","//var exampleWkepUri = 'https://api.rbs.useinfinite.io/.well-known/openid-configuration';","var encoded = encodeURIComponent(exampleWkepUri);","postman.setEnvironmentVariable(\"wkep\", encoded);"],"type":"text/javascript","id":"e7e45889-29e4-4566-8bfe-29ddb7a476f8"}}],"id":"6ea841ea-c0d7-42f9-a995-8516e5e66e32","protocolProfileBehavior":{"disableBodyPruning":true},"request":{"auth":{"type":"bearer","bearer":[{"key":"token","value":"{{cognito_token}}","type":"string"}]},"method":"GET","header":[],"url":{"raw":"https://{{api-gw-id}}.execute-api.eu-west-1.amazonaws.com/{{ENV_STAGE}}/wkep?wkepUrl={{wkep}}","protocol":"https","host":["{{api-gw-id}}","execute-api","eu-west-1","amazonaws","com"],"path":["{{ENV_STAGE}}","wkep"],"query":[{"key":"wkepUrl","value":"{{wkep}}"}]},"description":"Fetch Well-Known Endpoint configuration together with s3 location for that configuration"},"response":[]},{"name":"Get HSBC supported params","event":[{"listen":"prerequest","script":{"exec":[""],"type":"text/javascript","id":"1c24e24c-245b-4798-b568-87921f839267"}}],"id":"32de9d8e-7087-4edf-867b-cdf1b7ba1a95","protocolProfileBehavior":{"disableBodyPruning":true},"request":{"auth":{"type":"bearer","bearer":[{"key":"token","value":"{{cognito_token}}","type":"string"}]},"method":"GET","header":[],"url":{"raw":"https://{{api-gw-id}}.execute-api.eu-west-1.amazonaws.com/{{ENV_STAGE}}/hsbc-supported-params/standard/:standardId","protocol":"https","host":["{{api-gw-id}}","execute-api","eu-west-1","amazonaws","com"],"path":["{{ENV_STAGE}}","hsbc-supported-params","standard",":standardId"],"variable":[{"id":"aeeb9f82-634a-4f9d-942c-85bce39c6612","key":"standardId","value":"1cea6be7-4f32-11eb-a23f-06a23d347606"}]},"description":"Get HSBC supported params for template creation"},"response":[]},{"name":"Get standards","event":[{"listen":"prerequest","script":{"exec":[""],"type":"text/javascript","id":"fae601e9-c548-40bd-b671-0a6df2808a41"}}],"id":"c619c7a7-c91c-458c-87b1-fc27ba9a32a3","protocolProfileBehavior":{"disableBodyPruning":true},"request":{"auth":{"type":"bearer","bearer":[{"key":"token","value":"{{cognito_token}}","type":"string"}]},"method":"GET","header":[],"url":{"raw":"https://{{api-gw-id}}.execute-api.eu-west-1.amazonaws.com/{{ENV_STAGE}}/standards","protocol":"https","host":["{{api-gw-id}}","execute-api","eu-west-1","amazonaws","com"],"path":["{{ENV_STAGE}}","standards"]}},"response":[]}]}