{"info":{"_postman_id":"42d5dd94-9459-49c7-95ae-094a5da886f0","name":"Credentials API","schema":"https://schema.getpostman.com/json/collection/v2.1.0/collection.json"},"item":[{"name":"Get credentials","id":"0c5cd521-a948-4c5c-98c4-5d37740a72c5","protocolProfileBehavior":{"disableBodyPruning":true},"request":{"method":"GET","header":[],"url":{"raw":"https://secrets-infra-dip-dev-a920c3ce4c537fff.elb.eu-west-1.amazonaws.com/internal/credentials","protocol":"https","host":["secrets-infra-dip-dev-a920c3ce4c537fff","elb","eu-west-1","amazonaws","com"],"path":["internal","credentials"]}},"response":[]}]}