{"info":{"_postman_id":"467dad0b-8d51-436e-bf18-c2c1b4e4190a","name":"Credentials API","schema":"https://schema.getpostman.com/json/collection/v2.1.0/collection.json"},"item":[{"name":"Get credentials","id":"dfc5b0e7-7a33-4545-a89c-07969e943793","protocolProfileBehavior":{"disableBodyPruning":true},"request":{"method":"GET","header":[],"url":{"raw":"https://secrets-infra-dip-dev-a920c3ce4c537fff.elb.eu-west-1.amazonaws.com/internal/credentials","protocol":"https","host":["secrets-infra-dip-dev-a920c3ce4c537fff","elb","eu-west-1","amazonaws","com"],"path":["internal","credentials"]}},"response":[]}]}