{"info":{"_postman_id":"57a54edf-cd2e-4c49-80a5-2d0019925115","name":"JIRA","schema":"https://schema.getpostman.com/json/collection/v2.1.0/collection.json"},"item":[{"name":"digital","item":[{"name":"GET ticket status","id":"76f0a3fd-3301-4ce2-ae1e-60878e46051c","protocolProfileBehavior":{"disableBodyPruning":true},"request":{"method":"GET","header":[],"url":{"raw":"https://wpb-jira.systems.uk.hsbc/rest/api/latest/issue/OBSSPT-562?fields=status","protocol":"https","host":["wpb-jira","systems","uk","hsbc"],"path":["rest","api","latest","issue","OBSSPT-562"],"query":[{"key":"fields","value":"status"}]}},"response":[]},{"name":"GET ticket type","id":"bf320406-90c9-496f-979b-5bfb778318fe","protocolProfileBehavior":{"disableBodyPruning":true},"request":{"method":"GET","header":[],"url":{"raw":"https://wpb-jira.systems.uk.hsbc/rest/api/latest/issue/OBSSPT-562?fields=issuetype","protocol":"https","host":["wpb-jira","systems","uk","hsbc"],"path":["rest","api","latest","issue","OBSSPT-562"],"query":[{"key":"fields","value":"issuetype"}]}},"response":[]},{"name":"GET all issue types","id":"500c29ee-6a9b-4ada-9ff3-f9fae793f8d2","protocolProfileBehavior":{"disableBodyPruning":true},"request":{"method":"GET","header":[],"url":{"raw":"https://wpb-jira.systems.uk.hsbc/rest/api/latest/issuetype","protocol":"https","host":["wpb-jira","systems","uk","hsbc"],"path":["rest","api","latest","issuetype"]}},"response":[]},{"name":"GET all issue statuses","id":"98fad516-15bd-4bd7-9bc9-c83962ba49f1","protocolProfileBehavior":{"disableBodyPruning":true},"request":{"method":"GET","header":[],"url":{"raw":"https://wpb-jira.systems.uk.hsbc/rest/api/latest/status","protocol":"https","host":["wpb-jira","systems","uk","hsbc"],"path":["rest","api","latest","status"]}},"response":[]},{"name":"GET all issue status categories","id":"57978272-2cdf-4840-b16d-f4cf6b7da4a9","protocolProfileBehavior":{"disableBodyPruning":true},"request":{"method":"GET","header":[],"url":{"raw":"https://wpb-jira.systems.uk.hsbc/rest/api/latest/statuscategory","protocol":"https","host":["wpb-jira","systems","uk","hsbc"],"path":["rest","api","latest","statuscategory"]}},"response":[]}],"id":"c63e9f17-0ca2-4092-a3f4-49b4a474d055"},{"name":"alm","item":[{"name":"GET all issue types","id":"a4793a33-8144-47c6-9498-04af7db57fd1","protocolProfileBehavior":{"disableBodyPruning":true},"request":{"auth":{"type":"basic","basic":[{"key":"password","value":"50A1-3249A1DD3","type":"string"},{"key":"username","value":"GB-SVC-OPBKOPS","type":"string"}]},"method":"GET","header":[],"url":{"raw":"https://alm-jira.systems.uk.hsbc/jira/rest/api/latest/issuetype","protocol":"https","host":["alm-jira","systems","uk","hsbc"],"path":["jira","rest","api","latest","issuetype"]}},"response":[]},{"name":"GET all issue statuses","id":"2bb10af7-f2b7-43f9-ad2e-13abbc0bd68d","protocolProfileBehavior":{"disableBodyPruning":true},"request":{"auth":{"type":"basic","basic":[{"key":"password","value":"50A1-3249A1DD3","type":"string"},{"key":"username","value":"GB-SVC-OPBKOPS","type":"string"}]},"method":"GET","header":[],"url":{"raw":"https://alm-jira.systems.uk.hsbc/jira/rest/api/latest/status","protocol":"https","host":["alm-jira","systems","uk","hsbc"],"path":["jira","rest","api","latest","status"]}},"response":[]},{"name":"GET ticket type","id":"0e0688c1-5c26-474b-8f9c-6025f53b5781","protocolProfileBehavior":{"disableBodyPruning":true},"request":{"method":"GET","header":[],"url":{"raw":"https://alm-jira.systems.uk.hsbc/jira/rest/api/latest/issue/OBIT-201?fields=issuetype","protocol":"https","host":["alm-jira","systems","uk","hsbc"],"path":["jira","rest","api","latest","issue","OBIT-201"],"query":[{"key":"fields","value":"issuetype"}]}},"response":[]},{"name":"GET ticket status","id":"0263268c-05f8-4e62-8ec4-18ac291a6a8c","protocolProfileBehavior":{"disableBodyPruning":true},"request":{"method":"GET","header":[],"url":{"raw":"https://alm-jira.systems.uk.hsbc/jira/rest/api/latest/issue/OBIT-201?fields=status","protocol":"https","host":["alm-jira","systems","uk","hsbc"],"path":["jira","rest","api","latest","issue","OBIT-201"],"query":[{"key":"fields","value":"status"}]}},"response":[]},{"name":"GET all issue status categories Copy","id":"e14b04ad-0cee-4622-a43a-b9f237614f8f","protocolProfileBehavior":{"disableBodyPruning":true},"request":{"method":"GET","header":[],"url":{"raw":"https://wpb-jira.systems.uk.hsbc/rest/api/latest/statuscategory","protocol":"https","host":["wpb-jira","systems","uk","hsbc"],"path":["rest","api","latest","statuscategory"]}},"response":[]}],"id":"8e28ca4b-0883-4823-a6fa-7928131cadd4","auth":{"type":"basic","basic":[{"key":"username","value":"GB-SVC-OPBKOPS","type":"string"},{"key":"password","value":"50A1-3249A1DD3","type":"string"}]},"event":[{"listen":"prerequest","script":{"id":"c7407226-7920-401d-a974-856b17694f7b","type":"text/javascript","exec":[""]}},{"listen":"test","script":{"id":"9954da43-89df-4a85-984a-01abf79268a5","type":"text/javascript","exec":[""]}}]}],"auth":{"type":"bearer","bearer":[{"key":"token","value":"NDQ5Mzg5NTg5ODM2OpcLGbvK3jDXbvF+gRJTb+JYVOeA","type":"string"}]},"event":[{"listen":"prerequest","script":{"id":"de05e0df-f709-418b-838d-c63ab1092909","type":"text/javascript","exec":[""]}},{"listen":"test","script":{"id":"1fa511de-2c4f-4c4c-8506-acff9e1aa374","type":"text/javascript","exec":[""]}}]}