{"info":{"_postman_id":"6023d52c-376c-4ba8-b4ed-a13f50a5d29c","name":"UK Offers","schema":"https://schema.getpostman.com/json/collection/v2.1.0/collection.json"},"item":[{"name":"PAPI Proxy URLs","item":[{"name":"Card Offers - PAPI Proxy HSBC Red Brand","event":[{"listen":"prerequest","script":{"exec":["var CustomerId=\"1821496027\"\r","\r","pm.sendRequest(\"http://testdataservices.apps.cf.wgdc-drn-03.cloud.uk.hsbc/idv-entity/marks-and-spencer/saml-token-type/SAML/customer-id/\"+CustomerId+\"/cam-level/30\", function (err, response) {\r","\r","function arrayBufferToString(buffer){\r","var arr = new Uint8Array(buffer);\r","var str = String.fromCharCode.apply(String, arr);\r","return str;\r","}\r","\r","var SAML = arrayBufferToString(response.stream)\r","\r","pm.environment.set(\"SAML\", SAML);\r","});"],"type":"text/javascript","id":"9222fd40-5056-4f4e-8ca5-80aece024528"}}],"id":"779a4715-b590-4c3e-be6f-ceed5ecbaae3","protocolProfileBehavior":{"disableBodyPruning":true},"request":{"method":"GET","header":[{"key":"Content-Type","value":"application/json","type":"text"},{"key":"Accept","value":"application/json","type":"text"},{"key":"X-HSBC-GBGF","value":"RBWM","type":"text"},{"key":"X-HSBC-SoR-CountryCode","value":"GB","type":"text"},{"key":"X-HSBC-Chnl-Group-Member","value":"HBEU","type":"text"},{"key":"X-HSBC-Channel-Id","value":"MOBILE","type":"text"},{"key":"X-HSBC-Chnl-CountryCode","value":"GB","type":"text"},{"key":"X-HSBC-User-Id","value":"R2DSDEV","type":"text","disabled":true},{"key":"X-HSBC-Source-System-Id","value":"1234","type":"text"},{"key":"X-HSBC-Session-Correlation-Id","value":"2669507071175559780414232847124990218481112510604426613930992234227174259939168792983","type":"text"},{"key":"X-HSBC-Src-UserAgent","value":"Mozilla/5.0 (iPad; U; CPU OS 3_2_1 like Mac OS X; en-us) AppleWebKit/531.21.10 (KHTML, like Gecko) Mobile/7B405:","type":"text"},{"key":"X-HSBC-Request-Correlation-Id","value":"550e8400-e29b-41d4-a716-44665544","type":"text"},{"key":"X-HSBC-Client-Id","value":"ddf329faca55494eaffd551f5b1fafcc","type":"text"},{"key":"X-HSBC-Client-Secret","value":"0f28B8aFEDEc4CB2A7271B121f795AE2","type":"text"},{"key":"Authorization","value":"Bearer","type":"text"},{"key":"x-hsbc-sensitive-data","value":"[{\"key\":\"1526cbe98ceeeb4c2fff5531881c6f48a17875e27cfa0545ae4f4607bd03b4be\",\"value\":\"0004546385040550426\"}]","type":"text"},{"key":"X-Forwarded-Proto","value":"https","type":"text","disabled":true}],"url":{"raw":"https://devcluster.api.p2g.netd2.hsbc.com.hk/ob-cma-product-offers--gb-hbeu-cma-rbwm-cert-proxy/v1/accounts/1526cbe98ceeeb4c2fff5531881c6f48a17875e27cfa0545ae4f4607bd03b4be/offers","protocol":"https","host":["devcluster","api","p2g","netd2","hsbc","com","hk"],"path":["ob-cma-product-offers--gb-hbeu-cma-rbwm-cert-proxy","v1","accounts","1526cbe98ceeeb4c2fff5531881c6f48a17875e27cfa0545ae4f4607bd03b4be","offers"],"query":[{"key":"consentId","value":"63347e3d-874f-45ea-a899-d326fb2bae88","disabled":true},{"key":"requestorAccountId","value":"","disabled":true},{"key":"requestorAccountId","value":"","disabled":true},{"key":"accountSubType","value":"","disabled":true},{"key":"productSystemCode","value":"","disabled":true},{"key":"productCode","value":"","disabled":true},{"key":"directionOfTravel","value":"","disabled":true},{"key":"recordPointer","value":"","disabled":true}]}},"response":[]},{"name":"Card Offers - PAPI Proxy M&S","event":[{"listen":"prerequest","script":{"exec":["var CustomerId=\"1821496027\"\r","\r","pm.sendRequest(\"http://testdataservices.apps.cf.wgdc-drn-03.cloud.uk.hsbc/idv-entity/marks-and-spencer/saml-token-type/SAML/customer-id/\"+CustomerId+\"/cam-level/30\", function (err, response) {\r","\r","function arrayBufferToString(buffer){\r","var arr = new Uint8Array(buffer);\r","var str = String.fromCharCode.apply(String, arr);\r","return str;\r","}\r","\r","var SAML = arrayBufferToString(response.stream)\r","\r","pm.environment.set(\"SAML\", SAML);\r","});"],"type":"text/javascript","id":"2f5f3235-e82c-4b25-b390-63effad1140c"}}],"id":"0f92fc86-b8df-46d8-811a-a2b4f626653d","protocolProfileBehavior":{"disableBodyPruning":true},"request":{"method":"GET","header":[{"key":"Content-Type","value":"application/json","type":"text"},{"key":"Accept","value":"application/json","type":"text"},{"key":"X-HSBC-GBGF","value":"RBWM","type":"text"},{"key":"X-HSBC-SoR-CountryCode","value":"GB","type":"text"},{"key":"X-HSBC-Chnl-Group-Member","value":"MSRF","type":"text"},{"key":"X-HSBC-Channel-Id","value":"MOBILE","type":"text"},{"key":"X-HSBC-Chnl-CountryCode","value":"GB","type":"text"},{"key":"X-HSBC-User-Id","value":"R2DSDEV","type":"text","disabled":true},{"key":"X-HSBC-Source-System-Id","value":"1234","type":"text"},{"key":"X-HSBC-Session-Correlation-Id","value":"2669507071175559780414232847124990218481112510604426613930992234227174259939168792983","type":"text"},{"key":"X-HSBC-Src-UserAgent","value":"Mozilla/5.0 (iPad; U; CPU OS 3_2_1 like Mac OS X; en-us) AppleWebKit/531.21.10 (KHTML, like Gecko) Mobile/7B405:","type":"text"},{"key":"X-HSBC-Request-Correlation-Id","value":"550e8400-e29b-41d4-a716-44665544","type":"text"},{"key":"X-HSBC-Client-Id","value":"ddf329faca55494eaffd551f5b1fafcc","type":"text"},{"key":"X-HSBC-Client-Secret","value":"0f28B8aFEDEc4CB2A7271B121f795AE2","type":"text"},{"key":"Authorization","value":"Bearer","type":"text"},{"key":"x-hsbc-sensitive-data","value":"[{\"key\":\"1526cbe98ceeeb4c2fff5531881c6f48a17875e27cfa0545ae4f4607bd03b4be\",\"value\":\"0005299301063327234\"}]","type":"text"},{"key":"X-Forwarded-Proto","value":"https","type":"text","disabled":true}],"url":{"raw":"https://devcluster.api.p2g.netd2.hsbc.com.hk/ob-cma-product-offers--gb-hbeu-cma-rbwm-cert-proxy/v1/accounts/1526cbe98ceeeb4c2fff5531881c6f48a17875e27cfa0545ae4f4607bd03b4be/offers","protocol":"https","host":["devcluster","api","p2g","netd2","hsbc","com","hk"],"path":["ob-cma-product-offers--gb-hbeu-cma-rbwm-cert-proxy","v1","accounts","1526cbe98ceeeb4c2fff5531881c6f48a17875e27cfa0545ae4f4607bd03b4be","offers"],"query":[{"key":"consentId","value":"63347e3d-874f-45ea-a899-d326fb2bae88","disabled":true},{"key":"requestorAccountId","value":"","disabled":true},{"key":"requestorAccountId","value":"","disabled":true},{"key":"accountSubType","value":"","disabled":true},{"key":"productSystemCode","value":"","disabled":true},{"key":"productCode","value":"","disabled":true},{"key":"directionOfTravel","value":"","disabled":true},{"key":"recordPointer","value":"","disabled":true}]}},"response":[]}],"id":"effe4e97-6712-4400-a1a6-7f24b903db97"},{"name":"PAPI PCF URLs","item":[{"name":"Card Offers - PAPI HSBC Red Brand","event":[{"listen":"prerequest","script":{"exec":["var CustomerId=\"1821496027\"\r","\r","pm.sendRequest(\"http://testdataservices.apps.cf.wgdc-drn-03.cloud.uk.hsbc/idv-entity/marks-and-spencer/saml-token-type/SAML/customer-id/\"+CustomerId+\"/cam-level/30\", function (err, response) {\r","\r","function arrayBufferToString(buffer){\r","var arr = new Uint8Array(buffer);\r","var str = String.fromCharCode.apply(String, arr);\r","return str;\r","}\r","\r","var SAML = arrayBufferToString(response.stream)\r","\r","pm.environment.set(\"SAML\", SAML);\r","});"],"type":"text/javascript","id":"d769dbad-e9b1-4727-a2d2-ec409eb6fecb"}}],"id":"16491adf-9c6d-49ae-8838-f0ee83ae2a57","protocolProfileBehavior":{"disableBodyPruning":true},"request":{"method":"GET","header":[{"key":"Content-Type","value":"application/json","type":"text"},{"key":"Accept","value":"application/json","type":"text"},{"key":"X-HSBC-GBGF","value":"RBWM","type":"text"},{"key":"X-HSBC-SoR-CountryCode","value":"GB","type":"text"},{"key":"X-HSBC-Chnl-Group-Member","value":"HBEU","type":"text"},{"key":"X-HSBC-Channel-Id","value":"MOBILE","type":"text"},{"key":"X-HSBC-Chnl-CountryCode","value":"GB","type":"text"},{"key":"X-HSBC-User-Id","value":"R2DSDEV","type":"text","disabled":true},{"key":"X-HSBC-Source-System-Id","value":"1234","type":"text"},{"key":"X-HSBC-Session-Correlation-Id","value":"2669507071175559780414232847124990218481112510604426613930992234227174259939168792983","type":"text"},{"key":"X-HSBC-Src-UserAgent","value":"Mozilla/5.0 (iPad; U; CPU OS 3_2_1 like Mac OS X; en-us) AppleWebKit/531.21.10 (KHTML, like Gecko) Mobile/7B405:","type":"text"},{"key":"X-HSBC-Request-Correlation-Id","value":"550e8400-e29b-41d4-a716-44665544","type":"text"},{"key":"X-HSBC-Client-Id","value":"ddf329faca55494eaffd551f5b1fafcc","type":"text"},{"key":"X-HSBC-Client-Secret","value":"0f28B8aFEDEc4CB2A7271B121f795AE2","type":"text"},{"key":"X-HSBC-Saml","value":"{{SAML}}","type":"text"},{"key":"x-hsbc-sensitive-data","value":"[{\"key\":\"1526cbe98ceeeb4c2fff5531881c6f48a17875e27cfa0545ae4f4607bd03b4be\",\"value\":\"0004546385040550426\"}]","type":"text"},{"key":"X-Forwarded-Proto","value":"https","type":"text","disabled":true}],"url":{"raw":"https://ob-cma-product-offers--gb-hbeu-cma-rbwm-v1-cert.apps.cf.skm-drn-01.cloud.hk.hsbc/accounts/1526cbe98ceeeb4c2fff5531881c6f48a17875e27cfa0545ae4f4607bd03b4be/offers","protocol":"https","host":["ob-cma-product-offers--gb-hbeu-cma-rbwm-v1-cert","apps","cf","skm-drn-01","cloud","hk","hsbc"],"path":["accounts","1526cbe98ceeeb4c2fff5531881c6f48a17875e27cfa0545ae4f4607bd03b4be","offers"],"query":[{"key":"consentId","value":"63347e3d-874f-45ea-a899-d326fb2bae88","disabled":true},{"key":"requestorAccountId","value":"","disabled":true},{"key":"requestorAccountId","value":"","disabled":true},{"key":"accountSubType","value":"","disabled":true},{"key":"productSystemCode","value":"","disabled":true},{"key":"productCode","value":"","disabled":true},{"key":"directionOfTravel","value":"","disabled":true},{"key":"recordPointer","value":"","disabled":true}]}},"response":[]},{"name":"Card Offers - PAPI HSBC Test brand","event":[{"listen":"prerequest","script":{"id":"c81617ca-5351-4240-b9a9-86e3ae8f6585","exec":["var CustomerId=\"1821496027\"\r","\r","pm.sendRequest(\"http://testdataservices.apps.cf.wgdc-drn-03.cloud.uk.hsbc/idv-entity/marks-and-spencer/saml-token-type/SAML/customer-id/\"+CustomerId+\"/cam-level/30\", function (err, response) {\r","\r","function arrayBufferToString(buffer){\r","var arr = new Uint8Array(buffer);\r","var str = String.fromCharCode.apply(String, arr);\r","return str;\r","}\r","\r","var SAML = arrayBufferToString(response.stream)\r","\r","pm.environment.set(\"SAML\", SAML);\r","});"],"type":"text/javascript"}}],"id":"5afcd5da-6114-45be-afd6-0dde63d75da0","protocolProfileBehavior":{"disableBodyPruning":true},"request":{"method":"GET","header":[{"key":"Content-Type","value":"application/json","type":"text"},{"key":"Accept","value":"application/json","type":"text"},{"key":"X-HSBC-GBGF","value":"RBWM","type":"text"},{"key":"X-HSBC-SoR-CountryCode","value":"GB","type":"text"},{"key":"X-HSBC-Chnl-Group-Member","value":"HRFB","type":"text"},{"key":"X-HSBC-Channel-Id","value":"MOBILE","type":"text"},{"key":"X-HSBC-Chnl-CountryCode","value":"GB","type":"text"},{"key":"X-HSBC-User-Id","value":"R2DSDEV","type":"text","disabled":true},{"key":"X-HSBC-Source-System-Id","value":"1234","type":"text"},{"key":"X-HSBC-Session-Correlation-Id","value":"2669507071175559780414232847124990218481112510604426613930992234227174259939168792983","type":"text"},{"key":"X-HSBC-Src-UserAgent","value":"Mozilla/5.0 (iPad; U; CPU OS 3_2_1 like Mac OS X; en-us) AppleWebKit/531.21.10 (KHTML, like Gecko) Mobile/7B405:","type":"text"},{"key":"X-HSBC-Request-Correlation-Id","value":"550e8400-e29b-41d4-a716-44665544","type":"text"},{"key":"X-HSBC-Client-Id","value":"ddf329faca55494eaffd551f5b1fafcc","type":"text"},{"key":"X-HSBC-Client-Secret","value":"0f28B8aFEDEc4CB2A7271B121f795AE2","type":"text"},{"key":"X-HSBC-Saml","value":"{{SAML}}","type":"text"},{"key":"x-hsbc-sensitive-data","value":"[{\"key\":\"fb822c0663e24e173a81f22e020a6da9b6d166456325fe8d22355572aa798e8b\",\"value\":\"4546385048944332\"}]","type":"text"},{"key":"X-Forwarded-Proto","value":"https","type":"text","disabled":true}],"url":{"raw":"https://ob-cma-product-offers--gb-hbeu-cma-rbwm-v1-cert.apps.cf.skm-drn-01.cloud.hk.hsbc/accounts/fb822c0663e24e173a81f22e020a6da9b6d166456325fe8d22355572aa798e8b/offers","protocol":"https","host":["ob-cma-product-offers--gb-hbeu-cma-rbwm-v1-cert","apps","cf","skm-drn-01","cloud","hk","hsbc"],"path":["accounts","fb822c0663e24e173a81f22e020a6da9b6d166456325fe8d22355572aa798e8b","offers"],"query":[{"key":"consentId","value":"63347e3d-874f-45ea-a899-d326fb2bae88","disabled":true},{"key":"requestorAccountId","value":"","disabled":true},{"key":"requestorAccountId","value":"","disabled":true},{"key":"accountSubType","value":"","disabled":true},{"key":"productSystemCode","value":"","disabled":true},{"key":"productCode","value":"","disabled":true},{"key":"directionOfTravel","value":"","disabled":true},{"key":"recordPointer","value":"","disabled":true}]}},"response":[]},{"name":"Card Offers - PAPI M&S","event":[{"listen":"prerequest","script":{"exec":["var CustomerId=\"1821496027\"\r","\r","pm.sendRequest(\"http://testdataservices.apps.cf.wgdc-drn-03.cloud.uk.hsbc/idv-entity/marks-and-spencer/saml-token-type/SAML/customer-id/\"+CustomerId+\"/cam-level/30\", function (err, response) {\r","\r","function arrayBufferToString(buffer){\r","var arr = new Uint8Array(buffer);\r","var str = String.fromCharCode.apply(String, arr);\r","return str;\r","}\r","\r","var SAML = arrayBufferToString(response.stream)\r","\r","pm.environment.set(\"SAML\", SAML);\r","});"],"type":"text/javascript","id":"a6f6dfa7-c240-4a80-acff-7401ff57473f"}}],"id":"cf73e564-a853-4266-833d-f0a01cffc3a4","protocolProfileBehavior":{"disableBodyPruning":true},"request":{"method":"GET","header":[{"key":"Content-Type","value":"application/json","type":"text"},{"key":"Accept","value":"application/json","type":"text"},{"key":"X-HSBC-GBGF","value":"RBWM","type":"text"},{"key":"X-HSBC-SoR-CountryCode","value":"GB","type":"text"},{"key":"X-HSBC-Chnl-Group-Member","value":"MSRF","type":"text"},{"key":"X-HSBC-Channel-Id","value":"MOBILE","type":"text"},{"key":"X-HSBC-Chnl-CountryCode","value":"GB","type":"text"},{"key":"X-HSBC-User-Id","value":"R2DSDEV","type":"text","disabled":true},{"key":"X-HSBC-Source-System-Id","value":"1234","type":"text"},{"key":"X-HSBC-Session-Correlation-Id","value":"2669507071175559780414232847124990218481112510604426613930992234227174259939168792983","type":"text"},{"key":"X-HSBC-Src-UserAgent","value":"Mozilla/5.0 (iPad; U; CPU OS 3_2_1 like Mac OS X; en-us) AppleWebKit/531.21.10 (KHTML, like Gecko) Mobile/7B405:","type":"text"},{"key":"X-HSBC-Request-Correlation-Id","value":"550e8400-e29b-41d4-a716-44665544","type":"text"},{"key":"X-HSBC-Client-Id","value":"ddf329faca55494eaffd551f5b1fafcc","type":"text"},{"key":"X-HSBC-Client-Secret","value":"0f28B8aFEDEc4CB2A7271B121f795AE2","type":"text"},{"key":"X-HSBC-Saml","value":"{{SAML}}","type":"text"},{"key":"x-hsbc-sensitive-data","value":"[{\"key\":\"1526cbe98ceeeb4c2fff5531881c6f48a17875e27cfa0545ae4f4607bd03b4be\",\"value\":\"0005299301063327234\"}]","type":"text"},{"key":"X-Forwarded-Proto","value":"https","type":"text","disabled":true}],"url":{"raw":"https://ob-cma-product-offers--gb-hbeu-cma-rbwm-v1-cert.apps.cf.skm-drn-01.cloud.hk.hsbc/accounts/1526cbe98ceeeb4c2fff5531881c6f48a17875e27cfa0545ae4f4607bd03b4be/offers","protocol":"https","host":["ob-cma-product-offers--gb-hbeu-cma-rbwm-v1-cert","apps","cf","skm-drn-01","cloud","hk","hsbc"],"path":["accounts","1526cbe98ceeeb4c2fff5531881c6f48a17875e27cfa0545ae4f4607bd03b4be","offers"],"query":[{"key":"consentId","value":"63347e3d-874f-45ea-a899-d326fb2bae88","disabled":true},{"key":"requestorAccountId","value":"","disabled":true},{"key":"requestorAccountId","value":"","disabled":true},{"key":"accountSubType","value":"","disabled":true},{"key":"productSystemCode","value":"","disabled":true},{"key":"productCode","value":"","disabled":true},{"key":"directionOfTravel","value":"","disabled":true},{"key":"recordPointer","value":"","disabled":true}]}},"response":[]}],"id":"13a41a92-6fec-435b-ae9d-9788557e3625"},{"name":"SAPI URLs","item":[{"name":"Get HSBC BT Offer Inquiry-card-account","event":[{"listen":"prerequest","script":{"exec":["pm.sendRequest(\"http://testdataservices.apps.cf.wgdc-drn-03.cloud.uk.hsbc/idv-entity/marks-and-spencer/saml-token-type/SAML/customer-id/1821496027/cam-level/30\", function (err, response) {\r","\r","function arrayBufferToString(buffer){\r","var arr = new Uint8Array(buffer);\r","var str = String.fromCharCode.apply(String, arr);\r","return str;\r","}\r","\r","var SAML = arrayBufferToString(response.stream)\r","\r","pm.environment.set(\"SAML\", SAML);\r","});"],"type":"text/javascript","id":"69b30eee-1a0d-4f1b-996c-953a328b4339"}}],"id":"d8097c7c-b7e7-4990-94de-49d3b79603c7","protocolProfileBehavior":{"disableBodyPruning":true},"request":{"method":"GET","header":[{"key":"X-HSBC-GBGF","value":"RBWM","type":"text"},{"key":"X-HSBC-Chnl-CountryCode","value":"GB","type":"text"},{"key":"X-HSBC-Chnl-Group-Member","value":"HBEU","type":"text"},{"key":"X-HSBC-User-Id","value":"R2DSDEV","type":"text"},{"key":"X-HSBC-Channel-Id","value":"OHI","type":"text"},{"key":"X-HSBC-Source-System-Id","value":"1234","type":"text"},{"key":"X-HSBC-Session-Correlation-Id","value":"2669507071175559780414232847124990218481112510604426613930992234227174259939168792983","type":"text"},{"key":"X-HSBC-Src-UserAgent","value":"Mozilla/5.0 (iPad; U; CPU OS 3_2_1 like Mac OS X; en-us) AppleWebKit/531.21.10 (KHTML, like Gecko) Mobile/7B405:","type":"text"},{"key":"X-HSBC-Request-Correlation-Id","value":"550e8400-e29b-41d4-a716-44665544","type":"text"},{"key":"HSBC-CLIENT-IP","value":"150.172.238.178","type":"text"},{"key":"X-HSBC-Client-Id","value":"ddf329faca55494eaffd551f5b1fafcc","type":"text"},{"key":"X-HSBC-Client-Secret","value":"0f28B8aFEDEc4CB2A7271B121f795AE2","type":"text"},{"key":"X-HSBC-E2E-Trust-Token","value":"{{SAML}}","type":"text"},{"key":"X-HSBC-Saml","value":"","type":"text","disabled":true},{"key":"X-HSBC-Saml2","value":"<saml:Assertion xmlns:saml=\"http://www.hsbc.com/saas/assertion\"><Signature><KeyAlias></KeyAlias><SignatureValue></SignatureValue></Signature><saml:Subject><saml:NameID></saml:NameID></saml:Subject><saml:Conditions NotBefore=\"2000-01-01T00:00:00.000Z\" NotOnOrAfter=\"2100-00-00T00:00:00.000Z\" /><saml:AttributeStatement><saml:Attribute Name=\"IP\"><saml:AttributeValue>127.0.0.1</saml:AttributeValue></saml:Attribute><saml:Attribute Name=\"CAM\"><saml:AttributeValue>0</saml:AttributeValue></saml:Attribute></saml:AttributeStatement></saml:Assertion> ","type":"text","disabled":true},{"key":"X-HSBC-Saml3","value":"<saml:Assertion xmlns:saml=\"http://www.hsbc.com/saas/assertion\"><Signature><KeyAlias></KeyAlias><SignatureValue></SignatureValue></Signature><saml:Subject><saml:NameID></saml:NameID></saml:Subject><saml:Conditions NotBefore=\"2000-01-01T00:00:00.000Z\" NotOnOrAfter=\"2100-00-00T00:00:00.000Z\" /><saml:AttributeStatement><saml:Attribute Name=\"IP\"><saml:AttributeValue>127.0.0.1</saml:AttributeValue></saml:Attribute><saml:Attribute Name=\"CAM\"><saml:AttributeValue>0</saml:AttributeValue></saml:Attribute></saml:AttributeStatement></saml:Assertion> ","type":"text","disabled":true},{"key":"Content-Type","value":"application/json","type":"text"},{"key":"x-hsbc-sensitive-data","value":"[{\"key\":\"14b7ace0c18d954d62943d8ba52c4de2a7cdfa1fc5489b87e9a35b1a3036b403\",\"value\":\"0004546385040550426\"}]","type":"text"}],"body":{"mode":"raw","raw":""},"url":{"raw":"https://digitaldev-int-rbwm.hk.hsbc/cards-int-gb-hbeu-sa-ohc-benf-offer-dtls-inq-cert-internal-proxy/v2/card-accounts/14b7ace0c18d954d62943d8ba52c4de2a7cdfa1fc5489b87e9a35b1a3036b403/beneficiary-offer-details","protocol":"https","host":["digitaldev-int-rbwm","hk","hsbc"],"path":["cards-int-gb-hbeu-sa-ohc-benf-offer-dtls-inq-cert-internal-proxy","v2","card-accounts","14b7ace0c18d954d62943d8ba52c4de2a7cdfa1fc5489b87e9a35b1a3036b403","beneficiary-offer-details"]}},"response":[]},{"name":"Get Mns BT Offer Inquiry-card-account","event":[{"listen":"prerequest","script":{"exec":["pm.sendRequest(\"http://testdataservices.apps.cf.wgdc-drn-03.cloud.uk.hsbc/idv-entity/marks-and-spencer/saml-token-type/SAML/customer-id/1821496027/cam-level/30\", function (err, response) {\r","\r","function arrayBufferToString(buffer){\r","var arr = new Uint8Array(buffer);\r","var str = String.fromCharCode.apply(String, arr);\r","return str;\r","}\r","\r","var SAML = arrayBufferToString(response.stream)\r","\r","pm.environment.set(\"SAML\", SAML);\r","});"],"type":"text/javascript","id":"6772c0f1-e8dc-4ba7-8133-7deffe2835db"}}],"id":"58f9fb2a-8802-4be7-98f8-52382a19a094","protocolProfileBehavior":{"disableBodyPruning":true},"request":{"method":"GET","header":[{"key":"X-HSBC-GBGF","value":"RBWM","type":"text"},{"key":"X-HSBC-Chnl-CountryCode","value":"GB","type":"text"},{"key":"X-HSBC-Chnl-Group-Member","value":"HBEU","type":"text"},{"key":"X-HSBC-User-Id","value":"R2DSDEV","type":"text"},{"key":"X-HSBC-Channel-Id","value":"OHI","type":"text"},{"key":"X-HSBC-Source-System-Id","value":"1234","type":"text"},{"key":"X-HSBC-Session-Correlation-Id","value":"2669507071175559780414232847124990218481112510604426613930992234227174259939168792983","type":"text"},{"key":"X-HSBC-Src-UserAgent","value":"Mozilla/5.0 (iPad; U; CPU OS 3_2_1 like Mac OS X; en-us) AppleWebKit/531.21.10 (KHTML, like Gecko) Mobile/7B405:","type":"text"},{"key":"X-HSBC-Request-Correlation-Id","value":"550e8400-e29b-41d4-a716-44665544","type":"text"},{"key":"HSBC-CLIENT-IP","value":"150.172.238.178","type":"text"},{"key":"X-HSBC-Client-Id","value":"ddf329faca55494eaffd551f5b1fafcc","type":"text"},{"key":"X-HSBC-Client-Secret","value":"0f28B8aFEDEc4CB2A7271B121f795AE2","type":"text"},{"key":"X-HSBC-E2E-Trust-Token","value":"{{SAML}}","type":"text"},{"key":"X-HSBC-Saml","value":"","type":"text","disabled":true},{"key":"X-HSBC-Saml2","value":"<saml:Assertion xmlns:saml=\"http://www.hsbc.com/saas/assertion\"><Signature><KeyAlias></KeyAlias><SignatureValue></SignatureValue></Signature><saml:Subject><saml:NameID></saml:NameID></saml:Subject><saml:Conditions NotBefore=\"2000-01-01T00:00:00.000Z\" NotOnOrAfter=\"2100-00-00T00:00:00.000Z\" /><saml:AttributeStatement><saml:Attribute Name=\"IP\"><saml:AttributeValue>127.0.0.1</saml:AttributeValue></saml:Attribute><saml:Attribute Name=\"CAM\"><saml:AttributeValue>0</saml:AttributeValue></saml:Attribute></saml:AttributeStatement></saml:Assertion> ","type":"text","disabled":true},{"key":"X-HSBC-Saml3","value":"<saml:Assertion xmlns:saml=\"http://www.hsbc.com/saas/assertion\"><Signature><KeyAlias></KeyAlias><SignatureValue></SignatureValue></Signature><saml:Subject><saml:NameID></saml:NameID></saml:Subject><saml:Conditions NotBefore=\"2000-01-01T00:00:00.000Z\" NotOnOrAfter=\"2100-00-00T00:00:00.000Z\" /><saml:AttributeStatement><saml:Attribute Name=\"IP\"><saml:AttributeValue>127.0.0.1</saml:AttributeValue></saml:Attribute><saml:Attribute Name=\"CAM\"><saml:AttributeValue>0</saml:AttributeValue></saml:Attribute></saml:AttributeStatement></saml:Assertion> ","type":"text","disabled":true},{"key":"Content-Type","value":"application/json","type":"text"},{"key":"x-hsbc-sensitive-data","value":"[{\"key\":\"1526cbe98ceeeb4c2fff5531881c6f48a17875e27cfa0545ae4f4607bd03b4be\",\"value\":\"0005299301063327234\"}]","type":"text"}],"body":{"mode":"raw","raw":""},"url":{"raw":"https://cards-int-gb-msrf-sa-ohc-benf-offer-dtls-inq-2.hsbc-card-capi-mns01-cert.svc.default.shp.euw1.pre-prod.aws.cloud.hsbc/api/card-accounts/1526cbe98ceeeb4c2fff5531881c6f48a17875e27cfa0545ae4f4607bd03b4be/beneficiary-offer-details","protocol":"https","host":["cards-int-gb-msrf-sa-ohc-benf-offer-dtls-inq-2","hsbc-card-capi-mns01-cert","svc","default","shp","euw1","pre-prod","aws","cloud","hsbc"],"path":["api","card-accounts","1526cbe98ceeeb4c2fff5531881c6f48a17875e27cfa0545ae4f4607bd03b4be","beneficiary-offer-details"]}},"response":[]}],"id":"a3b0290b-4ec7-4f98-837c-150f55234d6f"}]}