{"info":{"_postman_id":"70f689ac-685c-486c-8ad1-eb75b77dcb47","name":"OBIE AISP PSD2 MNS","schema":"https://schema.getpostman.com/json/collection/v2.1.0/collection.json"},"item":[{"name":"01 -  Register","event":[{"listen":"prerequest","script":{"id":"1c161770-d682-45b8-8836-a9c77ddc430a","exec":["var navigator = {};","var window = {};","eval(pm.environment.get(\"module:jsrsasign\"));","var sPKCS8PEM = `-----BEGIN PRIVATE KEY-----","MIIEvQIBADANBgkqhkiG9w0BAQEFAASCBKcwggSjAgEAAoIBAQChzaODZAvmrxEa","g+vMSEUoDB3A5X3koN56HbGqpQVH6Mu6BG1NarIh64mEBKI0GvM2nQxogXfZ57Gp","cwGgb5SChwVd/j6zP8aW2exZglDZwsLjctBbbraAEA2LgXh7pat5VdprNBLA9juC","bQRnRD83vhBhI+sIu373OStqIQ7EtCiqosGytkDOyb5LWz/gsTuRzbkCf0Hn2HLX","iDcuDTuQm9TSqx18X1oK3/pTKY2r7uQe2pbrdujn5O31NTTsfIvIQFQn592v7EeY","y6lFiURIx2abhhHo61BnnJIQokgGWNmtL4tgNuO29N6bdYdwtDjKQbpoL4aK9Y5T","aod09C7PAgMBAAECggEASzv8ANcfNYdHk6WtmZItHd7sYsoSzKEEcZGnD+qlVvdm","6zqtvCaVZ3JGwe0JouK5HjbOEzXIDblPAbRpGDlpu3uewkK60swfwfrYjBItF+QY","jHvRaAJFt6w/MBPmes/guI1z/w76fWDA8PdR6dZw8rFcml6CJdBQzBF4H2P5ovpF","zDGuBfsIupgRh32xZLsgn1Y0R4/TlHMK9sDk2hwzFVlfeG+riuW7ljbbZTJZd5Kj","fVFC3Ql1TXAbNe7RQOhPlYhtn+Ni3GrSZJt+GZCyymC+Kfr9rihl6ySlMJxON+O9","u60xqB0A28JQWwi28bbFXkPulQ/ExuaK9KiYCcLHIQKBgQD0gAmFcW6PKL1njuKV","2D7wkW9oiaHj4MRWkupn1wsPJOYy7FtHHiE0HCiMaIAihJk4RsMRuFNLKYHiBSDO","Y0LuAG6QR3H5SarkYH14g70qOjQlmsk8DZ+TUNiYGbDcH8b4VkNBVT2kjYQTH4ot","DY/f/G3CAu0XT5qSY6MuJo+BvwKBgQCpad63m6OxxPTsrca+MQj+TlAv8iW26Blq","kwgM/nAFlDCDe08FzZo+MdX4R1ep/i2IBeu3c4md53jgBIb2Nc7YbathVPJv9Nzu","c9fqvDZesytOJw+ncuw0BABq/w3cIoCG9Zl0KYwaTQIrzj0theHLX/nAFaIN/pSs","lrDwFzN28QKBgQDEsdh3DQknjFvLWuy4Ja6EtEuPKuIdRC5Pg4OmJB7WgRXcM78+","2GNX26tXQZ6LpmbpGixGLiZ8GhlOLlf1EW+/roND+OYc6YHcli96a2kb9pULB5oK","gN82kVyeCFT60WmtUSBsB9o+bkapZ78ufXGYfSgDY30/OqAcUqHtN8JNWwKBgHOt","K3r5VeuTTZ2yBotlFfv24z/puqDKmFgx7wRYU4srpXiRoOKYgeJHyw9NP2l+ef5v","9IR96pCcNefYj4LcONGFCMlb5HJXoudayCqquwEsm7wwZbrzeJ8HwHVOlFskX9hH","KLGtkNGAlaPtnc5QpV1lujXTT6T4mPHDrysw3F4xAoGAENJUj6zejLsddubXbq5Y","3Sg8mVaq6RPaOEI40SCQz1weMWWJYqLy0swssGnIzOB/tSLbq0vZ4CVVlJKqGnqo","hLlQb+Tt3ZQrWOXwwmbdq5QztroxJDV5sHn3Yuse1R4Uzean3n2HIb8YeqyBw8NA","siL7t3nAQPxtaltTB1HoDJ4=","-----END PRIVATE KEY-----`;","var prvKey = KEYUTIL.getKey(sPKCS8PEM);","var joseHeader = '{\"alg\":\"PS256\",\"kid\":\"90210\"}'","var software_client_id = Math.random().toString(22).substring(3, 14) + Math.random().toString(36).substring(3, 14);","console.log(\"time = \" + software_client_id);","","var payloadSoftwareStatement = '{\"software_mode\": \"TODO\", \"software_environment\": \"TODO\", \"software_client_uri\": \"https://TODO.com\",\"software_logo_uri\": \"https://TODO.com\",\"software_policy_uri\": \"https://TODO.com\",\"software_tos_uri\": \"https://TODO.com\",\"software_on_behalf_of_org\": \"https://TODO.com\",\"software_client_description\": \"software statement for testing purposes\",\"software_jwks_revoked_endpoint\": \"https://TODO.com\",\"software_roles\": [\"PISP\",\"CBPII\",\"AISP\"],\"org_jwks_endpoint\": \"https://TODO.com\",\"org_status\": \"Active\",\"org_contacts\": [],\"organisation_competent_authority_claims\": [],\"org_id\": \"5cb8572403f0df\",\"org_name\": \"obforgerocktest\",\"org_jwks_revoked_endpoint\": \"https://TODO.com\",\"software_client_name\": \"test\",\"iss\": \"ForgeRock\",\"iat\": 1556445993,\"jti\": \"45903DAE-3174-4E9E-9047-BBAE9C1A723F\",\"software_client_id\": \"' + software_client_id + '\",\"software_redirect_uris\": [\"https://google.com/\"],\"software_id\": \"' + software_client_id + '\",\"software_jwks_endpoint\": \"https://df7quiv5l02zk.cloudfront.net/jwks/public.jwks\"}'","var softwareStatement = KJUR.jws.JWS.sign(\"PS256\", joseHeader, payloadSoftwareStatement, prvKey);","","var payload = '{\"iss\": \"ForgeRock\",\"aud\": \"' + pm.environment.get(\"aud_reg\") +'\",\"scope\": \"openid payments accounts\",\"redirect_uris\": [\"https://google.com/\"],\"response_types\": [\"code id_token\"],\"grant_types\": [\"authorization_code\",\"refresh_token\",\"client_credentials\"],\"application_type\": \"web\",\"id_token_signed_response_alg\": \"PS256\",\"request_object_signing_alg\": \"PS256\",\"token_endpoint_auth_method\": \"private_key_jwt\",\"token_endpoint_auth_signing_alg\": \"PS256\",\"software_id\": \"' + software_client_id + '\",\"software_statement\":\"' + softwareStatement + '\",\"exp\": 1874206304,\"iat\": 1555506046,\"jti\": \"45903DAE-3174-4E9E-9047-BBAE9C1A723F\"}'  ","  var requestJwt = KJUR.jws.JWS.sign(\"PS256\", joseHeader, payload, prvKey);","pm.environment.set(\"requestJwt\", requestJwt);"],"type":"text/javascript"}},{"listen":"test","script":{"id":"3140ef1e-ebd1-4727-9207-aede6ed9d396","exec":["tests[\"Status code is 201\"] = responseCode.code === 201;","","var jsonData = JSON.parse(responseBody);","tests[\"Contain ClientId\"] = (typeof jsonData.client_id !== \"undefined\");","","console.log(\"Set client_id = \" + jsonData.client_id);","pm.environment.set(\"client_id\", jsonData.client_id);"],"type":"text/javascript"}}],"id":"75abce77-51cb-4f64-9b59-a0cedc025f00","protocolProfileBehavior":{"disableBodyPruning":true},"request":{"auth":{"type":"noauth"},"method":"POST","header":[{"key":"Content-Type","name":"Content-Type","value":"application/jose","type":"text"}],"body":{"mode":"raw","raw":"{{requestJwt}}"},"url":{"raw":"{{obie_url_register}}","host":["{{obie_url_register}}"]}},"response":[]},{"name":"01 -  Register Copy","event":[{"listen":"prerequest","script":{"exec":["var navigator = {};","var window = {};","eval(pm.environment.get(\"module:jsrsasign\"));","var sPKCS8PEM = `-----BEGIN PRIVATE KEY-----","MIIEvQIBADANBgkqhkiG9w0BAQEFAASCBKcwggSjAgEAAoIBAQChzaODZAvmrxEa","g+vMSEUoDB3A5X3koN56HbGqpQVH6Mu6BG1NarIh64mEBKI0GvM2nQxogXfZ57Gp","cwGgb5SChwVd/j6zP8aW2exZglDZwsLjctBbbraAEA2LgXh7pat5VdprNBLA9juC","bQRnRD83vhBhI+sIu373OStqIQ7EtCiqosGytkDOyb5LWz/gsTuRzbkCf0Hn2HLX","iDcuDTuQm9TSqx18X1oK3/pTKY2r7uQe2pbrdujn5O31NTTsfIvIQFQn592v7EeY","y6lFiURIx2abhhHo61BnnJIQokgGWNmtL4tgNuO29N6bdYdwtDjKQbpoL4aK9Y5T","aod09C7PAgMBAAECggEASzv8ANcfNYdHk6WtmZItHd7sYsoSzKEEcZGnD+qlVvdm","6zqtvCaVZ3JGwe0JouK5HjbOEzXIDblPAbRpGDlpu3uewkK60swfwfrYjBItF+QY","jHvRaAJFt6w/MBPmes/guI1z/w76fWDA8PdR6dZw8rFcml6CJdBQzBF4H2P5ovpF","zDGuBfsIupgRh32xZLsgn1Y0R4/TlHMK9sDk2hwzFVlfeG+riuW7ljbbZTJZd5Kj","fVFC3Ql1TXAbNe7RQOhPlYhtn+Ni3GrSZJt+GZCyymC+Kfr9rihl6ySlMJxON+O9","u60xqB0A28JQWwi28bbFXkPulQ/ExuaK9KiYCcLHIQKBgQD0gAmFcW6PKL1njuKV","2D7wkW9oiaHj4MRWkupn1wsPJOYy7FtHHiE0HCiMaIAihJk4RsMRuFNLKYHiBSDO","Y0LuAG6QR3H5SarkYH14g70qOjQlmsk8DZ+TUNiYGbDcH8b4VkNBVT2kjYQTH4ot","DY/f/G3CAu0XT5qSY6MuJo+BvwKBgQCpad63m6OxxPTsrca+MQj+TlAv8iW26Blq","kwgM/nAFlDCDe08FzZo+MdX4R1ep/i2IBeu3c4md53jgBIb2Nc7YbathVPJv9Nzu","c9fqvDZesytOJw+ncuw0BABq/w3cIoCG9Zl0KYwaTQIrzj0theHLX/nAFaIN/pSs","lrDwFzN28QKBgQDEsdh3DQknjFvLWuy4Ja6EtEuPKuIdRC5Pg4OmJB7WgRXcM78+","2GNX26tXQZ6LpmbpGixGLiZ8GhlOLlf1EW+/roND+OYc6YHcli96a2kb9pULB5oK","gN82kVyeCFT60WmtUSBsB9o+bkapZ78ufXGYfSgDY30/OqAcUqHtN8JNWwKBgHOt","K3r5VeuTTZ2yBotlFfv24z/puqDKmFgx7wRYU4srpXiRoOKYgeJHyw9NP2l+ef5v","9IR96pCcNefYj4LcONGFCMlb5HJXoudayCqquwEsm7wwZbrzeJ8HwHVOlFskX9hH","KLGtkNGAlaPtnc5QpV1lujXTT6T4mPHDrysw3F4xAoGAENJUj6zejLsddubXbq5Y","3Sg8mVaq6RPaOEI40SCQz1weMWWJYqLy0swssGnIzOB/tSLbq0vZ4CVVlJKqGnqo","hLlQb+Tt3ZQrWOXwwmbdq5QztroxJDV5sHn3Yuse1R4Uzean3n2HIb8YeqyBw8NA","siL7t3nAQPxtaltTB1HoDJ4=","-----END PRIVATE KEY-----`;","var prvKey = KEYUTIL.getKey(sPKCS8PEM);","var joseHeader = '{\"alg\":\"PS256\",\"kid\":\"90210\"}'","var software_client_id = Math.random().toString(22).substring(3, 14) + Math.random().toString(36).substring(3, 14);","console.log(\"time = \" + software_client_id);","","var payloadSoftwareStatement = '{\"software_mode\": \"TODO\", \"software_environment\": \"TODO\", \"software_client_uri\": \"https://TODO.com\",\"software_logo_uri\": \"https://TODO.com\",\"software_policy_uri\": \"https://TODO.com\",\"software_tos_uri\": \"https://TODO.com\",\"software_on_behalf_of_org\": \"https://TODO.com\",\"software_client_description\": \"software statement for testing purposes\",\"software_jwks_revoked_endpoint\": \"https://TODO.com\",\"software_roles\": [\"PISP\",\"CBPII\",\"AISP\"],\"org_jwks_endpoint\": \"https://TODO.com\",\"org_status\": \"Active\",\"org_contacts\": [],\"organisation_competent_authority_claims\": [],\"org_id\": \"5cb8572403f0df\",\"org_name\": \"obforgerocktest\",\"org_jwks_revoked_endpoint\": \"https://TODO.com\",\"software_client_name\": \"test\",\"iss\": \"ForgeRock\",\"iat\": 1556445993,\"jti\": \"45903DAE-3174-4E9E-9047-BBAE9C1A723F\",\"software_client_id\": \"' + software_client_id + '\",\"software_redirect_uris\": [\"https://www.google.com/\"],\"software_id\": \"' + software_client_id + '\",\"software_jwks_endpoint\": \"https://df7quiv5l02zk.cloudfront.net/jwks/public.jwks\"}'","var softwareStatement = KJUR.jws.JWS.sign(\"PS256\", joseHeader, payloadSoftwareStatement, prvKey);","","var payload = '{\"iss\": \"ForgeRock\",\"aud\": \"' + pm.environment.get(\"aud_reg\") +'\",\"scope\": \"openid payments accounts\",\"redirect_uris\": [\"https://www.google.com/\"],\"response_types\": [\"code id_token\"],\"grant_types\": [\"authorization_code\",\"refresh_token\",\"client_credentials\"],\"application_type\": \"web\",\"id_token_signed_response_alg\": \"PS256\",\"request_object_signing_alg\": \"PS256\",\"token_endpoint_auth_method\": \"private_key_jwt\",\"token_endpoint_auth_signing_alg\": \"PS256\",\"software_id\": \"' + software_client_id + '\",\"software_statement\":\"' + softwareStatement + '\",\"exp\": 1874206304,\"iat\": 1555506046,\"jti\": \"45903DAE-3174-4E9E-9047-BBAE9C1A723F\"}'  ","  var requestJwt = KJUR.jws.JWS.sign(\"PS256\", joseHeader, payload, prvKey);","postman.setGlobalVariable(\"requestJwt\", requestJwt);"],"type":"text/javascript","id":"72b06fb2-6860-4f5d-b8d4-c101b8c6050f"}},{"listen":"test","script":{"exec":["tests[\"Status code is 201\"] = responseCode.code === 201;","","var jsonData = JSON.parse(responseBody);","tests[\"Contain ClientId\"] = (typeof jsonData.client_id !== \"undefined\");","","console.log(\"Set client_id = \" + jsonData.client_id);","postman.setGlobalVariable(\"client_id\", jsonData.client_id);"],"type":"text/javascript","id":"9b05ed70-d422-4fd6-aec9-1c2029278953"}}],"id":"6bc90a53-c5b8-45ba-8430-5779ded56b0f","protocolProfileBehavior":{"disableBodyPruning":true},"request":{"auth":{"type":"noauth"},"method":"GET","header":[{"key":"Content-Type","name":"Content-Type","value":"application/jose","type":"text"}],"body":{"mode":"raw","raw":""},"url":{"raw":"{{obie_url_register}}/","host":["{{obie_url_register}}"],"path":[""]}},"response":[]},{"name":"02 - Token Client Cred Grant","event":[{"listen":"prerequest","script":{"id":"5b07574b-f344-484d-97eb-8b39c5f87ffd","exec":["var navigator = {};","var window = {};","eval(pm.environment.get(\"module:jsrsasign\"));","var sPKCS8PEM = `-----BEGIN PRIVATE KEY-----","MIIEvQIBADANBgkqhkiG9w0BAQEFAASCBKcwggSjAgEAAoIBAQChzaODZAvmrxEa","g+vMSEUoDB3A5X3koN56HbGqpQVH6Mu6BG1NarIh64mEBKI0GvM2nQxogXfZ57Gp","cwGgb5SChwVd/j6zP8aW2exZglDZwsLjctBbbraAEA2LgXh7pat5VdprNBLA9juC","bQRnRD83vhBhI+sIu373OStqIQ7EtCiqosGytkDOyb5LWz/gsTuRzbkCf0Hn2HLX","iDcuDTuQm9TSqx18X1oK3/pTKY2r7uQe2pbrdujn5O31NTTsfIvIQFQn592v7EeY","y6lFiURIx2abhhHo61BnnJIQokgGWNmtL4tgNuO29N6bdYdwtDjKQbpoL4aK9Y5T","aod09C7PAgMBAAECggEASzv8ANcfNYdHk6WtmZItHd7sYsoSzKEEcZGnD+qlVvdm","6zqtvCaVZ3JGwe0JouK5HjbOEzXIDblPAbRpGDlpu3uewkK60swfwfrYjBItF+QY","jHvRaAJFt6w/MBPmes/guI1z/w76fWDA8PdR6dZw8rFcml6CJdBQzBF4H2P5ovpF","zDGuBfsIupgRh32xZLsgn1Y0R4/TlHMK9sDk2hwzFVlfeG+riuW7ljbbZTJZd5Kj","fVFC3Ql1TXAbNe7RQOhPlYhtn+Ni3GrSZJt+GZCyymC+Kfr9rihl6ySlMJxON+O9","u60xqB0A28JQWwi28bbFXkPulQ/ExuaK9KiYCcLHIQKBgQD0gAmFcW6PKL1njuKV","2D7wkW9oiaHj4MRWkupn1wsPJOYy7FtHHiE0HCiMaIAihJk4RsMRuFNLKYHiBSDO","Y0LuAG6QR3H5SarkYH14g70qOjQlmsk8DZ+TUNiYGbDcH8b4VkNBVT2kjYQTH4ot","DY/f/G3CAu0XT5qSY6MuJo+BvwKBgQCpad63m6OxxPTsrca+MQj+TlAv8iW26Blq","kwgM/nAFlDCDe08FzZo+MdX4R1ep/i2IBeu3c4md53jgBIb2Nc7YbathVPJv9Nzu","c9fqvDZesytOJw+ncuw0BABq/w3cIoCG9Zl0KYwaTQIrzj0theHLX/nAFaIN/pSs","lrDwFzN28QKBgQDEsdh3DQknjFvLWuy4Ja6EtEuPKuIdRC5Pg4OmJB7WgRXcM78+","2GNX26tXQZ6LpmbpGixGLiZ8GhlOLlf1EW+/roND+OYc6YHcli96a2kb9pULB5oK","gN82kVyeCFT60WmtUSBsB9o+bkapZ78ufXGYfSgDY30/OqAcUqHtN8JNWwKBgHOt","K3r5VeuTTZ2yBotlFfv24z/puqDKmFgx7wRYU4srpXiRoOKYgeJHyw9NP2l+ef5v","9IR96pCcNefYj4LcONGFCMlb5HJXoudayCqquwEsm7wwZbrzeJ8HwHVOlFskX9hH","KLGtkNGAlaPtnc5QpV1lujXTT6T4mPHDrysw3F4xAoGAENJUj6zejLsddubXbq5Y","3Sg8mVaq6RPaOEI40SCQz1weMWWJYqLy0swssGnIzOB/tSLbq0vZ4CVVlJKqGnqo","hLlQb+Tt3ZQrWOXwwmbdq5QztroxJDV5sHn3Yuse1R4Uzean3n2HIb8YeqyBw8NA","siL7t3nAQPxtaltTB1HoDJ4=","-----END PRIVATE KEY-----`;","var prvKey = KEYUTIL.getKey(sPKCS8PEM);","var iss = pm.environment.get(\"client_id\")","var sub = pm.environment.get(\"client_id\")","var joseHeader = '{\"alg\":\"PS256\",\"kid\":\"90210\"}'","var exp = Math.round(new Date().getTime()/1000) + 1200","var iat = Math.round(new Date().getTime()/1000)","console.log(\"time = \" + exp);","var payload = '{\"iss\": \"'+ iss +'\",\"aud\": \"' + pm.environment.get(\"aud_tok\") +'\",\"sub\":\"'+ sub +'\",\"exp\":'+ exp +'}';","var requestJwt = KJUR.jws.JWS.sign(\"PS256\", joseHeader, payload, prvKey);","pm.environment.set(\"client_Assertion\", requestJwt);"],"type":"text/javascript"}},{"listen":"test","script":{"id":"a09d474e-7f92-47a9-bbfd-c46c8e5f81e2","exec":["tests[\"Status code is 200\"] = responseCode.code === 200;","","var jsonData = JSON.parse(responseBody);","tests[\"Contain access_token\"] = (typeof jsonData.access_token !== \"undefined\");","","console.log(\"Set access_token_ccg = \" + jsonData.access_token);","pm.environment.set(\"access_token_ccg\", jsonData.access_token);"],"type":"text/javascript"}}],"id":"6ddf8113-942f-4897-a405-76864c5a12d5","protocolProfileBehavior":{"disableBodyPruning":true},"request":{"auth":{"type":"noauth"},"method":"POST","header":[{"key":"Content-Type","name":"Content-Type","value":"application/x-www-form-urlencoded","type":"text"}],"body":{"mode":"urlencoded","urlencoded":[{"key":"grant_type","value":"client_credentials","type":"text"},{"key":"scope","value":"accounts","type":"text"},{"key":"client_assertion_type","value":"urn:ietf:params:oauth:client-assertion-type:jwt-bearer","type":"text"},{"key":"client_assertion","value":"{{client_Assertion}}","type":"text"},{"key":"client_id","value":"2aafc2e4-b113-4fe9-aa56-dec270c6fdb4","type":"text","disabled":true}]},"url":{"raw":"{{obie_url_token}}","host":["{{obie_url_token}}"]}},"response":[]},{"name":"03 - Account Access Consents","event":[{"listen":"test","script":{"id":"e8b472be-634d-4fc1-aa3c-fbb2720cb661","exec":["var jsonData = JSON.parse(responseBody);","console.log(\"Set consent_id = \" + jsonData.Data.ConsentId);","pm.environment.set(\"consent_id\", jsonData.Data.ConsentId);"],"type":"text/javascript"}}],"id":"3da186e5-f663-4446-9d04-727c3e12099d","protocolProfileBehavior":{"disableBodyPruning":true},"request":{"method":"POST","header":[{"key":"Content-Type","value":"application/json"},{"key":"Accept","value":"application/json"},{"key":"Authorization","value":"Bearer {{access_token_ccg}}"},{"key":"x-fapi-financial-id","value":"test"}],"body":{"mode":"raw","raw":"{\n  \"Data\": {\n     \"Permissions\": [\n            \"ReadAccountsBasic\",\n            \"ReadAccountsDetail\",\n            \"ReadPAN\",\n            \"ReadBalances\",\n            \"ReadBeneficiariesBasic\",\n            \"ReadBeneficiariesDetail\",\n            \"ReadDirectDebits\",\n            \"ReadParty\",\n            \"ReadProducts\",\n            \"ReadScheduledPaymentsBasic\",\n            \"ReadScheduledPaymentsDetail\",\n            \"ReadStandingOrdersBasic\",\n            \"ReadStandingOrdersDetail\",\n            \"ReadTransactionsBasic\",\n            \"ReadTransactionsDetail\",\n            \"ReadTransactionsCredits\",\n            \"ReadTransactionsDebits\"\n        ],\n        \"ExpirationDateTime\": \"2023-12-16T10:25:00.685Z\" \n  },\n  \"Risk\": {}\n}"},"url":{"raw":"{{obie_url_aisp}}/account-access-consents","host":["{{obie_url_aisp}}"],"path":["account-access-consents"]},"description":"AISP/PISP => ASPSP (HSBC)"},"response":[]},{"name":"04 -OpenAmAuthorize","event":[{"listen":"prerequest","script":{"id":"5aa0cea0-cedf-4c00-88a2-18b953ff0084","exec":["var navigator = {};","var window = {};","eval(pm.environment.get(\"module:jsrsasign\"));","var sPKCS8PEM = `-----BEGIN PRIVATE KEY-----","MIIEvQIBADANBgkqhkiG9w0BAQEFAASCBKcwggSjAgEAAoIBAQChzaODZAvmrxEa","g+vMSEUoDB3A5X3koN56HbGqpQVH6Mu6BG1NarIh64mEBKI0GvM2nQxogXfZ57Gp","cwGgb5SChwVd/j6zP8aW2exZglDZwsLjctBbbraAEA2LgXh7pat5VdprNBLA9juC","bQRnRD83vhBhI+sIu373OStqIQ7EtCiqosGytkDOyb5LWz/gsTuRzbkCf0Hn2HLX","iDcuDTuQm9TSqx18X1oK3/pTKY2r7uQe2pbrdujn5O31NTTsfIvIQFQn592v7EeY","y6lFiURIx2abhhHo61BnnJIQokgGWNmtL4tgNuO29N6bdYdwtDjKQbpoL4aK9Y5T","aod09C7PAgMBAAECggEASzv8ANcfNYdHk6WtmZItHd7sYsoSzKEEcZGnD+qlVvdm","6zqtvCaVZ3JGwe0JouK5HjbOEzXIDblPAbRpGDlpu3uewkK60swfwfrYjBItF+QY","jHvRaAJFt6w/MBPmes/guI1z/w76fWDA8PdR6dZw8rFcml6CJdBQzBF4H2P5ovpF","zDGuBfsIupgRh32xZLsgn1Y0R4/TlHMK9sDk2hwzFVlfeG+riuW7ljbbZTJZd5Kj","fVFC3Ql1TXAbNe7RQOhPlYhtn+Ni3GrSZJt+GZCyymC+Kfr9rihl6ySlMJxON+O9","u60xqB0A28JQWwi28bbFXkPulQ/ExuaK9KiYCcLHIQKBgQD0gAmFcW6PKL1njuKV","2D7wkW9oiaHj4MRWkupn1wsPJOYy7FtHHiE0HCiMaIAihJk4RsMRuFNLKYHiBSDO","Y0LuAG6QR3H5SarkYH14g70qOjQlmsk8DZ+TUNiYGbDcH8b4VkNBVT2kjYQTH4ot","DY/f/G3CAu0XT5qSY6MuJo+BvwKBgQCpad63m6OxxPTsrca+MQj+TlAv8iW26Blq","kwgM/nAFlDCDe08FzZo+MdX4R1ep/i2IBeu3c4md53jgBIb2Nc7YbathVPJv9Nzu","c9fqvDZesytOJw+ncuw0BABq/w3cIoCG9Zl0KYwaTQIrzj0theHLX/nAFaIN/pSs","lrDwFzN28QKBgQDEsdh3DQknjFvLWuy4Ja6EtEuPKuIdRC5Pg4OmJB7WgRXcM78+","2GNX26tXQZ6LpmbpGixGLiZ8GhlOLlf1EW+/roND+OYc6YHcli96a2kb9pULB5oK","gN82kVyeCFT60WmtUSBsB9o+bkapZ78ufXGYfSgDY30/OqAcUqHtN8JNWwKBgHOt","K3r5VeuTTZ2yBotlFfv24z/puqDKmFgx7wRYU4srpXiRoOKYgeJHyw9NP2l+ef5v","9IR96pCcNefYj4LcONGFCMlb5HJXoudayCqquwEsm7wwZbrzeJ8HwHVOlFskX9hH","KLGtkNGAlaPtnc5QpV1lujXTT6T4mPHDrysw3F4xAoGAENJUj6zejLsddubXbq5Y","3Sg8mVaq6RPaOEI40SCQz1weMWWJYqLy0swssGnIzOB/tSLbq0vZ4CVVlJKqGnqo","hLlQb+Tt3ZQrWOXwwmbdq5QztroxJDV5sHn3Yuse1R4Uzean3n2HIb8YeqyBw8NA","siL7t3nAQPxtaltTB1HoDJ4=","-----END PRIVATE KEY----- `;","var prvKey = KEYUTIL.getKey(sPKCS8PEM);","var joseHeader = '{\"alg\":\"PS256\",\"kid\":\"90210\"}';","var client_id = pm.environment.get(\"client_id\");","var consent_id = pm.environment.get(\"consent_id\");","var payload = '{\"iss\":\"https://sandbox.hsbc.com/psd2/obie/v3.1/as/token.oauth2\",\"aud\": \"' + pm.environment.get(\"aud_auth\") +'\",\"response_type\":\"code id_token\",\"client_id\":\"'+client_id+'\",\"state\":\"lwMPIxDc9H\",\"exp\": 1874206304,\"redirect_uri\":\"https://google.com/\",\"nonce\":\"pLYLrLcNCF\",\"scope\":\"openid accounts\",\"claims\":{\"userinfo\":{\"openbanking_intent_id\":{\"value\":\"'+consent_id+'\",\"essential\":true}},\"id_token\":{\"openbanking_intent_id\":{\"essential\":true,\"value\":\"'+consent_id+'\"},\"acr\":{\"essential\":false,\"values\":[\"urn:openbanking:psd2:sca\",\"urn:openbanking:psd2:ca\"]}}}}';","var requestJwt = KJUR.jws.JWS.sign(\"PS256\", joseHeader, payload, prvKey);","pm.environment.set(\"requestJwt\", requestJwt);"],"type":"text/javascript"}},{"listen":"test","script":{"id":"8d5a14db-4d86-4618-9cca-3309990ae517","exec":["tests[\"Status code is 302\"] = responseCode.code === 302;","","let locationHeader = postman.getResponseHeader(\"Location\");","","tests[\"Contain Location header\"] = (typeof locationHeader !== \"undefined\");","","let urlArray = locationHeader.split(\"?\");","tests[\"Location header has params\"] = urlArray.length == 2;","","let host = urlArray[0];","let params = urlArray[1].split(\"&\");","let containCode = false;","params.forEach(param => {","  let keyVal = param.split(\"=\");","  if (keyVal[0] == \"redirectJwt\") {","    console.log(\"Set authCode = \" + keyVal[1]);","    postman.setGlobalVariable(\"redirectJwt\", keyVal[1]);","    containCode = true;","  }","});","tests[\"Location header has authCode\"] = containCode;"],"type":"text/javascript"}}],"id":"a13d027e-6ef9-4803-80f7-39ea6aea9903","protocolProfileBehavior":{"disableBodyPruning":true},"request":{"method":"GET","header":[],"url":{"raw":"{{auth_url}}?response_type=code+id_token&client_id={{client_id}}&redirect_uri=https://google.com/&scope=openid+accounts&request={{requestJwt}}&nonce=W6Jr4WOZ27j9&state=lwMPIxDc9H&sub={{client_id}}","host":["{{auth_url}}"],"query":[{"key":"response_type","value":"code+id_token"},{"key":"client_id","value":"{{client_id}}"},{"key":"redirect_uri","value":"https://google.com/"},{"key":"scope","value":"openid+accounts"},{"key":"request","value":"{{requestJwt}}"},{"key":"nonce","value":"W6Jr4WOZ27j9"},{"key":"state","value":"lwMPIxDc9H"},{"key":"sub","value":"{{client_id}}"}]}},"response":[]},{"name":"05 - Consent - For UI Skip this step","event":[{"listen":"test","script":{"exec":["tests[\"Status code is 200\"] = responseCode.code === 200;",""],"type":"text/javascript","id":"397c0c4b-3890-460a-83ab-7c15fa9d0b13"}}],"id":"1fd67254-23af-452f-a2f2-00d0c0d779f9","protocolProfileBehavior":{"disableBodyPruning":true},"request":{"method":"GET","header":[{"key":"Content-Type","value":"application/json"},{"key":"Accept","value":"application/json"},{"warning":"This is a duplicate header and will be overridden by the Authorization header generated by Postman.","key":"Authorization","value":"Bearer {{redirectJwt}}","type":"text"}],"body":{"mode":"raw","raw":""},"url":{"raw":"{{obie_internal_url}}/customer-auth/data","host":["{{obie_internal_url}}"],"path":["customer-auth","data"]},"description":"The end user browser => ASPSP (HSBC)"},"response":[]},{"name":"otp_ob_e2e - For UI Skip this step","event":[{"listen":"test","script":{"id":"195515f1-ecd5-4d82-8bee-8ec5553e3c5d","exec":["var jsonData = JSON.parse(responseBody);","pm.environment.set(\"otp\", jsonData.token);",""],"type":"text/javascript"}}],"id":"06313ac4-87d3-4cc5-983c-af499d117579","protocolProfileBehavior":{"disableBodyPruning":true},"request":{"method":"GET","header":[],"url":{"raw":"https://testingservices.cn.hsbc:8443/tokenApi/anonymous?accessKey={{access_key}}&username={{username}}&type=1","protocol":"https","host":["testingservices","cn","hsbc"],"port":"8443","path":["tokenApi","anonymous"],"query":[{"key":"accessKey","value":"{{access_key}}"},{"key":"user","value":"anonymous","disabled":true},{"key":"_","value":"1507025554649","disabled":true},{"key":"username","value":"{{username}}"},{"key":"type","value":"1"}]}},"response":[]},{"name":"06 - Authenticate - For UI Skip this step","event":[{"listen":"test","script":{"exec":["tests[\"Status code is 200\"] = responseCode.code === 200;"],"type":"text/javascript","id":"39a91587-7023-46f6-ad36-f80214d22df0"}}],"id":"99850728-f9ce-4749-a283-43bbbbae395f","protocolProfileBehavior":{"disableBodyPruning":true},"request":{"method":"POST","header":[{"key":"content-Type","value":"application/json"},{"key":"Accept","value":"*/*","type":"text"},{"key":"Authorization","value":"Bearer {{redirectJwt}}","type":"text"}],"body":{"mode":"raw","raw":"{\n  \"authType\": \"SECURE_CODE\",\n  \"username\": \"{{username}}\",\n  \"secureCode\": {{otp}}\n}"},"url":{"raw":"{{obie_internal_url}}/customer-auth/authenticate","host":["{{obie_internal_url}}"],"path":["customer-auth","authenticate"]},"description":"The end user browser => ASPSP (HSBC)"},"response":[]},{"name":"07 - Accounts - For UI Skip this step","event":[{"listen":"test","script":{"id":"3e7fb044-bc63-43c1-b5d8-58994f2b4e39","exec":["tests[\"Status code is 200\"] = responseCode.code === 200;","","var jsonData = JSON.parse(responseBody);","tests[\"Contain AccountId\"] = (typeof jsonData.accounts.account[0].scheme.identification !== \"undefined\");","","console.log(\"Set account_id = \" + jsonData.accounts.account[0].scheme.identification);","pm.environment.set(\"account_id\", jsonData.accounts.account[0].scheme.identification);"],"type":"text/javascript"}}],"id":"30bb5863-b8d2-48e5-b302-431890fbb14e","protocolProfileBehavior":{"disableBodyPruning":true},"request":{"method":"GET","header":[{"key":"content-Type","value":"application/json"},{"key":"Accept","value":"application/json"},{"key":"Authorization","value":"Bearer {{redirectJwt}}","type":"text"},{"key":"Signature","value":"Signature","type":"text"},{"key":"X-Request-Id","value":"12345678","type":"text"}],"url":{"raw":"{{obie_internal_url}}/customer-auth/accounts?withBalance=true","host":["{{obie_internal_url}}"],"path":["customer-auth","accounts"],"query":[{"key":"withBalance","value":"true"}]},"description":"The end user browser => ASPSP (HSBC)"},"response":[]},{"name":"08 - Put-consent - For UI Skip this step","event":[{"listen":"test","script":{"id":"c7a4c851-45d7-418f-93bc-b60c90ca6f62","exec":["tests[\"Status code is 200\"] = responseCode.code === 200;"],"type":"text/javascript"}}],"id":"45c08ce4-2a2c-4a2e-a7d8-049fc7190631","protocolProfileBehavior":{"disableBodyPruning":true},"request":{"method":"PUT","header":[{"key":"Authorization","value":"Bearer {{redirectJwt}}"},{"key":"Accept","value":"application/json","type":"text"},{"key":"Content-Type","value":"application/json; charset=UTF-8","type":"text"}],"body":{"mode":"raw","raw":"{\n   \"permissions\": [\n      {\n         \"accounts\": [\n            {\n               \"schemeName\": \"UK.OBIE.PAN\",\n               \"identification\": \"{{account_id}}\"\n            }\n         ],\n         \"permission\": \"ReadAccountsBasic\"\n      },\n      {\n         \"accounts\": [\n            {\n               \"schemeName\": \"UK.OBIE.PAN\",\n               \"identification\": \"{{account_id}}\"\n            }\n         ],\n         \"permission\": \"ReadAccountsDetail\"\n      },\n      {\n         \"accounts\": [\n            {\n               \"schemeName\": \"UK.OBIE.PAN\",\n               \"identification\": \"{{account_id}}\"\n            }\n         ],\n         \"permission\": \"ReadPAN\"\n      },\n      {\n         \"accounts\": [\n            {\n               \"schemeName\": \"UK.OBIE.PAN\",\n               \"identification\": \"{{account_id}}\"\n            }\n         ],\n         \"permission\": \"ReadBalances\"\n      },\n      {\n         \"accounts\": [\n            {\n               \"schemeName\": \"UK.OBIE.PAN\",\n               \"identification\": \"{{account_id}}\"\n            }\n         ],\n         \"permission\": \"ReadBeneficiariesBasic\"\n      },\n      {\n         \"accounts\": [\n            {\n               \"schemeName\": \"UK.OBIE.PAN\",\n               \"identification\": \"{{account_id}}\"\n            }\n         ],\n         \"permission\": \"ReadBeneficiariesDetail\"\n      },\n      {\n         \"accounts\": [\n            {\n               \"schemeName\": \"UK.OBIE.PAN\",\n               \"identification\": \"{{account_id}}\"\n            }\n         ],\n         \"permission\": \"ReadDirectDebits\"\n      },\n      {\n         \"accounts\": [\n            {\n               \"schemeName\": \"UK.OBIE.PAN\",\n               \"identification\": \"{{account_id}}\"\n            }\n         ],\n         \"permission\": \"ReadParty\"\n      },\n      {\n         \"accounts\": [\n            {\n               \"schemeName\": \"UK.OBIE.PAN\",\n               \"identification\": \"{{account_id}}\"\n            }\n         ],\n         \"permission\": \"ReadProducts\"\n      },\n      {\n         \"accounts\": [\n            {\n               \"schemeName\": \"UK.OBIE.PAN\",\n               \"identification\": \"{{account_id}}\"\n            }\n         ],\n         \"permission\": \"ReadScheduledPaymentsBasic\"\n      },\n      {\n         \"accounts\": [\n            {\n               \"schemeName\": \"UK.OBIE.PAN\",\n               \"identification\": \"{{account_id}}\"\n            }\n         ],\n         \"permission\": \"ReadScheduledPaymentsDetail\"\n      },\n      {\n         \"accounts\": [\n            {\n               \"schemeName\": \"UK.OBIE.PAN\",\n               \"identification\": \"{{account_id}}\"\n            }\n         ],\n         \"permission\": \"ReadStandingOrdersBasic\"\n      },\n      {\n         \"accounts\": [\n            {\n               \"schemeName\": \"UK.OBIE.PAN\",\n               \"identification\": \"{{account_id}}\"\n            }\n         ],\n         \"permission\": \"ReadStandingOrdersDetail\"\n      },\n      {\n         \"accounts\": [\n            {\n               \"schemeName\": \"UK.OBIE.PAN\",\n               \"identification\": \"{{account_id}}\"\n            }\n         ],\n         \"permission\": \"ReadTransactionsBasic\"\n      },\n      {\n         \"accounts\": [\n            {\n               \"schemeName\": \"UK.OBIE.PAN\",\n               \"identification\": \"{{account_id}}\"\n            }\n         ],\n         \"permission\": \"ReadTransactionsDetail\"\n      },\n      {\n         \"accounts\": [\n            {\n               \"schemeName\": \"UK.OBIE.PAN\",\n               \"identification\": \"{{account_id}}\"\n            }\n         ],\n         \"permission\": \"ReadTransactionsCredits\"\n      },\n      {\n         \"accounts\": [\n            {\n               \"schemeName\": \"UK.OBIE.PAN\",\n               \"identification\": \"{{account_id}}\"\n            }\n         ],\n         \"permission\": \"ReadTransactionsDebits\"\n      }\n   ]\n}"},"url":{"raw":"{{obie_internal_url}}/customer-auth/consent","host":["{{obie_internal_url}}"],"path":["customer-auth","consent"]},"description":"The end user browser => ASPSP (HSBC)"},"response":[]},{"name":"09 - Consent-confirmation - For UI Skip this step","event":[{"listen":"test","script":{"id":"ef82d12d-4ee8-497a-97bd-5177beee10fd","exec":["tests[\"Status code is 200\"] = responseCode.code === 200;","","var jsonData = JSON.parse(responseBody);","tests[\"Contain access_token\"] = (typeof jsonData.auth_code !== \"undefined\");","pm.environment.set(\"auth_code\", jsonData.auth_code);"],"type":"text/javascript"}}],"id":"08ba0ff9-a369-4c53-84e3-32f559cc4a34","protocolProfileBehavior":{"disableBodyPruning":true},"request":{"method":"POST","header":[{"key":"Content-Type","name":"Content-Type","value":"application/json","type":"text"},{"key":"Authorization","value":"Bearer {{redirectJwt}}"},{"key":"X-Request-ID","value":"X_REQUEST_ID","type":"text","disabled":true},{"key":"Accept","value":"*/*","type":"text","disabled":true},{"key":"Signature","value":"SIGNATURE","type":"text","disabled":true}],"body":{"mode":"raw","raw":"{\"authorisationStatus\":true}"},"url":{"raw":"{{obie_internal_url}}/customer-auth/confirmation","host":["{{obie_internal_url}}"],"path":["customer-auth","confirmation"]},"description":"The end user browser => ASPSP (HSBC)"},"response":[]},{"name":"10 - Token","event":[{"listen":"test","script":{"id":"fbcd879b-691e-4e6a-97b2-8872ffa8fff0","exec":["tests[\"Status code is 200\"] = responseCode.code === 200;","","var jsonData = JSON.parse(responseBody);","tests[\"Contain access_token\"] = (typeof jsonData.access_token !== \"undefined\");","tests[\"Contain refresh_token\"] = (typeof jsonData.refresh_token !== \"undefined\");","","","console.log(\"Set access_token = \" + jsonData.access_token);","pm.environment.set(\"access_token\", jsonData.access_token);","","console.log(\"Set refresh_token = \" + jsonData.refresh_token);","pm.environment.set(\"refresh_token\", jsonData.refresh_token);"],"type":"text/javascript"}},{"listen":"prerequest","script":{"id":"a1e2da46-a5b1-425a-b797-75121d5346ba","exec":["var navigator = {};","var window = {};","eval(pm.environment.get(\"module:jsrsasign\"));","var sPKCS8PEM = `-----BEGIN PRIVATE KEY-----","MIIEvQIBADANBgkqhkiG9w0BAQEFAASCBKcwggSjAgEAAoIBAQChzaODZAvmrxEa","g+vMSEUoDB3A5X3koN56HbGqpQVH6Mu6BG1NarIh64mEBKI0GvM2nQxogXfZ57Gp","cwGgb5SChwVd/j6zP8aW2exZglDZwsLjctBbbraAEA2LgXh7pat5VdprNBLA9juC","bQRnRD83vhBhI+sIu373OStqIQ7EtCiqosGytkDOyb5LWz/gsTuRzbkCf0Hn2HLX","iDcuDTuQm9TSqx18X1oK3/pTKY2r7uQe2pbrdujn5O31NTTsfIvIQFQn592v7EeY","y6lFiURIx2abhhHo61BnnJIQokgGWNmtL4tgNuO29N6bdYdwtDjKQbpoL4aK9Y5T","aod09C7PAgMBAAECggEASzv8ANcfNYdHk6WtmZItHd7sYsoSzKEEcZGnD+qlVvdm","6zqtvCaVZ3JGwe0JouK5HjbOEzXIDblPAbRpGDlpu3uewkK60swfwfrYjBItF+QY","jHvRaAJFt6w/MBPmes/guI1z/w76fWDA8PdR6dZw8rFcml6CJdBQzBF4H2P5ovpF","zDGuBfsIupgRh32xZLsgn1Y0R4/TlHMK9sDk2hwzFVlfeG+riuW7ljbbZTJZd5Kj","fVFC3Ql1TXAbNe7RQOhPlYhtn+Ni3GrSZJt+GZCyymC+Kfr9rihl6ySlMJxON+O9","u60xqB0A28JQWwi28bbFXkPulQ/ExuaK9KiYCcLHIQKBgQD0gAmFcW6PKL1njuKV","2D7wkW9oiaHj4MRWkupn1wsPJOYy7FtHHiE0HCiMaIAihJk4RsMRuFNLKYHiBSDO","Y0LuAG6QR3H5SarkYH14g70qOjQlmsk8DZ+TUNiYGbDcH8b4VkNBVT2kjYQTH4ot","DY/f/G3CAu0XT5qSY6MuJo+BvwKBgQCpad63m6OxxPTsrca+MQj+TlAv8iW26Blq","kwgM/nAFlDCDe08FzZo+MdX4R1ep/i2IBeu3c4md53jgBIb2Nc7YbathVPJv9Nzu","c9fqvDZesytOJw+ncuw0BABq/w3cIoCG9Zl0KYwaTQIrzj0theHLX/nAFaIN/pSs","lrDwFzN28QKBgQDEsdh3DQknjFvLWuy4Ja6EtEuPKuIdRC5Pg4OmJB7WgRXcM78+","2GNX26tXQZ6LpmbpGixGLiZ8GhlOLlf1EW+/roND+OYc6YHcli96a2kb9pULB5oK","gN82kVyeCFT60WmtUSBsB9o+bkapZ78ufXGYfSgDY30/OqAcUqHtN8JNWwKBgHOt","K3r5VeuTTZ2yBotlFfv24z/puqDKmFgx7wRYU4srpXiRoOKYgeJHyw9NP2l+ef5v","9IR96pCcNefYj4LcONGFCMlb5HJXoudayCqquwEsm7wwZbrzeJ8HwHVOlFskX9hH","KLGtkNGAlaPtnc5QpV1lujXTT6T4mPHDrysw3F4xAoGAENJUj6zejLsddubXbq5Y","3Sg8mVaq6RPaOEI40SCQz1weMWWJYqLy0swssGnIzOB/tSLbq0vZ4CVVlJKqGnqo","hLlQb+Tt3ZQrWOXwwmbdq5QztroxJDV5sHn3Yuse1R4Uzean3n2HIb8YeqyBw8NA","siL7t3nAQPxtaltTB1HoDJ4=","-----END PRIVATE KEY-----`;","var prvKey = KEYUTIL.getKey(sPKCS8PEM);","var iss = pm.environment.get(\"client_id\")","var sub = pm.environment.get(\"client_id\")","var joseHeader = '{\"alg\":\"PS256\",\"kid\":\"90210\"}'","var exp = Math.round(new Date().getTime()/1000) + 1200","var iat = Math.round(new Date().getTime()/1000)","console.log(\"time = \" + exp);","var payload = '{\"iss\": \"'+ iss +'\",\"aud\": \"' + pm.environment.get(\"aud_tok\") +'\",\"sub\":\"'+ sub +'\",\"exp\":'+ exp +'}';","var requestJwt = KJUR.jws.JWS.sign(\"PS256\", joseHeader, payload, prvKey);","pm.environment.set(\"client_Assertion\", requestJwt);"],"type":"text/javascript"}}],"id":"32e33f39-e1a2-408f-88a8-a331007631c9","protocolProfileBehavior":{"disableBodyPruning":true},"request":{"method":"POST","header":[{"key":"Content-Type","value":"application/x-www-form-urlencoded"}],"body":{"mode":"urlencoded","urlencoded":[{"key":"grant_type","value":"authorization_code","type":"text"},{"key":"code","value":"{{auth_code}}","type":"text"},{"key":"redirect_uri","value":"https://google.com/","type":"text"},{"key":"client_assertion_type","value":"urn:ietf:params:oauth:client-assertion-type:jwt-bearer","type":"text"},{"key":"client_assertion","value":"{{client_Assertion}}","type":"text"},{"key":"client_id","value":"2aafc2e4-b113-4fe9-aa56-dec270c6fdb4","type":"text","disabled":true}]},"url":{"raw":"{{obie_url_token}}","host":["{{obie_url_token}}"]},"description":"AISP/PISP => ASPSP (HSBC)"},"response":[]},{"name":"11 - Refresh Token (Optional)","event":[{"listen":"test","script":{"exec":["tests[\"Status code is 200\"] = responseCode.code === 200;","","var jsonData = JSON.parse(responseBody);","tests[\"Contain access_token\"] = (typeof jsonData.access_token !== \"undefined\");","","console.log(\"Set access_token = \" + jsonData.access_token);","postman.setGlobalVariable(\"access_token\", jsonData.access_token);","","console.log(\"Set refresh_token = \" + jsonData.refresh_token);","postman.setGlobalVariable(\"refresh_token\", jsonData.refresh_token);"],"type":"text/javascript","id":"113693f5-3798-491e-8420-dfc2d5dffda9"}},{"listen":"prerequest","script":{"exec":["var navigator = {};","var window = {};","eval(pm.environment.get(\"module:jsrsasign\"));","var sPKCS8PEM = `-----BEGIN PRIVATE KEY-----","MIIEvQIBADANBgkqhkiG9w0BAQEFAASCBKcwggSjAgEAAoIBAQDWURasZ7txsM9u","qjaJ7Rlb/Nq1Y7UpHi0IhJzkyvhdNyaByHkSZsHxyNRqcHomcNU10JoJAKrPg4He","mcxf4/Uy/tUv1K/YC3QFmdXCVF0O8D5/MBbVMPfkT48xVB29PiLtpLZ7Ef+JD3+d","6FM+70UeseM2WWECT0N1pr4mH1DqBEKjBsxO3DtVpfZYZ6sn9hiGhK18IxMQgQh4","iO2qvc0JhrTpHmuwoUVbEMjtDQ/l4L239VixNJ1i7jKVYAbch7h3yiOV8vAX12hs","yPuvXIwPuw2+eWmJlHFDWKTvWbvRNHLyzBPURtnCrIHEE6/eO4uAaK2MkxPKb0/G","ewUFMGBPAgMBAAECggEBAKtPkhIpsNmF/al2AbZqgdTX33MSymKdrl2as1bnL3RD","e1JOjwi4ftroL3MNiXZkxukHX7lGgULy2cK3qXgU3ZDvxjU/i3fkX8+CUi3OBbzF","KQ+9vuKXC+/B8LH7jPISUxUmjn79ugczDk2IwdISrGuGwhpVg4e3GDNZH7GVYrZL","TvaWwZO1ZmCWhXX/5bkEHT3cmabnSoJYoYXiti/YoJ9cpXsSKpDGekvWpOlmUbyk","0yxEh+hJNwpRWlwukj5vjPl16WHzXCyZorU4hrhPM9O4vZXC72bL+bnu9E3J/9zL","hU1ZhBVqkA/P1UfjiNX8O6b3CyYBDUL8lMD0A5I1QvECgYEA7ucILoW/XNtojKzf","sswdLFz7ElwcALA2KbMY8HIR9Vsdt96bn3H7Q19Wj2nMgwgiLA+k336hG/xbMsdh","SuTqaC6q20WzuyYwBSRoIKEzFNdahokhe1r1BRO7djO9+0PgwxamuBE6+2mlaEJy","Ss6KzyYiUN2Tiz8j4xjAXK4qHIsCgYEA5aeeNW45J0f4SKl7WBE1Bxax3aWMzA6M","3LndRvhi49l3Zn/nRbJaYlb4HgJzGAIed+2SUT00UtnuHX/IOYsZZHQSpp6gqKdi","msXni8cMs4nT1yxtarf76FwtpSBr8P71NH5Gt/ElMcr/jJAF4ifu90+ZQt3LD/8N","0CCYM/vuL80CgYAIPBhxGhUdi0aQSskvLY/33oCdAmXItEo5p729VAFAdtKQavDs","Tw59JQUjzl7JSXd8E1H4jjHZeBpgprS40yktTCaBhmaKledj1fxs24GaP04UgxeP","W/REJ4j3qxLqXU2bC+XVRGrHDb4w2NF9uJ7aQxM9vFWAoD2Jb2n6B9rVvwKBgHRs","bUAZCNBpI+1yPh1/W6qkTrdW3fH0zmR3tT3tXfS0oltMLCqhKEECZfaQt1hMerXB","spOMu6Hk6Vn7Fb5WTiEm1u2xLTFS6iIcgi3SUxYRoVtMIowfiY1abalwrkgWeKiL","+730ei6sArF3sgPcysCFkeTcG72YR6BjZcW0yiNhAoGAc90exhjNfvYPZoAhYCBK","fGVbgPiZ1LUMvU0JyRoqPGIh3Mr1Q6dpvoqzQjk3Wn/cexZtgBo3JqPYSraukN2J","F3lJpzHhE7AHIonkHhJTRUbCWdYhObh+t8Vp6lV0RZKs7ARqWDc7djW5B/CWFk7p","jkW8GhgCHApKwC2+nqh5BPE=","-----END PRIVATE KEY-----`;","var prvKey = KEYUTIL.getKey(sPKCS8PEM);","var iss = postman.getGlobalVariable(\"client_id\")","var sub = postman.getGlobalVariable(\"client_id\")","var joseHeader = '{\"alg\":\"PS256\",\"kid\":\"xM10_DtbwIL3OK48qIfwb-2vGiI\"}'","var exp = Math.round(new Date().getTime()/1000) + 1200","var iat = Math.round(new Date().getTime()/1000)","console.log(\"time = \" + exp);","var payload = '{\"iss\": \"'+ iss +'\",\"aud\": \"' + pm.environment.get(\"aud_tok\") +'\",\"sub\":\"'+ sub +'\",\"exp\":'+ exp +'}';","var requestJwt = KJUR.jws.JWS.sign(\"PS256\", joseHeader, payload, prvKey);","postman.setGlobalVariable(\"client_Assertion\", requestJwt);"],"type":"text/javascript","id":"9bbe53c7-b39f-479c-80aa-63daf1c1994b"}}],"id":"53c24bc7-f0f8-4931-b174-7dbb1a6ef940","protocolProfileBehavior":{"disableBodyPruning":true},"request":{"method":"POST","header":[{"key":"Content-Type","value":"application/x-www-form-urlencoded"},{"key":"x-fapi-financial-id","value":"test"}],"body":{"mode":"urlencoded","urlencoded":[{"key":"grant_type","value":"refresh_token","type":"text"},{"key":"refresh_token","value":"qNnZs4ozZb5yZCpeWq7HkuGGqNU","type":"text"},{"key":"client_assertion_type","value":"urn:ietf:params:oauth:client-assertion-type:jwt-bearer","type":"text"},{"key":"client_assertion","value":"{{client_Assertion}}","type":"text"},{"key":"scope","value":"openid accounts","type":"text"},{"key":"client_id","value":"2aafc2e4-b113-4fe9-aa56-dec270c6fdb4","type":"text","disabled":true}]},"url":{"raw":"{{obie_url_token}}","host":["{{obie_url_token}}"]},"description":"AISP/PISP => ASPSP (HSBC)"},"response":[]},{"name":"13 - Get Account List","event":[{"listen":"test","script":{"id":"22046b1f-94df-4901-8e9c-0a5bb4b340b9","exec":["var jsonData = JSON.parse(responseBody);","tests[\"Contain AccountId\"] = (typeof jsonData.Data.Account[0].AccountId !== \"undefined\");","","console.log(\"Set account_identification = \" + jsonData.Data.Account[0].AccountId);","pm.environment.set(\"account_identification\", jsonData.Data.Account[0].AccountId);"],"type":"text/javascript"}}],"id":"c47adc3a-83fb-45bc-a043-03151dce7e2f","protocolProfileBehavior":{"disableBodyPruning":true},"request":{"method":"GET","header":[{"key":"Content-Type","value":"application/json"},{"key":"Accept","value":"application/json"},{"key":"Authorization","value":"Bearer {{access_token}}"},{"key":"x-fapi-financial-id","value":"test"}],"body":{"mode":"raw","raw":""},"url":{"raw":"{{obie_url_aisp}}/accounts","host":["{{obie_url_aisp}}"],"path":["accounts"]},"description":"AISP/PISP => ASPSP (HSBC)"},"response":[]},{"name":"13 - Get Account by accountID","event":[{"listen":"test","script":{"exec":[""],"type":"text/javascript","id":"52a2c0a8-5be1-4300-8a82-746e16dd98ac"}}],"id":"0b0979ff-d94d-4bf9-9a66-149090496862","protocolProfileBehavior":{"disableBodyPruning":true},"request":{"method":"GET","header":[{"key":"Content-Type","value":"application/json"},{"key":"Accept","value":"application/json"},{"key":"Authorization","value":"Bearer {{access_token}}"},{"key":"x-fapi-financial-id","value":"test"}],"body":{"mode":"raw","raw":""},"url":{"raw":"{{obie_url_aisp}}/accounts/{{account_identification}}","host":["{{obie_url_aisp}}"],"path":["accounts","{{account_identification}}"]},"description":"AISP/PISP => ASPSP (HSBC)"},"response":[]},{"name":"13 - Get Offers","event":[{"listen":"test","script":{"exec":[""],"type":"text/javascript","id":"5674a163-45d6-46fd-969c-bde861960f9c"}}],"id":"7e36630f-8a59-4203-8ae3-6ad4358dd197","protocolProfileBehavior":{"disableBodyPruning":true},"request":{"method":"GET","header":[{"key":"Content-Type","value":"application/json"},{"key":"Accept","value":"application/json"},{"key":"Authorization","value":"Bearer {{access_token}}"},{"key":"x-fapi-financial-id","value":"test"}],"body":{"mode":"raw","raw":""},"url":{"raw":"{{obie_url_aisp}}/accounts/{{account_identification}}/offers","host":["{{obie_url_aisp}}"],"path":["accounts","{{account_identification}}","offers"]},"description":"AISP/PISP => ASPSP (HSBC)"},"response":[]},{"name":"13 - Get Balances","event":[{"listen":"test","script":{"exec":[""],"type":"text/javascript","id":"472e8f4f-b3e3-4c23-af4f-0ff38ee767c7"}}],"id":"17bf3c35-ad24-4b53-b03f-d17e5c3da0a4","protocolProfileBehavior":{"disableBodyPruning":true},"request":{"method":"GET","header":[{"key":"Content-Type","value":"application/json"},{"key":"Accept","value":"application/json"},{"key":"Authorization","value":"Bearer {{access_token}}"},{"key":"x-fapi-financial-id","value":"test"}],"body":{"mode":"raw","raw":""},"url":{"raw":"{{obie_url_aisp}}/accounts/{{account_identification}}/balances","host":["{{obie_url_aisp}}"],"path":["accounts","{{account_identification}}","balances"]},"description":"AISP/PISP => ASPSP (HSBC)"},"response":[]},{"name":"13 - Get Beneficiaries","event":[{"listen":"test","script":{"exec":[""],"type":"text/javascript","id":"1b393a17-a90a-4755-b542-f70d8bfe815f"}}],"id":"f075e557-4bc0-4b94-bc19-dd885af09be5","protocolProfileBehavior":{"disableBodyPruning":true},"request":{"method":"GET","header":[{"key":"Content-Type","value":"application/json"},{"key":"Accept","value":"application/json"},{"key":"Authorization","value":"Bearer {{access_token}}"},{"key":"x-fapi-financial-id","value":"test"}],"body":{"mode":"raw","raw":""},"url":{"raw":"{{obie_url_aisp}}/accounts/{{account_identification}}/beneficiaries","host":["{{obie_url_aisp}}"],"path":["accounts","{{account_identification}}","beneficiaries"]},"description":"AISP/PISP => ASPSP (HSBC)"},"response":[]},{"name":"13 - Get Direct Debits List","event":[{"listen":"test","script":{"exec":[""],"type":"text/javascript","id":"1d3d8ab3-1ec2-4a4b-9248-3f4b6a3f3229"}}],"id":"e7804c7c-8714-488a-9dcc-6ce53e193abd","protocolProfileBehavior":{"disableBodyPruning":true},"request":{"method":"GET","header":[{"key":"Content-Type","value":"application/json"},{"key":"Accept","value":"application/json"},{"key":"Authorization","value":"Bearer {{access_token}}"},{"key":"x-fapi-financial-id","value":"test"}],"body":{"mode":"raw","raw":""},"url":{"raw":"{{obie_url_aisp}}/accounts/{{account_identification}}/direct-debits","host":["{{obie_url_aisp}}"],"path":["accounts","{{account_identification}}","direct-debits"]},"description":"AISP/PISP => ASPSP (HSBC)"},"response":[]},{"name":"13 - Get Standing Order","event":[{"listen":"test","script":{"exec":[""],"type":"text/javascript","id":"0c104bcc-352a-4609-91ea-bce13eaf4e9d"}}],"id":"39606ada-5fbf-4815-9aa6-8315ebe03723","protocolProfileBehavior":{"disableBodyPruning":true},"request":{"method":"GET","header":[{"key":"Content-Type","value":"application/json"},{"key":"Accept","value":"application/json"},{"key":"Authorization","value":"Bearer {{access_token}}"},{"key":"x-fapi-financial-id","value":"test"}],"body":{"mode":"raw","raw":""},"url":{"raw":"{{obie_url_aisp}}/accounts/{{account_identification}}/standing-orders","host":["{{obie_url_aisp}}"],"path":["accounts","{{account_identification}}","standing-orders"]},"description":"AISP/PISP => ASPSP (HSBC)"},"response":[]},{"name":"13 - Get Products","event":[{"listen":"test","script":{"exec":[""],"type":"text/javascript","id":"d35708e7-a7ee-415d-8491-1403f123ab55"}}],"id":"ed113e0f-272e-4a1e-8b29-3b79dd948f87","protocolProfileBehavior":{"disableBodyPruning":true},"request":{"method":"GET","header":[{"key":"Content-Type","value":"application/json"},{"key":"Accept","value":"application/json"},{"key":"Authorization","value":"Bearer {{access_token}}"},{"key":"x-fapi-financial-id","value":"test"}],"body":{"mode":"raw","raw":""},"url":{"raw":"{{obie_url_aisp}}/accounts/{{account_identification}}/product","host":["{{obie_url_aisp}}"],"path":["accounts","{{account_identification}}","product"]},"description":"AISP/PISP => ASPSP (HSBC)"},"response":[]},{"name":"13 - Get Scheduled Payments","event":[{"listen":"test","script":{"exec":[""],"type":"text/javascript","id":"86c6a577-c0fc-41b7-b6b7-1f3d83147363"}}],"id":"1d5558db-cca2-407e-bbee-4af61e08a80f","protocolProfileBehavior":{"disableBodyPruning":true},"request":{"method":"GET","header":[{"key":"Content-Type","value":"application/json"},{"key":"Accept","value":"application/json"},{"key":"Authorization","value":"Bearer {{access_token}}"},{"key":"x-fapi-financial-id","value":"test"}],"body":{"mode":"raw","raw":""},"url":{"raw":"{{obie_url_aisp}}/accounts/{{account_identification}}/scheduled-payments","host":["{{obie_url_aisp}}"],"path":["accounts","{{account_identification}}","scheduled-payments"]},"description":"AISP/PISP => ASPSP (HSBC)"},"response":[]},{"name":"13 - Get Transaction List","event":[{"listen":"test","script":{"exec":[""],"type":"text/javascript","id":"a288ebfb-93ea-4ae9-8dd1-840c01fc5807"}}],"id":"7f26ef4b-20bf-4453-a1f3-f0b72780d306","protocolProfileBehavior":{"disableBodyPruning":true},"request":{"method":"GET","header":[{"key":"Content-Type","value":"application/json"},{"key":"Accept","value":"application/json"},{"key":"Authorization","value":"Bearer {{access_token}}"},{"key":"x-fapi-financial-id","value":"test"}],"body":{"mode":"raw","raw":""},"url":{"raw":"{{obie_url_aisp}}/accounts/{{account_identification}}/transactions","host":["{{obie_url_aisp}}"],"path":["accounts","{{account_identification}}","transactions"]},"description":"AISP/PISP => ASPSP (HSBC)"},"response":[]},{"name":"12 - Get Account Access Consent Status","event":[{"listen":"test","script":{"exec":[""],"type":"text/javascript","id":"933d04b2-ac26-4e51-a1d9-087b7d698f7f"}}],"id":"1df62685-dca6-42b2-959a-84f9f74bac2b","protocolProfileBehavior":{"disableBodyPruning":true},"request":{"method":"GET","header":[{"key":"Content-Type","value":"application/json"},{"key":"Accept","value":"application/json"},{"key":"Authorization","value":"Bearer {{access_token_ccg}}"},{"key":"x-fapi-financial-id","value":"test"}],"body":{"mode":"raw","raw":""},"url":{"raw":"{{obie_url_aisp}}/account-access-consents/{{consent_id}}","host":["{{obie_url_aisp}}"],"path":["account-access-consents","{{consent_id}}"]},"description":"AISP/PISP => ASPSP (HSBC)"},"response":[]},{"name":"12 - Get Account Access Consent Status Copy","event":[{"listen":"test","script":{"exec":[""],"type":"text/javascript","id":"79b543a4-704f-4557-be1f-d9bd79ea4506"}}],"id":"ecf93202-f8b5-4a70-bd99-da3cc52355f0","protocolProfileBehavior":{"disableBodyPruning":true},"request":{"method":"DELETE","header":[{"key":"Content-Type","value":"application/json"},{"key":"Accept","value":"application/json"},{"key":"Authorization","value":"Bearer {{access_token_ccg}}"},{"key":"x-fapi-financial-id","value":"test"}],"body":{"mode":"raw","raw":""},"url":{"raw":"{{obie_url_aisp}}/account-access-consents/{{consent_id}}","host":["{{obie_url_aisp}}"],"path":["account-access-consents","{{consent_id}}"]},"description":"AISP/PISP => ASPSP (HSBC)"},"response":[]}],"event":[{"listen":"prerequest","script":{"type":"text/javascript","exec":[""],"id":"388a8628-71be-48b4-a798-ae833f70b27b"}},{"listen":"test","script":{"type":"text/javascript","exec":[""],"id":"bfc33e73-e18d-439b-8857-a694b25a9353"}}]}