{"info":{"_postman_id":"7e62feaf-4675-4222-a382-827f83cbef97","name":"OB - HSBC CERT","schema":"https://schema.getpostman.com/json/collection/v2.1.0/collection.json"},"item":[{"name":"User_Authenticate_Request","event":[{"listen":"test","script":{"id":"6b484370-162b-4273-a183-0032e263b282","exec":["var jsonData = JSON.parse(responseBody);","postman.setEnvironmentVariable(\"authId\", jsonData.authId);","postman.setEnvironmentVariable(\"tokenId\", jsonData.tokenId);",""],"type":"text/javascript"}}],"id":"f52bf2de-2df6-4ee0-ad1f-e654aa25ca74","protocolProfileBehavior":{"disableBodyPruning":true},"request":{"method":"POST","header":[{"key":"X-HSBC-Channel-Id","value":"OPENBANK","type":"text"},{"key":"X-HSBC-Chnl-Group-Member","value":"HRFB","type":"text"},{"key":"Content-Type","value":"application/json","type":"text"},{"key":"X-HSBC-Locale","value":"GB","type":"text"},{"key":"X-HSBC-Session-Correlation-Id","value":"64510817247365777967","type":"text"}],"url":{"raw":"https://open.sit.hsbc.com.hk/dsp/json/realms/root/realms/openbanking/authenticate?authIndexType=service&authIndexValue=OtpAuthService","protocol":"https","host":["open","sit","hsbc","com","hk"],"path":["dsp","json","realms","root","realms","openbanking","authenticate"],"query":[{"key":"authIndexType","value":"service"},{"key":"authIndexValue","value":"OtpAuthService"}]}},"response":[]},{"name":"GetOTP","event":[{"listen":"test","script":{"id":"6459382d-b05b-4f42-a209-336594e210bd","exec":["var jsonData = JSON.parse(responseBody);","postman.setEnvironmentVariable(\"otp\", jsonData.token);"],"type":"text/javascript"}}],"id":"a721dd85-d4f9-400f-bb12-f29bbf51d279","protocolProfileBehavior":{"disableBodyPruning":true},"request":{"method":"GET","header":[],"url":{"raw":"https://testingservices.cn.hsbc:8443/tokenApi/anonymous?username={{username}}&type=1&accessKey={{accesskey}}","protocol":"https","host":["testingservices","cn","hsbc"],"port":"8443","path":["tokenApi","anonymous"],"query":[{"key":"username","value":"{{username}}"},{"key":"type","value":"1"},{"key":"accessKey","value":"{{accesskey}}"}]}},"response":[]},{"name":"User_Authenticate_Response","event":[{"listen":"test","script":{"id":"355ccae4-10f5-4b5e-b493-2255ab8e1c1c","exec":["var jsonData = JSON.parse(responseBody);","postman.setEnvironmentVariable(\"tokenId\", jsonData.tokenId);"],"type":"text/javascript"}}],"id":"93f2426f-7749-4b8c-9dc7-2d85f6fd6a00","protocolProfileBehavior":{"disableBodyPruning":true},"request":{"method":"POST","header":[{"key":"Content-Type","value":"application/json"},{"key":"X-HSBC-Session-Correlation-Id","value":"64510817247365777967","type":"text"}],"body":{"mode":"raw","raw":"{\n    \"authId\": \"{{authId}}\",\n    \"template\": \"\",\n    \"stage\": \"ObCustomAuth2\",\n    \"header\": \"Openbanking Login\",\n    \"callbacks\": [\n        {\n            \"type\": \"NameCallback\",\n            \"output\": [\n                {\n                    \"name\": \"prompt\",\n                    \"value\": \"#USERNAME#\"\n                }\n            ],\n            \"input\": [\n                {\n                    \"name\": \"IDToken1\",\n                    \"value\": \"{{username}}\"\n                }\n            ]\n        },\n        {\n            \"type\": \"PasswordCallback\",\n            \"output\": [\n                {\n                    \"name\": \"prompt\",\n                    \"value\": \"#OTP#\"\n                }\n            ],\n            \"input\": [\n                {\n                    \"name\": \"IDToken2\",\n                    \"value\": \"{{otp}}\"\n                }\n            ]\n        },\n        {\n            \"type\": \"NameCallback\",\n            \"output\": [\n                {\n                    \"name\": \"prompt\",\n                    \"value\": \"#SHOW_INTERSTITIAL_PAGE#\"\n                }\n            ],\n            \"input\": [\n                {\n                    \"name\": \"IDToken3\"\n                }\n            ]\n        }\n    ]\n}"},"url":{"raw":"https://open.sit.hsbc.com.hk/dsp/json/realms/root/realms/openbanking/authenticate?authIndexType=service&authIndexValue=OtpAuthService","protocol":"https","host":["open","sit","hsbc","com","hk"],"path":["dsp","json","realms","root","realms","openbanking","authenticate"],"query":[{"key":"authIndexType","value":"service"},{"key":"authIndexValue","value":"OtpAuthService"}]}},"response":[]},{"name":"SSO_Token_Translate","id":"3cc567dd-89ba-43b8-8cdf-d636481f603b","protocolProfileBehavior":{"disableBodyPruning":true},"request":{"method":"POST","header":[{"key":"Content-Type","value":"application/json"}],"body":{"mode":"raw","raw":"{\n            \"input_token_state\": \n            {\n              \"token_type\": \"SSOTOKEN\",\n            \"tokenId\": \"{{tokenId}}\"\n              \n            },\n            \"output_token_state\": \n            {\n              \"token_type\": \"SECPSAML\", \n              \"subject_confirmation\": \"BEARER\"\n            }\n}"},"url":{"raw":"https://open-tc.p2g.netd2.hk.hsbc/dsp/rest-sts/openbanking/ssotoken_to_saml?_action=translate","protocol":"https","host":["open-tc","p2g","netd2","hk","hsbc"],"path":["dsp","rest-sts","openbanking","ssotoken_to_saml"],"query":[{"key":"_action","value":"translate"}]}},"response":[]},{"name":"SSO_Token_Translate SAML3","id":"a190088a-5152-4996-8cac-133d64db5b9a","protocolProfileBehavior":{"disableBodyPruning":true},"request":{"method":"POST","header":[{"key":"Content-Type","value":"application/json"}],"body":{"mode":"raw","raw":"{\n            \"input_token_state\": \n            {\n              \"token_type\": \"SSOTOKEN\",\n            \"tokenId\": \"{{tokenId}}\"\n              \n            },\n            \"output_token_state\": \n            {\n              \"token_type\": \"SECPSAML3\", \n              \"subject_confirmation\": \"BEARER\"\n            }\n}"},"url":{"raw":"https://open-tc.p2g.netd2.hk.hsbc/dsp/rest-sts/openbanking/ssotoken_to_saml3?_action=translate","protocol":"https","host":["open-tc","p2g","netd2","hk","hsbc"],"path":["dsp","rest-sts","openbanking","ssotoken_to_saml3"],"query":[{"key":"_action","value":"translate"}]}},"response":[]},{"name":"SSO_Token Policy Evaluate","id":"09dd5b65-c7be-4c52-a9b0-18faf84c02b6","protocolProfileBehavior":{"disableBodyPruning":true},"request":{"method":"POST","header":[{"key":"Content-Type","value":"application/json"},{"key":"dspSession","value":"{{tokenId}}"}],"body":{"mode":"raw","raw":"{\n   \"subject\": {\"ssoToken\": \"{{tokenId}}\"},\n   \"resources\": [\"APIResource\"],\n   \"environment\": {\"ApiCamLevel\": [\"40\"]},\n   \"application\": \"DSPAuthorisationPolicySet\"\n  }"},"url":{"raw":"https://open-tc.p2g.netd2.hk.hsbc/dsp/json/realms/root/realms/openbanking/policies?_action=evaluate","protocol":"https","host":["open-tc","p2g","netd2","hk","hsbc"],"path":["dsp","json","realms","root","realms","openbanking","policies"],"query":[{"key":"_action","value":"evaluate"}]}},"response":[]},{"name":"SSO_Token Policy Evaluate SAML3","id":"aba5522f-f05e-4407-a66c-71d7155bc707","protocolProfileBehavior":{"disableBodyPruning":true},"request":{"method":"POST","header":[{"key":"Content-Type","value":"application/json"},{"key":"dspSession","value":"{{tokenId}}"}],"body":{"mode":"raw","raw":"{\n   \"subject\": {\"ssoToken\": \"{{tokenId}}\"},\n   \"resources\": [\"APIResource\"],\n   \"environment\": {\"ApiCamLevel\": [\"40\"], \"SamlType\": [\"SAML3\"]},\n   \"application\": \"DSPAuthorisationPolicySet\"\n  }"},"url":{"raw":"https://open-tc.p2g.netd2.hk.hsbc/dsp/json/realms/root/realms/openbanking/policies?_action=evaluate","protocol":"https","host":["open-tc","p2g","netd2","hk","hsbc"],"path":["dsp","json","realms","root","realms","openbanking","policies"],"query":[{"key":"_action","value":"evaluate"}]}},"response":[]},{"name":"OAuth2 Authorize","event":[{"listen":"test","script":{"type":"text/javascript","exec":["var url = postman.getResponseHeader(\"Location\");","if(url.split(\"?\").length>0) { var queryString = url.split(\"?\")[1]; }","var jsonData = JSON.parse('{\"' + queryString.replace(/\"/g, '\\\\\"').replace(/&/g, '\",\"').replace(/=/g,'\":\"') + '\"}')","postman.setEnvironmentVariable(\"code\", jsonData.code);"],"id":"34bec7f5-0958-4d99-acf2-301c6f754bbe"}}],"id":"fbd9cdef-5353-40b9-bf6e-eadf731cda8d","protocolProfileBehavior":{"disableBodyPruning":true},"request":{"method":"POST","header":[{"key":"Cookie","value":"dspSession={{tokenId}}"},{"key":"Content-Type","value":"application/x-www-form-urlencoded"},{"key":"Authorization","value":"Basic b3BlbmJhbmtpbmctdGVzdDpjZXJ0X3Rlc3RAMTIzX2Vudg=="}],"body":{"mode":"raw","raw":"csrf={{tokenId}}"},"url":{"raw":"https://open.sit.hsbc.com.hk/dsp/oauth2/authorize?realm=/openbanking&save_consent=1&scope=accounts&response_type=code&decision=allow&client_id=openbanking-test&redirect_uri=https://tpp1.app1.co.uk","protocol":"https","host":["open","sit","hsbc","com","hk"],"path":["dsp","oauth2","authorize"],"query":[{"key":"realm","value":"/openbanking"},{"key":"save_consent","value":"1"},{"key":"scope","value":"accounts"},{"key":"response_type","value":"code"},{"key":"decision","value":"allow"},{"key":"client_id","value":"openbanking-test"},{"key":"redirect_uri","value":"https://tpp1.app1.co.uk"}]}},"response":[]},{"name":"AccessCode_to_Token","event":[{"listen":"test","script":{"type":"text/javascript","exec":["var jsonData = JSON.parse(responseBody);","postman.setEnvironmentVariable(\"access_token\", jsonData.access_token);","postman.setEnvironmentVariable(\"refresh_token\", jsonData.refresh_token);"],"id":"951d9c2d-4b84-4c6e-a27e-5ff66e26a453"}}],"id":"8f630eda-bee7-46e3-8cad-283717f4557a","protocolProfileBehavior":{"disableBodyPruning":true},"request":{"method":"POST","header":[{"key":"Authorization","value":"Basic b3BlbmJhbmtpbmctdGVzdDpjZXJ0X3Rlc3RAMTIzX2Vudg=="},{"key":"Content-Type","value":"application/x-www-form-urlencoded"}],"body":{"mode":"raw","raw":"grant_type=authorization_code&response_type=token&redirect_uri=https%3A%2F%2Ftpp1.app1.co.uk&code={{code}}"},"url":{"raw":"https://open.sit.hsbc.com.hk/dsp/oauth2/access_token?realm=/openbanking","protocol":"https","host":["open","sit","hsbc","com","hk"],"path":["dsp","oauth2","access_token"],"query":[{"key":"realm","value":"/openbanking"}]}},"response":[]},{"name":"Access_Token_Translate","id":"634f7802-7122-4847-9a5b-3cad30ac9f14","protocolProfileBehavior":{"disableBodyPruning":true},"request":{"method":"POST","header":[{"key":"Content-Type","value":"application/json"}],"body":{"mode":"raw","raw":"{\n            \"input_token_state\": \n            {\n              \"token_type\": \"ACCESSTOKEN\",\n               \"access_token\": \"{{access_token}}\",\n               \"ApiCamLevel\": \"40\"\n            },\n            \"output_token_state\": \n            {\n              \"token_type\": \"SECPSAML\", \n              \"subject_confirmation\": \"BEARER\"\n            }\n}"},"url":{"raw":"https://open-tc.p2g.netd2.hk.hsbc/dsp/rest-sts/openbanking/accesstoken_to_saml?_action=translate","protocol":"https","host":["open-tc","p2g","netd2","hk","hsbc"],"path":["dsp","rest-sts","openbanking","accesstoken_to_saml"],"query":[{"key":"_action","value":"translate"}]}},"response":[]},{"name":"Access_Token_Translate SAML3","id":"927d750b-67c5-4605-b4f1-21d829ec8d7d","protocolProfileBehavior":{"disableBodyPruning":true},"request":{"method":"POST","header":[{"key":"Content-Type","value":"application/json"}],"body":{"mode":"raw","raw":"{\n            \"input_token_state\": \n            {\n              \"token_type\": \"ACCESSTOKEN\",\n               \"access_token\": \"{{access_token}}\",\n               \"ApiCamLevel\": \"40\"\n            },\n            \"output_token_state\": \n            {\n              \"token_type\": \"SECPSAML3\", \n              \"subject_confirmation\": \"BEARER\"\n            }\n}"},"url":{"raw":"https://open-tc.p2g.netd2.hk.hsbc/dsp/rest-sts/openbanking/accesstoken_to_saml3?_action=translate","protocol":"https","host":["open-tc","p2g","netd2","hk","hsbc"],"path":["dsp","rest-sts","openbanking","accesstoken_to_saml3"],"query":[{"key":"_action","value":"translate"}]}},"response":[]},{"name":"Access_Token UserInfo","id":"ac4f43ca-41ee-4b2e-ae28-2ee0b0086dfc","protocolProfileBehavior":{"disableBodyPruning":true},"request":{"method":"GET","header":[{"key":"Authorization","value":"Bearer {{access_token}}"}],"url":{"raw":"https://open-tc.p2g.netd2.hk.hsbc/dsp/oauth2/userinfo?realm=/openbanking","protocol":"https","host":["open-tc","p2g","netd2","hk","hsbc"],"path":["dsp","oauth2","userinfo"],"query":[{"key":"realm","value":"/openbanking"}]}},"response":[]},{"name":"Access_Token UserInfo Copy","id":"fcd7d991-7780-465d-b3a8-807eb295c5ce","protocolProfileBehavior":{"disableBodyPruning":true},"request":{"method":"GET","header":[{"key":"Authorization","value":"Bearer {{access_token}}"}],"url":{"raw":"https://open-tc.p2g.netd2.hk.hsbc/dsp/oauth2/userinfo?realm=/openbanking","protocol":"https","host":["open-tc","p2g","netd2","hk","hsbc"],"path":["dsp","oauth2","userinfo"],"query":[{"key":"realm","value":"/openbanking"}]}},"response":[]},{"name":"Access_Token TokenInfo","id":"2928b228-0180-4224-8c94-342cdcc1dd19","protocolProfileBehavior":{"disableBodyPruning":true},"request":{"method":"GET","header":[{"key":"Authorization","value":"Bearer {{access_token}}"}],"url":{"raw":"https://open-tc.p2g.netd2.hk.hsbc/dsp/oauth2/tokeninfo?realm=/openbanking","protocol":"https","host":["open-tc","p2g","netd2","hk","hsbc"],"path":["dsp","oauth2","tokeninfo"],"query":[{"key":"realm","value":"/openbanking"}]}},"response":[]},{"name":"Refresh Access_Token","event":[{"listen":"test","script":{"type":"text/javascript","exec":["var jsonData = JSON.parse(responseBody);","postman.setEnvironmentVariable(\"access_token\", jsonData.access_token);"],"id":"379ccbe6-4ae1-46d5-8970-93a71e200aee"}}],"id":"2a33a514-50de-4b39-b358-f1288024b188","protocolProfileBehavior":{"disableBodyPruning":true},"request":{"method":"POST","header":[{"key":"Authorization","value":"Basic b3BlbmJhbmtpbmctdGVzdDpjZXJ0X3Rlc3RAMTIzX2Vudg=="},{"key":"Content-Type","value":"application/x-www-form-urlencoded"}],"body":{"mode":"raw","raw":"grant_type=refresh_token&refresh_token={{refresh_token}}"},"url":{"raw":"https://open-tc.p2g.netd2.hk.hsbc/dsp/oauth2/access_token?realm=/openbanking","protocol":"https","host":["open-tc","p2g","netd2","hk","hsbc"],"path":["dsp","oauth2","access_token"],"query":[{"key":"realm","value":"/openbanking"}]}},"response":[]},{"name":"Access_Token Introspect","id":"45f1c549-65fa-4c72-9b37-d781db5935e4","protocolProfileBehavior":{"disableBodyPruning":true},"request":{"method":"POST","header":[{"key":"Authorization","value":"Basic b3BlbmJhbmtpbmctdGVzdDpjZXJ0X3Rlc3RAMTIzX2Vudg=="}],"url":{"raw":"https://open-tc.p2g.netd2.hk.hsbc/dsp/oauth2/introspect?realm=/openbanking&token= {{access_token}}","protocol":"https","host":["open-tc","p2g","netd2","hk","hsbc"],"path":["dsp","oauth2","introspect"],"query":[{"key":"realm","value":"/openbanking"},{"key":"token","value":" {{access_token}}"}]}},"response":[]},{"name":"Access_Token_for_TokenIdCAM30","event":[{"listen":"test","script":{"type":"text/javascript","exec":["var jsonData = JSON.parse(responseBody);","postman.setEnvironmentVariable(\"tokenId\", jsonData.tokenId);"],"id":"8c5d43c2-3627-4ccd-bff7-1c3bf3a5a81c"}}],"id":"a5b3c903-2bad-4e8b-ac2e-b4b2033f4d20","protocolProfileBehavior":{"disableBodyPruning":true},"request":{"method":"POST","header":[{"key":"Content-Type","value":"application/json"},{"key":"X-OpenAM-Username","value":"{{access_token}}"}],"url":{"raw":"https://open.sit.hsbc.com.hk/dsp/json/authenticate?authIndexType=service&authIndexValue=AccessTokenService&realm=/openbanking","protocol":"https","host":["open","sit","hsbc","com","hk"],"path":["dsp","json","authenticate"],"query":[{"key":"authIndexType","value":"service"},{"key":"authIndexValue","value":"AccessTokenService"},{"key":"realm","value":"/openbanking"}]}},"response":[]},{"name":"Access_Token_for_TokenIdCAM40","event":[{"listen":"test","script":{"type":"text/javascript","exec":["var jsonData = JSON.parse(responseBody);","postman.setEnvironmentVariable(\"tokenId\", jsonData.tokenId);"],"id":"cdb6a6b9-1573-4d95-9202-6b4cfa405791"}}],"id":"918c4d17-ff6c-4617-b440-368bb848c86c","protocolProfileBehavior":{"disableBodyPruning":true},"request":{"method":"POST","header":[{"key":"Content-Type","value":"application/json"},{"key":"X-OpenAM-Username","value":"{{access_token}}"}],"url":{"raw":"https://open.sit.hsbc.com.hk/dsp/json/authenticate?authIndexType=service&authIndexValue=AccessTokenCAM40Service&realm=/openbanking","protocol":"https","host":["open","sit","hsbc","com","hk"],"path":["dsp","json","authenticate"],"query":[{"key":"authIndexType","value":"service"},{"key":"authIndexValue","value":"AccessTokenCAM40Service"},{"key":"realm","value":"/openbanking"}]}},"response":[]},{"name":"User_Session_Info","id":"d8699cf3-e900-4f6f-b6b2-5cfa8ee531d7","protocolProfileBehavior":{"disableBodyPruning":true},"request":{"method":"POST","header":[{"key":"Content-Type","value":"application/json"},{"key":"dspSession","value":"{{tokenId}}"}],"body":{"mode":"raw","raw":""},"url":{"raw":"https://open-tc.p2g.netd2.hk.hsbc/dsp/json/sessions/?_action=getSessionInfo","protocol":"https","host":["open-tc","p2g","netd2","hk","hsbc"],"path":["dsp","json","sessions",""],"query":[{"key":"_action","value":"getSessionInfo"}]}},"response":[]},{"name":"User_Session_logout","id":"02af7b27-0b86-4f62-aeb7-620480d26b49","protocolProfileBehavior":{"disableBodyPruning":true},"request":{"method":"POST","header":[{"key":"Content-Type","value":"application/json"},{"key":"dspSession","value":"{{tokenId}}"}],"body":{"mode":"raw","raw":""},"url":{"raw":"https://open.sit.hsbc.com.hk/dsp/json/sessions?_action=logout","protocol":"https","host":["open","sit","hsbc","com","hk"],"path":["dsp","json","sessions"],"query":[{"key":"_action","value":"logout"}]}},"response":[]},{"name":"Revoke_Access_Token","id":"fa5a17fe-3168-4983-bb7b-ff0c41197a3b","protocolProfileBehavior":{"disableBodyPruning":true},"request":{"method":"POST","header":[{"key":"Authorization","value":"Basic b3BlbmJhbmtpbmctdGVzdDpjZXJ0X3Rlc3RAMTIzX2Vudg=="},{"key":"Content-Type","value":"application/x-www-form-urlencoded"}],"body":{"mode":"raw","raw":"token={{access_token}}"},"url":{"raw":"https://open.sit.hsbc.com.hk/dsp/oauth2/token/revoke?realm=/openbanking","protocol":"https","host":["open","sit","hsbc","com","hk"],"path":["dsp","oauth2","token","revoke"],"query":[{"key":"realm","value":"/openbanking"}]}},"response":[]},{"name":"User_Authenticate_OB Master Access Token","event":[{"listen":"test","script":{"type":"text/javascript","exec":["var jsonData = JSON.parse(responseBody);","postman.setEnvironmentVariable(\"access_token\", jsonData.access_token);"],"id":"e4308419-5fc0-4f9b-a347-3f2e6eb6846f"}}],"id":"1ef3d758-0089-4f01-80aa-881e9b39165f","protocolProfileBehavior":{"disableBodyPruning":true},"request":{"method":"POST","header":[{"key":"Authorization","value":"Basic b3BlbmJhbmtpbmctbWFzdGVyOnRvX2JlX3JldHJpZXZlZF9mcm9tX1RQQU1fQDEyMw=="},{"key":"Content-Type","value":"application/x-www-form-urlencoded"}],"body":{"mode":"raw","raw":"grant_type=client_credentials&scope=create_oauth_clients"},"url":{"raw":"https://open.sit.hsbc.com.hk/dsp/oauth2/realms/root/realms/openbanking/access_token","protocol":"https","host":["open","sit","hsbc","com","hk"],"path":["dsp","oauth2","realms","root","realms","openbanking","access_token"]}},"response":[]},{"name":"User_Authenticate_Register OB End Client","id":"30a391de-74c7-4842-9db6-7a30f8e0c212","protocolProfileBehavior":{"disableBodyPruning":true},"request":{"method":"POST","header":[{"key":"Authorization","value":"Bearer {{access_token}}"},{"key":"Content-Type","value":"application/json"}],"body":{"mode":"raw","raw":"{\n      \"redirect_uris\": [\"https://client.example.org/callback\",\n        \t\t\t\t\"https://client.example.org/callback2\"],\n      \"client_name\": \"My Example Client\",\n      \"scopes\": [\"accounts\", \"payments\"]\n     }"},"url":{"raw":"https://open.sit.hsbc.com.hk/dsp/oauth2/realms/root/realms/openbanking/connect/register","protocol":"https","host":["open","sit","hsbc","com","hk"],"path":["dsp","oauth2","realms","root","realms","openbanking","connect","register"]}},"response":[]}]}