{"info":{"_postman_id":"8456e97a-f30b-4bf3-9361-ef9dc0edb2ae","name":"Login to RegHub","description":"This collection allows users to retrieve cognito token in order to access Registration Hub REST APIs.\nEach and every request in this collection contains `username` & `password` parameters. We have prepared set of requests for commonly used users eg. `adminMaker` & `adminChecker`. If You want to use some specific user, please update `username` & `password` parameters of request body for existing configuration or create new one.","schema":"https://schema.getpostman.com/json/collection/v2.1.0/collection.json"},"item":[{"name":"mocked Cognito","item":[{"name":"Login as Admin Checker","event":[{"listen":"test","script":{"id":"dc28ef7f-b90a-44af-beb4-d24c0a55e046","exec":["var locationHeader = postman.getResponseHeader(\"Location\");","id_token = locationHeader.split('id_token=').pop().split('&access_token')[0];","pm.globals.set(\"cognito_token\", id_token);"],"type":"text/javascript"}}],"id":"66b6faa4-cc79-406c-9a00-66f468604619","protocolProfileBehavior":{"disableBodyPruning":true},"request":{"method":"POST","header":[{"key":"Cookie","value":"XSRF-TOKEN=22b9e836-43ee-43c3-92e9-e746ba520a87"}],"body":{"mode":"urlencoded","urlencoded":[{"key":"_csrf","value":"22b9e836-43ee-43c3-92e9-e746ba520a87","type":"text"},{"key":"username","value":"adminChecker","type":"text"},{"key":"password","value":"adminChecker1!","type":"text"}]},"url":{"raw":"{{mocked_cognito_url}}","host":["{{mocked_cognito_url}}"]},"description":"Before logging as different user, please remove `cognito` COOKIE from request"},"response":[]},{"name":"Login as Admin Checker Copy","event":[{"listen":"test","script":{"id":"52887cd3-c7e0-4b5d-b6db-08377ff1a4ff","exec":["var locationHeader = postman.getResponseHeader(\"Location\");","id_token = locationHeader.split('id_token=').pop().split('&access_token')[0];","pm.globals.set(\"cognito_token\", id_token);"],"type":"text/javascript"}}],"id":"937e446d-77c7-4d29-95be-b3e589398ebc","protocolProfileBehavior":{"disableBodyPruning":true},"request":{"method":"POST","header":[{"key":"Cookie","value":"XSRF-TOKEN=22b9e836-43ee-43c3-92e9-e746ba520a87"}],"body":{"mode":"urlencoded","urlencoded":[{"key":"_csrf","value":"22b9e836-43ee-43c3-92e9-e746ba520a87","type":"text"},{"key":"username","value":"adminChecker","type":"text"},{"key":"password","value":"adminChecker1!","type":"text"}]},"url":{"raw":"{{mocked_cognito_url}}","host":["{{mocked_cognito_url}}"]},"description":"Before logging as different user, please remove `cognito` COOKIE from request"},"response":[]},{"name":"Login as Admin Maker","event":[{"listen":"test","script":{"id":"2779f807-9e05-4339-b7a8-929384704614","exec":["var locationHeader = postman.getResponseHeader(\"Location\");","id_token = locationHeader.split('id_token=').pop().split('&access_token')[0];","pm.globals.set(\"cognito_token\", id_token);"],"type":"text/javascript"}}],"id":"e2cfeb77-a695-438c-8bbf-87569c3079db","protocolProfileBehavior":{"disableBodyPruning":true},"request":{"method":"POST","header":[{"key":"Cookie","value":"XSRF-TOKEN=e36716f5-6c0f-4a07-a2b4-d574ad8d1dbc"}],"body":{"mode":"urlencoded","urlencoded":[{"key":"_csrf","value":"e36716f5-6c0f-4a07-a2b4-d574ad8d1dbc","type":"text"},{"key":"username","value":"adminMaker","type":"text"},{"key":"password","value":"adminMaker1!","type":"text"}]},"url":{"raw":"{{mocked_cognito_url}}","host":["{{mocked_cognito_url}}"]},"description":"Before logging as different user, please remove `cognito` COOKIE from request"},"response":[]},{"name":"Login as M&S Maker","event":[{"listen":"test","script":{"id":"3dd5cc48-799e-4196-85a9-2e2a888a4b2f","exec":["var locationHeader = postman.getResponseHeader(\"Location\");","id_token = locationHeader.split('id_token=').pop().split('&access_token')[0];","pm.globals.set(\"cognito_token\", id_token);"],"type":"text/javascript"}}],"id":"630b961c-02f7-4159-bfe4-ad8bd77d6f9e","protocolProfileBehavior":{"disableBodyPruning":true},"request":{"method":"POST","header":[{"key":"Cookie","value":"XSRF-TOKEN=e36716f5-6c0f-4a07-a2b4-d574ad8d1dbc"}],"body":{"mode":"urlencoded","urlencoded":[{"key":"_csrf","value":"e36716f5-6c0f-4a07-a2b4-d574ad8d1dbc","type":"text"},{"key":"username","value":"msMaker","type":"text"},{"key":"password","value":"msMaker1!","type":"text"}]},"url":{"raw":"{{mocked_cognito_url}}","host":["{{mocked_cognito_url}}"]},"description":"Before logging as different user, please remove `cognito` COOKIE from request"},"response":[]},{"name":"Login as M&S Checker","event":[{"listen":"test","script":{"id":"86d15fb2-8e89-4b75-8d42-67d39d122234","exec":["var locationHeader = postman.getResponseHeader(\"Location\");","id_token = locationHeader.split('id_token=').pop().split('&access_token')[0];","pm.globals.set(\"cognito_token\", id_token);"],"type":"text/javascript"}}],"id":"0b0fbc81-874d-45c4-be2b-b17ac34af2f3","protocolProfileBehavior":{"disableBodyPruning":true},"request":{"method":"POST","header":[{"key":"Cookie","value":"XSRF-TOKEN=e36716f5-6c0f-4a07-a2b4-d574ad8d1dbc"}],"body":{"mode":"urlencoded","urlencoded":[{"key":"_csrf","value":"e36716f5-6c0f-4a07-a2b4-d574ad8d1dbc","type":"text"},{"key":"username","value":"msChecker","type":"text"},{"key":"password","value":"msChecker1!","type":"text"}]},"url":{"raw":"{{mocked_cognito_url}}","host":["{{mocked_cognito_url}}"]},"description":"Before logging as different user, please remove `cognito` COOKIE from request"},"response":[]},{"name":"Login as CyberSec Checker","event":[{"listen":"test","script":{"id":"8682eade-7212-48a1-a8a8-fed1a21dea76","exec":["var locationHeader = postman.getResponseHeader(\"Location\");","id_token = locationHeader.split('id_token=').pop().split('&access_token')[0];","pm.globals.set(\"cognito_token\", id_token);"],"type":"text/javascript"}}],"id":"fd1d6d7b-1fba-41ae-a538-f369b5ec6642","protocolProfileBehavior":{"disableBodyPruning":true},"request":{"method":"POST","header":[{"key":"Cookie","value":"XSRF-TOKEN=e36716f5-6c0f-4a07-a2b4-d574ad8d1dbc"}],"body":{"mode":"urlencoded","urlencoded":[{"key":"_csrf","value":"e36716f5-6c0f-4a07-a2b4-d574ad8d1dbc","type":"text"},{"key":"username","value":"CyberSecChecker","type":"text"},{"key":"password","value":"CyberSecChecker1!","type":"text"}]},"url":{"raw":"{{mocked_cognito_url}}","host":["{{mocked_cognito_url}}"]},"description":"Before logging as different user, please remove `cognito` COOKIE from request"},"response":[]},{"name":"Login as CyberSec Maker","event":[{"listen":"test","script":{"id":"df34e681-28dc-414b-adbc-91f072e61f31","exec":["var locationHeader = postman.getResponseHeader(\"Location\");","id_token = locationHeader.split('id_token=').pop().split('&access_token')[0];","pm.globals.set(\"cognito_token\", id_token);"],"type":"text/javascript"}}],"id":"9422af65-7fc8-4ab6-a404-1f82de012411","protocolProfileBehavior":{"disableBodyPruning":true},"request":{"method":"POST","header":[{"key":"Cookie","value":"XSRF-TOKEN=e36716f5-6c0f-4a07-a2b4-d574ad8d1dbc"}],"body":{"mode":"urlencoded","urlencoded":[{"key":"_csrf","value":"e36716f5-6c0f-4a07-a2b4-d574ad8d1dbc","type":"text"},{"key":"username","value":"CyberSecMaker","type":"text"},{"key":"password","value":"CyberSecMaker1!","type":"text"}]},"url":{"raw":"{{mocked_cognito_url}}","host":["{{mocked_cognito_url}}"]},"description":"Before logging as different user, please remove `cognito` COOKIE from request"},"response":[]},{"name":"Login as NotCyberSec Maker","event":[{"listen":"test","script":{"id":"205253a6-3cfa-4586-9fe5-a13d013a769d","exec":["var locationHeader = postman.getResponseHeader(\"Location\");","id_token = locationHeader.split('id_token=').pop().split('&access_token')[0];","pm.globals.set(\"cognito_token\", id_token);"],"type":"text/javascript"}}],"id":"318578b0-273c-447b-ab95-e3b5252e60b6","protocolProfileBehavior":{"disableBodyPruning":true},"request":{"method":"POST","header":[{"key":"Cookie","value":"XSRF-TOKEN=e36716f5-6c0f-4a07-a2b4-d574ad8d1dbc"}],"body":{"mode":"urlencoded","urlencoded":[{"key":"_csrf","value":"e36716f5-6c0f-4a07-a2b4-d574ad8d1dbc","type":"text"},{"key":"username","value":"NotCyberSecMaker","type":"text"},{"key":"password","value":"NotCyberSecMaker1!","type":"text"}]},"url":{"raw":"{{mocked_cognito_url}}","host":["{{mocked_cognito_url}}"]},"description":"Before logging as different user, please remove `cognito` COOKIE from request"},"response":[]},{"name":"Login as NotCyberSec Checker","event":[{"listen":"test","script":{"id":"c6f69a73-e533-4b6c-ba43-6c15a3fffc1a","exec":["var locationHeader = postman.getResponseHeader(\"Location\");","id_token = locationHeader.split('id_token=').pop().split('&access_token')[0];","pm.globals.set(\"cognito_token\", id_token);"],"type":"text/javascript"}}],"id":"07fee735-2009-4f1c-9f51-46169b435fc0","protocolProfileBehavior":{"disableBodyPruning":true},"request":{"method":"POST","header":[{"key":"Cookie","value":"XSRF-TOKEN=e36716f5-6c0f-4a07-a2b4-d574ad8d1dbc"}],"body":{"mode":"urlencoded","urlencoded":[{"key":"_csrf","value":"e36716f5-6c0f-4a07-a2b4-d574ad8d1dbc","type":"text"},{"key":"username","value":"NotCyberSecChecker","type":"text"},{"key":"password","value":"NotCyberSecChecker1!","type":"text"}]},"url":{"raw":"{{mocked_cognito_url}}","host":["{{mocked_cognito_url}}"]},"description":"Before logging as different user, please remove `cognito` COOKIE from request"},"response":[]}],"id":"3d9fe0e0-62fa-4962-905c-d4f552bb1ba9","description":"These requests are authenticated against mocked cognito user pool with predefined users"},{"name":"ADFS Cognito","item":[{"name":"Login with HSBC staff credentials","event":[{"listen":"test","script":{"id":"edf3dfbf-f667-419b-9f5a-5d04c6385d93","exec":["var locationHeader = postman.getResponseHeader(\"Location\");","id_token = locationHeader.split('id_token=').pop().split('&access_token')[0];","pm.globals.set(\"cognito_token\", id_token);"],"type":"text/javascript"}}],"id":"eb113b68-5ff6-46ce-b9ce-43839fc02429","protocolProfileBehavior":{"disableBodyPruning":true},"request":{"method":"POST","header":[{"key":"Cookie","value":"XSRF-TOKEN=22b9e836-43ee-43c3-92e9-e746ba520a87"}],"body":{"mode":"urlencoded","urlencoded":[{"key":"_csrf","value":"22b9e836-43ee-43c3-92e9-e746ba520a87","type":"text"},{"key":"username","value":"45043060","type":"text"},{"key":"password","value":"MasterOfKupsko7$,","type":"text"}]},"url":{"raw":"{{adfs_cognito_url}}","host":["{{adfs_cognito_url}}"]},"description":"In order to log in, please edit request Body configuration. There are `username` & `password` request parameters that You need to fill with Your HSBC staff credentials.\n\nIf You want to log as different user, please remove `cognito` COOKIE from request and execute request again."},"response":[]}],"id":"faf37cd5-563d-47de-86b6-0c12934725cb","description":"These requests are authenticated against cognito user pool with ADFS integration","event":[{"listen":"prerequest","script":{"id":"3b2a085b-a205-4364-b248-eb89cd521dcf","type":"text/javascript","exec":[""]}},{"listen":"test","script":{"id":"127fde42-ad30-4bad-a33c-c25415925a39","type":"text/javascript","exec":[""]}}]}],"event":[{"listen":"prerequest","script":{"id":"34c0cad8-6562-4de3-b725-31740e90fcc8","type":"text/javascript","exec":[""]}},{"listen":"test","script":{"id":"b9b62d11-e84e-48b5-a4e9-aa60d7b1e8d9","type":"text/javascript","exec":[""]}}]}