{"info":{"_postman_id":"846b547a-d10d-4832-ae17-64967bb22e00","name":"OBIE AISP PSD2 Single Permission","schema":"https://schema.getpostman.com/json/collection/v2.1.0/collection.json"},"item":[{"name":"01 -  Register","event":[{"listen":"prerequest","script":{"id":"942698b3-a16f-4eb6-a2b9-0292c01b4fae","exec":["var navigator = {};","var window = {};","eval(pm.environment.get(\"module:jsrsasign\"));","var sPKCS8PEM = `-----BEGIN PRIVATE KEY-----","MIIEvQIBADANBgkqhkiG9w0BAQEFAASCBKcwggSjAgEAAoIBAQChzaODZAvmrxEa","g+vMSEUoDB3A5X3koN56HbGqpQVH6Mu6BG1NarIh64mEBKI0GvM2nQxogXfZ57Gp","cwGgb5SChwVd/j6zP8aW2exZglDZwsLjctBbbraAEA2LgXh7pat5VdprNBLA9juC","bQRnRD83vhBhI+sIu373OStqIQ7EtCiqosGytkDOyb5LWz/gsTuRzbkCf0Hn2HLX","iDcuDTuQm9TSqx18X1oK3/pTKY2r7uQe2pbrdujn5O31NTTsfIvIQFQn592v7EeY","y6lFiURIx2abhhHo61BnnJIQokgGWNmtL4tgNuO29N6bdYdwtDjKQbpoL4aK9Y5T","aod09C7PAgMBAAECggEASzv8ANcfNYdHk6WtmZItHd7sYsoSzKEEcZGnD+qlVvdm","6zqtvCaVZ3JGwe0JouK5HjbOEzXIDblPAbRpGDlpu3uewkK60swfwfrYjBItF+QY","jHvRaAJFt6w/MBPmes/guI1z/w76fWDA8PdR6dZw8rFcml6CJdBQzBF4H2P5ovpF","zDGuBfsIupgRh32xZLsgn1Y0R4/TlHMK9sDk2hwzFVlfeG+riuW7ljbbZTJZd5Kj","fVFC3Ql1TXAbNe7RQOhPlYhtn+Ni3GrSZJt+GZCyymC+Kfr9rihl6ySlMJxON+O9","u60xqB0A28JQWwi28bbFXkPulQ/ExuaK9KiYCcLHIQKBgQD0gAmFcW6PKL1njuKV","2D7wkW9oiaHj4MRWkupn1wsPJOYy7FtHHiE0HCiMaIAihJk4RsMRuFNLKYHiBSDO","Y0LuAG6QR3H5SarkYH14g70qOjQlmsk8DZ+TUNiYGbDcH8b4VkNBVT2kjYQTH4ot","DY/f/G3CAu0XT5qSY6MuJo+BvwKBgQCpad63m6OxxPTsrca+MQj+TlAv8iW26Blq","kwgM/nAFlDCDe08FzZo+MdX4R1ep/i2IBeu3c4md53jgBIb2Nc7YbathVPJv9Nzu","c9fqvDZesytOJw+ncuw0BABq/w3cIoCG9Zl0KYwaTQIrzj0theHLX/nAFaIN/pSs","lrDwFzN28QKBgQDEsdh3DQknjFvLWuy4Ja6EtEuPKuIdRC5Pg4OmJB7WgRXcM78+","2GNX26tXQZ6LpmbpGixGLiZ8GhlOLlf1EW+/roND+OYc6YHcli96a2kb9pULB5oK","gN82kVyeCFT60WmtUSBsB9o+bkapZ78ufXGYfSgDY30/OqAcUqHtN8JNWwKBgHOt","K3r5VeuTTZ2yBotlFfv24z/puqDKmFgx7wRYU4srpXiRoOKYgeJHyw9NP2l+ef5v","9IR96pCcNefYj4LcONGFCMlb5HJXoudayCqquwEsm7wwZbrzeJ8HwHVOlFskX9hH","KLGtkNGAlaPtnc5QpV1lujXTT6T4mPHDrysw3F4xAoGAENJUj6zejLsddubXbq5Y","3Sg8mVaq6RPaOEI40SCQz1weMWWJYqLy0swssGnIzOB/tSLbq0vZ4CVVlJKqGnqo","hLlQb+Tt3ZQrWOXwwmbdq5QztroxJDV5sHn3Yuse1R4Uzean3n2HIb8YeqyBw8NA","siL7t3nAQPxtaltTB1HoDJ4=","-----END PRIVATE KEY-----`;","var prvKey = KEYUTIL.getKey(sPKCS8PEM);","var joseHeader = '{\"alg\":\"PS256\",\"kid\":\"90210\"}'","var software_client_id = Math.random().toString(22).substring(3, 14) + Math.random().toString(36).substring(3, 14);","console.log(\"time = \" + software_client_id);","","var payloadSoftwareStatement = '{\"software_mode\": \"TODO\", \"software_environment\": \"TODO\", \"software_client_uri\": \"https://TODO.com\",\"software_logo_uri\": \"https://TODO.com\",\"software_policy_uri\": \"https://TODO.com\",\"software_tos_uri\": \"https://TODO.com\",\"software_on_behalf_of_org\": \"https://TODO.com\",\"software_client_description\": \"software statement for testing purposes\",\"software_jwks_revoked_endpoint\": \"https://TODO.com\",\"software_roles\": [\"PISP\",\"CBPII\",\"AISP\"],\"org_jwks_endpoint\": \"https://TODO.com\",\"org_status\": \"Active\",\"org_contacts\": [],\"organisation_competent_authority_claims\": [],\"org_id\": \"5cb8572403f0df\",\"org_name\": \"obforgerocktest\",\"org_jwks_revoked_endpoint\": \"https://TODO.com\",\"software_client_name\": \"test\",\"iss\": \"ForgeRock\",\"iat\": 1556445993,\"jti\": \"45903DAE-3174-4E9E-9047-BBAE9C1A723F\",\"software_client_id\": \"' + software_client_id + '\",\"software_redirect_uris\": [\"https://www.google.com/\"],\"software_id\": \"' + software_client_id + '\",\"software_jwks_endpoint\": \"https://df7quiv5l02zk.cloudfront.net/jwks/public.jwks\"}'","var softwareStatement = KJUR.jws.JWS.sign(\"PS256\", joseHeader, payloadSoftwareStatement, prvKey);","","var payload = '{\"iss\": \"ForgeRock\",\"aud\": \"' + pm.environment.get(\"aud_reg\") +'\",\"scope\": \"openid payments accounts\",\"redirect_uris\": [\"https://www.google.com/\"],\"response_types\": [\"code id_token\"],\"grant_types\": [\"authorization_code\",\"refresh_token\",\"client_credentials\"],\"application_type\": \"web\",\"id_token_signed_response_alg\": \"PS256\",\"request_object_signing_alg\": \"PS256\",\"token_endpoint_auth_method\": \"private_key_jwt\",\"token_endpoint_auth_signing_alg\": \"PS256\",\"software_id\": \"' + software_client_id + '\",\"software_statement\":\"' + softwareStatement + '\",\"exp\": 2774251996,\"iat\": 1689835570,\"jti\": \"45903DAE-3174-4E9E-9047-BBAE9C1A723F\"}'  ","  var requestJwt = KJUR.jws.JWS.sign(\"PS256\", joseHeader, payload, prvKey);","postman.setGlobalVariable(\"requestJwt\", requestJwt);"],"type":"text/javascript"}},{"listen":"test","script":{"id":"1c198fc9-0939-46b1-b732-abdf93377219","exec":["tests[\"Status code is 201\"] = responseCode.code === 201;","","var jsonData = JSON.parse(responseBody);","tests[\"Contain ClientId\"] = (typeof jsonData.client_id !== \"undefined\");","","console.log(\"Set client_id = \" + jsonData.client_id);","postman.setGlobalVariable(\"client_id\", jsonData.client_id);"],"type":"text/javascript"}}],"id":"c39ea265-68bf-4d07-91af-515d301a6d7e","protocolProfileBehavior":{"disableBodyPruning":true},"request":{"auth":{"type":"noauth"},"method":"POST","header":[{"key":"Content-Type","name":"Content-Type","value":"application/jose","type":"text"}],"body":{"mode":"raw","raw":"{{requestJwt}}"},"url":{"raw":"{{obie_url_register}}","host":["{{obie_url_register}}"]}},"response":[]},{"name":"01 -  Register for Canada Core","event":[{"listen":"prerequest","script":{"exec":["var navigator = {};","var window = {};","eval(pm.environment.get(\"module:jsrsasign\"));","var sPKCS8PEM = `-----BEGIN PRIVATE KEY-----","MIIEvgIBADANBgkqhkiG9w0BAQEFAASCBKgwggSkAgEAAoIBAQCfyWhDmanX57ja","gkbJ8mYG+NN5PvndEK/1mkXmZ+3zkwc/wzSR1HUFnYPlafR04oupq6DBmFj1Xce/","2SPANK5+BBRfZn/kSpD1WxZ8100l9EeLGw59kawCY0O8hINFf9BaNdYLd7a0U/lu","F79z+oI6TKEBvEiLpoE5RGMEXkmtpiovYujG7sbqo24dMRn7XQ/pqmpKne6r8XiI","/6oZM2MS+ISFOPQeWOm9WbYPbwwTJ7UmMsKfREjBi/oAfteJonTT74pkHHdOpV+T","vAjRd3gq+IFoVkBk2OUaEcpwS2nc4LuzkBNwxF6MnirwshdnLUl12+XNTs9mlHbw","XdaPy9tNAgMBAAECggEBAJSjwmcoOfQLrk0uZXWVFU4lCGxApiT8UgNx6NZmFdfB","DTxGdc+2yMlZdwnhn7NfzzYd3yRYeWB/RcL01qoFF9FIMD9y1UPkDacAfhHSIwVM","kYUYvUkYSt/JwYhL6OWs+YABlsUCLybe+yhr1QCpp51eDWTU5tNqJ8nDES1OHNH4","Sfi5ITx9chMAMI1YSegP0gBAwaSGWlFqpP2buaq39E816kdae+0WL7naNrojZZLu","YilcNJqoZSNAIJ1/gnsnMWxJa0PD20KlVVd71UYthM7uotFJmGJcZGEsNpDXDUR2","dvxipcFNmR7d/dVblmq/Ijko2cnYypUZBI5Ubn98VCECgYEAy0rVSpDHUsJfIOLw","+76GGy7AQTLc8qdFJQJl499s5xhpBzgQeyg/L/Q1nRozMiQR9aAkSQye5NdF8vk6","u5Ojd3TIZ7EhTYCVQNM7WpNjO7Ln4LzwVMVodc10POA9nSChTt2/Un/V0ZJ+NPLa","8qKChj4lv62Unk1joR9VzFErwsUCgYEAyTb4F2IcqNvUNBw8WbZxhYHohwnsA3sn","7h/GCDExozkfVkcanCkF2zGerROcGuBVZe6dBMurlboJef955Eth7nIqzaL3Eayz","3G+UmjIf/37oXPrYDMmof5olTKPFOtwNl5h4zWM31QcppTYfsFIbtf5K0+f+d8Uu","MPP33Z3anukCgYEAxTv1dELDICg041NLOvO+aOES5i7S7xoam62X7V336r5kJ/zd","AKArrfrhiWrCAQO96PFWQwlbn+q8kt/7e8Hh9yP2y6OvC+KU7DAEhfw5atJI5mJp","SdW9Y43SGL33CVt/JWU/Gmusp4fZqsV0Z7QDrvrc5PskFfI/lzMvquuV6YECgYBZ","78zyPrNKsn9mD1zWSJrzLr6tZTztzWVqpR8R2FM0frrICJ4XQKrSb5paCBLVXIIv","PnlGhHacRPwpYIyuAxexyaviID5I0yXNmL4WMeNlgub/cEuTY6uB5XdYizcD+QnG","Qat1OizhdgMiSk/dssWaEiCGGQL/q83aqaGXmA/4yQKBgGEmUHR1QCRsJLyxE5Wm","Rf7N246KbPtfY5VF8ocur2tIAXsYyWfdTWjApSZx9hj+OP3T5ivMp5S5oHK3g4Ag","OpKvHEiwgs+EC1k2ZfaXh+xGrIHQSAoXaUT7s+UWQZH/QBKO+UPu+34/sFX90Pfe","Xc+qNAUUvwtUDyGb+SUxCUcK","-----END PRIVATE KEY-----`;","var prvKey = KEYUTIL.getKey(sPKCS8PEM);","var joseHeader = '{\"alg\":\"PS256\",\"kid\":\"90210\"}'","var software_client_id = Math.random().toString(22).substring(3, 14) + Math.random().toString(36).substring(3, 14);","console.log(\"time = \" + software_client_id);","","var payloadSoftwareStatement = '{\"software_mode\": \"TODO\", \"software_environment\": \"TODO\", \"software_client_uri\": \"https://TODO.com\",\"software_logo_uri\": \"https://TODO.com\",\"software_policy_uri\": \"https://TODO.com\",\"software_tos_uri\": \"https://TODO.com\",\"software_on_behalf_of_org\": \"https://TODO.com\",\"software_client_description\": \"software statement for testing purposes\",\"software_jwks_revoked_endpoint\": \"https://TODO.com\",\"software_roles\": [\"PISP\",\"CBPII\",\"AISP\"],\"org_jwks_endpoint\": \"https://TODO.com\",\"org_status\": \"Active\",\"org_contacts\": [],\"organisation_competent_authority_claims\": [],\"org_id\": \"5cb8572403f0df\",\"org_name\": \"obforgerocktest\",\"org_jwks_revoked_endpoint\": \"https://TODO.com\",\"software_client_name\": \"test\",\"iss\": \"ForgeRock\",\"iat\": 1556445993,\"jti\": \"45903DAE-3174-4E9E-9047-BBAE9C1A723F\",\"software_client_id\": \"' + software_client_id + '\",\"software_redirect_uris\": [\"https://www.google.com/\"],\"software_id\": \"' + software_client_id + '\",\"software_jwks_endpoint\": \"https://keystore.openbankingtest.org.uk/0015800000jeox1AAA/0015800000jeox1AAA.jwks\"}'","var softwareStatement = KJUR.jws.JWS.sign(\"PS256\", joseHeader, payloadSoftwareStatement, prvKey);","","var payload = '{\"iss\": \"ForgeRock\",\"aud\": \"' + pm.environment.get(\"aud_reg\") +'\",\"scope\": \"openid payments accounts\",\"redirect_uris\": [\"https://www.google.com/\"],\"response_types\": [\"code id_token\"],\"grant_types\": [\"authorization_code\",\"refresh_token\",\"client_credentials\"],\"application_type\": \"web\",\"id_token_signed_response_alg\": \"PS256\",\"request_object_signing_alg\": \"PS256\",\"token_endpoint_auth_method\": \"private_key_jwt\",\"token_endpoint_auth_signing_alg\": \"PS256\",\"software_id\": \"' + software_client_id + '\",\"software_statement\":\"' + softwareStatement + '\",\"exp\": 1674206304,\"iat\": 1555506046,\"jti\": \"45903DAE-3174-4E9E-9047-BBAE9C1A723F\"}'  ","  var requestJwt = KJUR.jws.JWS.sign(\"PS256\", joseHeader, payload, prvKey);","postman.setGlobalVariable(\"requestJwt\", requestJwt);"],"type":"text/javascript","id":"77046040-e138-4624-8f81-5c48f9ab5460"}},{"listen":"test","script":{"exec":["tests[\"Status code is 201\"] = responseCode.code === 201;","","var jsonData = JSON.parse(responseBody);","tests[\"Contain ClientId\"] = (typeof jsonData.client_id !== \"undefined\");","","console.log(\"Set client_id = \" + jsonData.client_id);","postman.setGlobalVariable(\"client_id\", jsonData.client_id);"],"type":"text/javascript","id":"640b6010-65fc-4772-9514-63cd4bc38d4e"}}],"id":"77d733ea-0ea8-404c-b864-26c90f5c7529","protocolProfileBehavior":{"disableBodyPruning":true},"request":{"auth":{"type":"noauth"},"method":"POST","header":[{"key":"Content-Type","name":"Content-Type","type":"text","value":"application/jose"}],"body":{"mode":"raw","raw":"{{requestJwt}}"},"url":{"raw":"https://ca-infra-nginx-d84df1050a8bc70b.elb.us-east-1.amazonaws.com/obf/open-banking/v3.2/oauth2/register","protocol":"https","host":["ca-infra-nginx-d84df1050a8bc70b","elb","us-east-1","amazonaws","com"],"path":["obf","open-banking","v3.2","oauth2","register"]}},"response":[]},{"name":"02 - Token Client Cred Grant","event":[{"listen":"prerequest","script":{"id":"fd025184-1f1b-49c0-b1e0-903e14e97625","exec":["var navigator = {};","var window = {};","eval(pm.environment.get(\"module:jsrsasign\"));","var sPKCS8PEM = `-----BEGIN PRIVATE KEY-----","MIIEvQIBADANBgkqhkiG9w0BAQEFAASCBKcwggSjAgEAAoIBAQChzaODZAvmrxEa","g+vMSEUoDB3A5X3koN56HbGqpQVH6Mu6BG1NarIh64mEBKI0GvM2nQxogXfZ57Gp","cwGgb5SChwVd/j6zP8aW2exZglDZwsLjctBbbraAEA2LgXh7pat5VdprNBLA9juC","bQRnRD83vhBhI+sIu373OStqIQ7EtCiqosGytkDOyb5LWz/gsTuRzbkCf0Hn2HLX","iDcuDTuQm9TSqx18X1oK3/pTKY2r7uQe2pbrdujn5O31NTTsfIvIQFQn592v7EeY","y6lFiURIx2abhhHo61BnnJIQokgGWNmtL4tgNuO29N6bdYdwtDjKQbpoL4aK9Y5T","aod09C7PAgMBAAECggEASzv8ANcfNYdHk6WtmZItHd7sYsoSzKEEcZGnD+qlVvdm","6zqtvCaVZ3JGwe0JouK5HjbOEzXIDblPAbRpGDlpu3uewkK60swfwfrYjBItF+QY","jHvRaAJFt6w/MBPmes/guI1z/w76fWDA8PdR6dZw8rFcml6CJdBQzBF4H2P5ovpF","zDGuBfsIupgRh32xZLsgn1Y0R4/TlHMK9sDk2hwzFVlfeG+riuW7ljbbZTJZd5Kj","fVFC3Ql1TXAbNe7RQOhPlYhtn+Ni3GrSZJt+GZCyymC+Kfr9rihl6ySlMJxON+O9","u60xqB0A28JQWwi28bbFXkPulQ/ExuaK9KiYCcLHIQKBgQD0gAmFcW6PKL1njuKV","2D7wkW9oiaHj4MRWkupn1wsPJOYy7FtHHiE0HCiMaIAihJk4RsMRuFNLKYHiBSDO","Y0LuAG6QR3H5SarkYH14g70qOjQlmsk8DZ+TUNiYGbDcH8b4VkNBVT2kjYQTH4ot","DY/f/G3CAu0XT5qSY6MuJo+BvwKBgQCpad63m6OxxPTsrca+MQj+TlAv8iW26Blq","kwgM/nAFlDCDe08FzZo+MdX4R1ep/i2IBeu3c4md53jgBIb2Nc7YbathVPJv9Nzu","c9fqvDZesytOJw+ncuw0BABq/w3cIoCG9Zl0KYwaTQIrzj0theHLX/nAFaIN/pSs","lrDwFzN28QKBgQDEsdh3DQknjFvLWuy4Ja6EtEuPKuIdRC5Pg4OmJB7WgRXcM78+","2GNX26tXQZ6LpmbpGixGLiZ8GhlOLlf1EW+/roND+OYc6YHcli96a2kb9pULB5oK","gN82kVyeCFT60WmtUSBsB9o+bkapZ78ufXGYfSgDY30/OqAcUqHtN8JNWwKBgHOt","K3r5VeuTTZ2yBotlFfv24z/puqDKmFgx7wRYU4srpXiRoOKYgeJHyw9NP2l+ef5v","9IR96pCcNefYj4LcONGFCMlb5HJXoudayCqquwEsm7wwZbrzeJ8HwHVOlFskX9hH","KLGtkNGAlaPtnc5QpV1lujXTT6T4mPHDrysw3F4xAoGAENJUj6zejLsddubXbq5Y","3Sg8mVaq6RPaOEI40SCQz1weMWWJYqLy0swssGnIzOB/tSLbq0vZ4CVVlJKqGnqo","hLlQb+Tt3ZQrWOXwwmbdq5QztroxJDV5sHn3Yuse1R4Uzean3n2HIb8YeqyBw8NA","siL7t3nAQPxtaltTB1HoDJ4=","-----END PRIVATE KEY-----`;","var prvKey = KEYUTIL.getKey(sPKCS8PEM);","var iss = pm.environment.get(\"client_id\")","var sub = pm.environment.get(\"client_id\")","var joseHeader = '{\"alg\":\"PS256\",\"kid\":\"90210\"}'","var exp = Math.round(new Date().getTime()/1000) + 1200","var iat = Math.round(new Date().getTime()/1000)","console.log(\"time = \" + exp);","var payload = '{\"iss\": \"'+ iss +'\",\"aud\": \"' + pm.environment.get(\"aud_tok\") +'\",\"sub\":\"'+ sub +'\",\"exp\":'+ exp +'}';","var requestJwt = KJUR.jws.JWS.sign(\"PS256\", joseHeader, payload, prvKey);","pm.environment.set(\"client_Assertion\", requestJwt);"],"type":"text/javascript"}},{"listen":"test","script":{"id":"1b24da6a-edb4-43ce-82a3-945f6519f008","exec":["tests[\"Status code is 200\"] = responseCode.code === 200;","","var jsonData = JSON.parse(responseBody);","tests[\"Contain access_token\"] = (typeof jsonData.access_token !== \"undefined\");","","console.log(\"Set access_token_ccg = \" + jsonData.access_token);","pm.environment.set(\"access_token_ccg\", jsonData.access_token);"],"type":"text/javascript"}}],"id":"e33b6e51-5cb7-45d8-8ff8-c08ea49c57ce","protocolProfileBehavior":{"disableBodyPruning":true},"request":{"auth":{"type":"noauth"},"method":"POST","header":[{"key":"Content-Type","name":"Content-Type","value":"application/x-www-form-urlencoded","type":"text"}],"body":{"mode":"urlencoded","urlencoded":[{"key":"grant_type","value":"client_credentials","type":"text"},{"key":"scope","value":"accounts","type":"text"},{"key":"client_assertion_type","value":"urn:ietf:params:oauth:client-assertion-type:jwt-bearer","type":"text"},{"key":"client_assertion","value":"{{client_Assertion}}","type":"text"},{"key":"client_id","value":"2aafc2e4-b113-4fe9-aa56-dec270c6fdb4","type":"text","disabled":true}]},"url":{"raw":"{{obie_url_token}}","host":["{{obie_url_token}}"]}},"response":[]},{"name":"03 - Account Access - All consent","event":[{"listen":"test","script":{"exec":["var jsonData = JSON.parse(responseBody);","console.log(\"Set consent_id = \" + jsonData.Data.ConsentId);","postman.setGlobalVariable(\"consent_id\", jsonData.Data.ConsentId);"],"type":"text/javascript","id":"1a8d66e2-92a1-453e-9230-ddbb037a726f"}}],"id":"ddfd5372-ffe1-4258-85c8-3ba466c9176b","protocolProfileBehavior":{"disableBodyPruning":true},"request":{"method":"POST","header":[{"key":"Content-Type","value":"application/json"},{"key":"Accept","value":"application/json"},{"key":"Authorization","value":"Bearer {{access_token_ccg}}"},{"key":"x-fapi-financial-id","value":"test"}],"body":{"mode":"raw","raw":"{\n    \"Data\": {\n        \"Permissions\": [\n            \"ReadAccountsBasic\",\n            \"ReadOffers\"\n        ]\n    },\n    \"Risk\": {}\n}"},"url":{"raw":"{{obie_url_aisp}}/account-access-consents","host":["{{obie_url_aisp}}"],"path":["account-access-consents"]},"description":"AISP/PISP => ASPSP (HSBC)"},"response":[]},{"name":"03 - Account Access Consents","event":[{"listen":"test","script":{"exec":["var jsonData = JSON.parse(responseBody);","console.log(\"Set consent_id = \" + jsonData.Data.ConsentId);","postman.setGlobalVariable(\"consent_id\", jsonData.Data.ConsentId);"],"type":"text/javascript","id":"3abfac96-ba4f-4b1d-b449-7ce058909b37"}}],"id":"94babe02-4ae8-4231-ad6f-729aac5f6869","protocolProfileBehavior":{"disableBodyPruning":true},"request":{"method":"POST","header":[{"key":"Content-Type","value":"application/json"},{"key":"Accept","value":"application/json"},{"key":"Authorization","value":"Bearer {{access_token_ccg}}"},{"key":"x-fapi-financial-id","value":"test"}],"body":{"mode":"raw","raw":"{\n  \"Data\": {\n     \"Permissions\": [\n            \"ReadAccountsBasic\",\n            \"ReadOffers\"\n        ]\n  },\n  \"Risk\": {}\n}"},"url":{"raw":"{{obie_url_aisp}}/account-access-consents","host":["{{obie_url_aisp}}"],"path":["account-access-consents"]},"description":"AISP/PISP => ASPSP (HSBC)"},"response":[]},{"name":"03 - Account Access - ReadBalances","event":[{"listen":"test","script":{"exec":["var jsonData = JSON.parse(responseBody);","console.log(\"Set consent_id = \" + jsonData.Data.ConsentId);","postman.setGlobalVariable(\"consent_id\", jsonData.Data.ConsentId);"],"type":"text/javascript","id":"33e6e8d5-5738-4ec1-979b-72dc22119cae"}}],"id":"0dfe4c0a-424c-49b1-a2b5-6d7ecf44268b","protocolProfileBehavior":{"disableBodyPruning":true},"request":{"method":"POST","header":[{"key":"Content-Type","value":"application/json"},{"key":"Accept","value":"application/json"},{"key":"Authorization","value":"Bearer {{access_token_ccg}}"},{"key":"x-fapi-financial-id","value":"test"}],"body":{"mode":"raw","raw":"{\n  \"Data\": {\n     \"Permissions\": [\n            \"ReadBalances\"\n        ]\n  },\n  \"Risk\": {}\n}"},"url":{"raw":"{{obie_url_aisp}}/account-access-consents","host":["{{obie_url_aisp}}"],"path":["account-access-consents"]},"description":"AISP/PISP => ASPSP (HSBC)"},"response":[]},{"name":"03 - Account Access ReadOffers permission","event":[{"listen":"test","script":{"exec":["var jsonData = JSON.parse(responseBody);","console.log(\"Set consent_id = \" + jsonData.Data.ConsentId);","postman.setGlobalVariable(\"consent_id\", jsonData.Data.ConsentId);"],"type":"text/javascript","id":"01437f21-d750-4b5f-be5d-8b00eb267da3"}}],"id":"70b9d636-b952-45b8-a08a-3a30ed74ff1b","protocolProfileBehavior":{"disableBodyPruning":true},"request":{"method":"POST","header":[{"key":"Content-Type","value":"application/json"},{"key":"Accept","value":"application/json"},{"key":"Authorization","value":"Bearer {{access_token_ccg}}"},{"key":"x-fapi-financial-id","value":"test"}],"body":{"mode":"raw","raw":"{\n  \"Data\": {\n     \"Permissions\": [\n            \"ReadOffers\"\n        ]\n  },\n  \"Risk\": {}\n}"},"url":{"raw":"{{obie_url_aisp}}/account-access-consents","host":["{{obie_url_aisp}}"],"path":["account-access-consents"]},"description":"AISP/PISP => ASPSP (HSBC)"},"response":[]},{"name":"04 -OpenAmAuthorize","event":[{"listen":"prerequest","script":{"id":"9910daa0-9ccb-4c1c-af11-35381d04c3f8","exec":["var navigator = {};","var window = {};","eval(pm.environment.get(\"module:jsrsasign\"));","var sPKCS8PEM = `-----BEGIN PRIVATE KEY-----","MIIEvQIBADANBgkqhkiG9w0BAQEFAASCBKcwggSjAgEAAoIBAQChzaODZAvmrxEa","g+vMSEUoDB3A5X3koN56HbGqpQVH6Mu6BG1NarIh64mEBKI0GvM2nQxogXfZ57Gp","cwGgb5SChwVd/j6zP8aW2exZglDZwsLjctBbbraAEA2LgXh7pat5VdprNBLA9juC","bQRnRD83vhBhI+sIu373OStqIQ7EtCiqosGytkDOyb5LWz/gsTuRzbkCf0Hn2HLX","iDcuDTuQm9TSqx18X1oK3/pTKY2r7uQe2pbrdujn5O31NTTsfIvIQFQn592v7EeY","y6lFiURIx2abhhHo61BnnJIQokgGWNmtL4tgNuO29N6bdYdwtDjKQbpoL4aK9Y5T","aod09C7PAgMBAAECggEASzv8ANcfNYdHk6WtmZItHd7sYsoSzKEEcZGnD+qlVvdm","6zqtvCaVZ3JGwe0JouK5HjbOEzXIDblPAbRpGDlpu3uewkK60swfwfrYjBItF+QY","jHvRaAJFt6w/MBPmes/guI1z/w76fWDA8PdR6dZw8rFcml6CJdBQzBF4H2P5ovpF","zDGuBfsIupgRh32xZLsgn1Y0R4/TlHMK9sDk2hwzFVlfeG+riuW7ljbbZTJZd5Kj","fVFC3Ql1TXAbNe7RQOhPlYhtn+Ni3GrSZJt+GZCyymC+Kfr9rihl6ySlMJxON+O9","u60xqB0A28JQWwi28bbFXkPulQ/ExuaK9KiYCcLHIQKBgQD0gAmFcW6PKL1njuKV","2D7wkW9oiaHj4MRWkupn1wsPJOYy7FtHHiE0HCiMaIAihJk4RsMRuFNLKYHiBSDO","Y0LuAG6QR3H5SarkYH14g70qOjQlmsk8DZ+TUNiYGbDcH8b4VkNBVT2kjYQTH4ot","DY/f/G3CAu0XT5qSY6MuJo+BvwKBgQCpad63m6OxxPTsrca+MQj+TlAv8iW26Blq","kwgM/nAFlDCDe08FzZo+MdX4R1ep/i2IBeu3c4md53jgBIb2Nc7YbathVPJv9Nzu","c9fqvDZesytOJw+ncuw0BABq/w3cIoCG9Zl0KYwaTQIrzj0theHLX/nAFaIN/pSs","lrDwFzN28QKBgQDEsdh3DQknjFvLWuy4Ja6EtEuPKuIdRC5Pg4OmJB7WgRXcM78+","2GNX26tXQZ6LpmbpGixGLiZ8GhlOLlf1EW+/roND+OYc6YHcli96a2kb9pULB5oK","gN82kVyeCFT60WmtUSBsB9o+bkapZ78ufXGYfSgDY30/OqAcUqHtN8JNWwKBgHOt","K3r5VeuTTZ2yBotlFfv24z/puqDKmFgx7wRYU4srpXiRoOKYgeJHyw9NP2l+ef5v","9IR96pCcNefYj4LcONGFCMlb5HJXoudayCqquwEsm7wwZbrzeJ8HwHVOlFskX9hH","KLGtkNGAlaPtnc5QpV1lujXTT6T4mPHDrysw3F4xAoGAENJUj6zejLsddubXbq5Y","3Sg8mVaq6RPaOEI40SCQz1weMWWJYqLy0swssGnIzOB/tSLbq0vZ4CVVlJKqGnqo","hLlQb+Tt3ZQrWOXwwmbdq5QztroxJDV5sHn3Yuse1R4Uzean3n2HIb8YeqyBw8NA","siL7t3nAQPxtaltTB1HoDJ4=","-----END PRIVATE KEY----- `;","var prvKey = KEYUTIL.getKey(sPKCS8PEM);","var joseHeader = '{\"alg\":\"PS256\",\"kid\":\"90210\"}';","var client_id = pm.environment.get(\"client_id\");","var consent_id = pm.environment.get(\"consent_id\");","var payload = '{\"iss\":\"https://sandbox.hsbc.com/psd2/obie/v3.1/as/token.oauth2\",\"aud\": \"' + pm.environment.get(\"aud_auth\") +'\",\"response_type\":\"code id_token\",\"client_id\":\"'+client_id+'\",\"state\":\"lwMPIxDc9H\",\"exp\": 1690630364,\"redirect_uri\":\"https://www.google.com/\",\"nonce\":\"pLYLrLcNCF\",\"scope\":\"openid accounts\",\"claims\":{\"userinfo\":{\"openbanking_intent_id\":{\"value\":\"'+consent_id+'\",\"essential\":true}},\"id_token\":{\"openbanking_intent_id\":{\"essential\":true,\"value\":\"'+consent_id+'\"},\"acr\":{\"essential\":false,\"values\":[\"urn:openbanking:psd2:sca\",\"urn:openbanking:psd2:ca\"]}}}}';","var requestJwt = KJUR.jws.JWS.sign(\"PS256\", joseHeader, payload, prvKey);","pm.environment.set(\"requestJwt\", requestJwt);"],"type":"text/javascript"}},{"listen":"test","script":{"id":"f3a16230-b24a-43af-9f7a-9f388c271369","exec":["tests[\"Status code is 302\"] = responseCode.code === 302;","","let locationHeader = postman.getResponseHeader(\"Location\");","","tests[\"Contain Location header\"] = (typeof locationHeader !== \"undefined\");","","let urlArray = locationHeader.split(\"?\");","tests[\"Location header has params\"] = urlArray.length == 2;","","let host = urlArray[0];","let params = urlArray[1].split(\"&\");","let containCode = false;","params.forEach(param => {","  let keyVal = param.split(\"=\");","  if (keyVal[0] == \"redirectJwt\") {","    console.log(\"Set authCode = \" + keyVal[1]);","    pm.environment.set(\"redirectJwt\", keyVal[1]);","    containCode = true;","  }","});","tests[\"Location header has authCode\"] = containCode;"],"type":"text/javascript"}}],"id":"895daad6-0c81-4cc2-b09b-09082520dc26","protocolProfileBehavior":{"disableBodyPruning":true},"request":{"method":"GET","header":[],"url":{"raw":"{{auth_url}}?response_type=code+id_token&client_id={{client_id}}&redirect_uri=https%3A%2F%2Fwww.google.com%2F&scope=openid+accounts&request={{requestJwt}}&nonce=W6Jr4WOZ27j9&state=lwMPIxDc9H&sub={{client_id}}","host":["{{auth_url}}"],"query":[{"key":"response_type","value":"code+id_token"},{"key":"client_id","value":"{{client_id}}"},{"key":"redirect_uri","value":"https%3A%2F%2Fwww.google.com%2F"},{"key":"scope","value":"openid+accounts"},{"key":"request","value":"{{requestJwt}}"},{"key":"nonce","value":"W6Jr4WOZ27j9"},{"key":"state","value":"lwMPIxDc9H"},{"key":"sub","value":"{{client_id}}"}]}},"response":[]},{"name":"05 - Consent - For UI Skip this step","event":[{"listen":"test","script":{"exec":["tests[\"Status code is 200\"] = responseCode.code === 200;",""],"type":"text/javascript","id":"dc4b0ecc-6bd5-4d10-a1e6-816b2563f9bf"}}],"id":"60411cc4-e7e8-4c40-9af5-318fbb2d516f","protocolProfileBehavior":{"disableBodyPruning":true},"request":{"method":"GET","header":[{"key":"Content-Type","value":"application/json"},{"key":"Accept","value":"application/json"},{"warning":"This is a duplicate header and will be overridden by the Authorization header generated by Postman.","key":"Authorization","value":"Bearer {{redirectJwt}}","type":"text"}],"body":{"mode":"raw","raw":""},"url":{"raw":"{{obie_internal_url}}/customer-auth/data","host":["{{obie_internal_url}}"],"path":["customer-auth","data"]},"description":"The end user browser => ASPSP (HSBC)"},"response":[]},{"name":"otp_ob_e2e - For UI Skip this step","event":[{"listen":"test","script":{"exec":["var jsonData = JSON.parse(responseBody);","postman.setGlobalVariable(\"otp\", jsonData.token);",""],"type":"text/javascript","id":"c0fa6337-f849-415b-a079-17c815a0b62d"}}],"id":"df2682bf-ff5f-42cb-b383-68c9c352a8c3","protocolProfileBehavior":{"disableBodyPruning":true},"request":{"method":"GET","header":[],"url":{"raw":"https://testingservices.cn.hsbc:8443/tokenApi/anonymous?accessKey={{access_key}}&username={{username}}&type=1","protocol":"https","host":["testingservices","cn","hsbc"],"port":"8443","path":["tokenApi","anonymous"],"query":[{"key":"accessKey","value":"{{access_key}}"},{"key":"user","value":"anonymous","disabled":true},{"key":"_","value":"1507025554649","disabled":true},{"key":"username","value":"{{username}}"},{"key":"type","value":"1"}]}},"response":[]},{"name":"otp_ob_e2e - For UI Skip this step with User Cedit Card","event":[{"listen":"test","script":{"exec":["var jsonData = JSON.parse(responseBody);","postman.setGlobalVariable(\"otp\", jsonData.token);",""],"type":"text/javascript","id":"eb0b4ae1-a835-4fbb-89e5-0f5079513e25"}}],"id":"df6c65eb-4f82-43f4-9c17-d722a731421b","protocolProfileBehavior":{"disableBodyPruning":true},"request":{"method":"GET","header":[],"url":{"raw":"https://testingservices.cn.hsbc:8443/publicapi/token?type=1&username={{username_2}}&key={{key}}","protocol":"https","host":["testingservices","cn","hsbc"],"port":"8443","path":["publicapi","token"],"query":[{"key":"user","value":"anonymous","disabled":true},{"key":"_","value":"1507025554649","disabled":true},{"key":"type","value":"1"},{"key":"username","value":"{{username_2}}"},{"key":"key","value":"{{key}}"}]}},"response":[]},{"name":"06 - Authenticate - For UI Skip this step","event":[{"listen":"test","script":{"exec":["tests[\"Status code is 200\"] = responseCode.code === 200;"],"type":"text/javascript","id":"c58d80ae-e3f1-4a27-8a0d-16c377f2cacf"}}],"id":"9b5b41f8-ff63-4a79-8aca-149a40014fd4","protocolProfileBehavior":{"disableBodyPruning":true},"request":{"method":"POST","header":[{"key":"content-Type","value":"application/json"},{"key":"Accept","value":"*/*","type":"text"},{"key":"Authorization","value":"Bearer {{redirectJwt}}","type":"text"}],"body":{"mode":"raw","raw":"{\n  \"authType\": \"SECURE_CODE\",\n  \"username\": \"{{username}}\",\n  \"secureCode\": {{otp}}\n}"},"url":{"raw":"{{obie_internal_url}}/customer-auth/authenticate","host":["{{obie_internal_url}}"],"path":["customer-auth","authenticate"]},"description":"The end user browser => ASPSP (HSBC)"},"response":[]},{"name":"06 - Authenticate - For UI Skip this step for Credit card","event":[{"listen":"test","script":{"exec":["tests[\"Status code is 200\"] = responseCode.code === 200;"],"type":"text/javascript","id":"440ef2eb-2b30-488d-8df3-80339c35e785"}}],"id":"3cdb5283-c322-406d-a358-27d54b95dbe9","protocolProfileBehavior":{"disableBodyPruning":true},"request":{"method":"POST","header":[{"key":"content-Type","value":"application/json"},{"key":"Accept","value":"*/*","type":"text"},{"key":"Authorization","value":"Bearer {{redirectJwt}}","type":"text"}],"body":{"mode":"raw","raw":"{ \n    \"authType\":\"SECURE_CODE\",\n    \"username\": \"{{username_2}}\",\n    \"secureCode\": {{otp}}\n }"},"url":{"raw":"{{obie_internal_url}}/customer-auth/authenticate","host":["{{obie_internal_url}}"],"path":["customer-auth","authenticate"]},"description":"The end user browser => ASPSP (HSBC)"},"response":[]},{"name":"07 - Accounts - For UI Skip this step","event":[{"listen":"test","script":{"exec":["tests[\"Status code is 200\"] = responseCode.code === 200;","","var jsonData = JSON.parse(responseBody);","tests[\"Contain AccountId\"] = (typeof jsonData.accounts.account[5].scheme.identification !== \"undefined\");","","console.log(\"Set account_id = \" + jsonData.accounts.account[5].scheme.identification);","postman.setGlobalVariable(\"account_id\", jsonData.accounts.account[5].scheme.identification);"],"type":"text/javascript","id":"b85fed15-a3f8-4181-91b6-4a2bc7c6c6ba"}}],"id":"49b0385b-d1bc-4674-9dcf-7440a008a663","protocolProfileBehavior":{"disableBodyPruning":true},"request":{"method":"GET","header":[{"key":"content-Type","value":"application/json"},{"key":"Accept","value":"application/json"},{"key":"Authorization","value":"Bearer {{redirectJwt}}","type":"text"},{"key":"Signature","value":"Signature","type":"text"},{"key":"X-Request-Id","value":"12345678","type":"text"}],"url":{"raw":"{{obie_internal_url}}/customer-auth/accounts?withBalance=true","host":["{{obie_internal_url}}"],"path":["customer-auth","accounts"],"query":[{"key":"withBalance","value":"true"}]},"description":"The end user browser => ASPSP (HSBC)"},"response":[]},{"name":"08 - Put-consent - For UI Skip this step for Credit card","event":[{"listen":"test","script":{"exec":["tests[\"Status code is 200\"] = responseCode.code === 200;"],"type":"text/javascript","id":"906ae397-94ae-45d5-b0d5-0a2f2c22f0b7"}}],"id":"f56f72ed-7c24-4c02-a672-e8bf8a33eedf","protocolProfileBehavior":{"disableBodyPruning":true},"request":{"method":"PUT","header":[{"key":"Authorization","value":"Bearer {{redirectJwt}}"},{"key":"Accept","value":"application/json","type":"text"},{"key":"Content-Type","value":"application/json; charset=UTF-8","type":"text"}],"body":{"mode":"raw","raw":"{\n    \"permissions\": [\n        {\n            \"accounts\": [\n                {\n                    \"schemeName\": \"UK.OBIE.PAN\",\n                    \"identification\": \"XXXX XXXX XXXX 1905\"\n                }\n            ],\n            \"permission\": \"ReadAccountsBasic\"\n        },\n        {\n            \"accounts\": [\n                {\n                    \"schemeName\": \"UK.OBIE.PAN\",\n                    \"identification\": \"XXXX XXXX XXXX 1905\"\n                }\n            ],\n            \"permission\": \"ReadOffers\"\n        }\n    ]\n}"},"url":{"raw":"{{obie_internal_url}}/customer-auth/consent","host":["{{obie_internal_url}}"],"path":["customer-auth","consent"]},"description":"The end user browser => ASPSP (HSBC)"},"response":[]},{"name":"08 - Put-consent - For UI Skip this step Copy 2","event":[{"listen":"test","script":{"exec":["tests[\"Status code is 200\"] = responseCode.code === 200;"],"type":"text/javascript","id":"a9e35561-23f5-4b88-a371-35d3dbb890c3"}}],"id":"b5a49b81-d62a-4ed1-8aef-b6ba88474c6e","protocolProfileBehavior":{"disableBodyPruning":true},"request":{"method":"PUT","header":[{"key":"Authorization","value":"Bearer {{redirectJwt}}"},{"key":"Accept","value":"application/json","type":"text"},{"key":"Content-Type","value":"application/json; charset=UTF-8","type":"text"}],"body":{"mode":"raw","raw":"{\n   \"permissions\": [\n      {\n         \"accounts\": [\n            {\n               \"schemeName\": \"UK.OBIE.SortCodeAccountNumber\",\n               \"identification\": \"{{account_id}}\"\n            }\n         ],\n         \"permission\": \"ReadAccountsBasic\"\n      },\n      {\n         \"accounts\": [\n            {\n               \"schemeName\": \"UK.OBIE.SortCodeAccountNumber\",\n               \"identification\": \"{{account_id}}\"\n            }\n         ],\n         \"permission\": \"ReadAccountsDetail\"\n      },\n      {\n         \"accounts\": [\n            {\n               \"schemeName\": \"UK.OBIE.SortCodeAccountNumber\",\n               \"identification\": \"{{account_id}}\"\n            }\n         ],\n         \"permission\": \"ReadPAN\"\n      },\n      {\n         \"accounts\": [\n            {\n               \"schemeName\": \"UK.OBIE.SortCodeAccountNumber\",\n               \"identification\": \"{{account_id}}\"\n            }\n         ],\n         \"permission\": \"ReadBalances\"\n      },\n      {\n         \"accounts\": [\n            {\n               \"schemeName\": \"UK.OBIE.SortCodeAccountNumber\",\n               \"identification\": \"{{account_id}}\"\n            }\n         ],\n         \"permission\": \"ReadBeneficiariesBasic\"\n      },\n      {\n         \"accounts\": [\n            {\n               \"schemeName\": \"UK.OBIE.SortCodeAccountNumber\",\n               \"identification\": \"{{account_id}}\"\n            }\n         ],\n         \"permission\": \"ReadBeneficiariesDetail\"\n      },\n      {\n         \"accounts\": [\n            {\n               \"schemeName\": \"UK.OBIE.SortCodeAccountNumber\",\n               \"identification\": \"{{account_id}}\"\n            }\n         ],\n         \"permission\": \"ReadDirectDebits\"\n      },\n      {\n         \"accounts\": [\n            {\n               \"schemeName\": \"UK.OBIE.SortCodeAccountNumber\",\n               \"identification\": \"{{account_id}}\"\n            }\n         ],\n         \"permission\": \"ReadParty\"\n      },\n      {\n         \"accounts\": [\n            {\n               \"schemeName\": \"UK.OBIE.SortCodeAccountNumber\",\n               \"identification\": \"{{account_id}}\"\n            }\n         ],\n         \"permission\": \"ReadProducts\"\n      },\n      {\n         \"accounts\": [\n            {\n               \"schemeName\": \"UK.OBIE.SortCodeAccountNumber\",\n               \"identification\": \"{{account_id}}\"\n            }\n         ],\n         \"permission\": \"ReadScheduledPaymentsBasic\"\n      },\n      {\n         \"accounts\": [\n            {\n               \"schemeName\": \"UK.OBIE.SortCodeAccountNumber\",\n               \"identification\": \"{{account_id}}\"\n            }\n         ],\n         \"permission\": \"ReadScheduledPaymentsDetail\"\n      },\n      {\n         \"accounts\": [\n            {\n               \"schemeName\": \"UK.OBIE.SortCodeAccountNumber\",\n               \"identification\": \"{{account_id}}\"\n            }\n         ],\n         \"permission\": \"ReadStandingOrdersBasic\"\n      },\n      {\n         \"accounts\": [\n            {\n               \"schemeName\": \"UK.OBIE.SortCodeAccountNumber\",\n               \"identification\": \"{{account_id}}\"\n            }\n         ],\n         \"permission\": \"ReadStandingOrdersDetail\"\n      },\n      {\n         \"accounts\": [\n            {\n               \"schemeName\": \"UK.OBIE.SortCodeAccountNumber\",\n               \"identification\": \"{{account_id}}\"\n            }\n         ],\n         \"permission\": \"ReadTransactionsBasic\"\n      },\n      {\n         \"accounts\": [\n            {\n               \"schemeName\": \"UK.OBIE.SortCodeAccountNumber\",\n               \"identification\": \"{{account_id}}\"\n            }\n         ],\n         \"permission\": \"ReadTransactionsDetail\"\n      },\n      {\n         \"accounts\": [\n            {\n               \"schemeName\": \"UK.OBIE.SortCodeAccountNumber\",\n               \"identification\": \"{{account_id}}\"\n            }\n         ],\n         \"permission\": \"ReadTransactionsCredits\"\n      },\n      {\n         \"accounts\": [\n            {\n               \"schemeName\": \"UK.OBIE.SortCodeAccountNumber\",\n               \"identification\": \"{{account_id}}\"\n            }\n         ],\n         \"permission\": \"ReadTransactionsDebits\"\n      }\n   ]\n}"},"url":{"raw":"{{obie_internal_url}}/customer-auth/consent","host":["{{obie_internal_url}}"],"path":["customer-auth","consent"]},"description":"The end user browser => ASPSP (HSBC)"},"response":[]},{"name":"08 - Put-consent - For UI Skip this step - ReadOffers","event":[{"listen":"test","script":{"exec":["tests[\"Status code is 200\"] = responseCode.code === 200;"],"type":"text/javascript","id":"ed872842-64b2-4834-8c0b-6af0391e833b"}}],"id":"3a6b9ad2-ccb9-4df7-9fc5-b680ef4ce804","protocolProfileBehavior":{"disableBodyPruning":true},"request":{"method":"PUT","header":[{"key":"Authorization","value":"Bearer {{redirectJwt}}"},{"key":"Accept","value":"application/json","type":"text"},{"key":"Content-Type","value":"application/json; charset=UTF-8","type":"text"}],"body":{"mode":"raw","raw":"{\n   \"permissions\": [\n      {\n         \"accounts\": [\n            {\n               \"schemeName\": \"UK.OBIE.PAN\",\n               \"identification\": \"{{account_id}}\"\n            }\n         ],\n         \"permission\": \"ReadAccountsBasic\"\n      }\n   ]\n}"},"url":{"raw":"{{obie_internal_url}}/customer-auth/consent","host":["{{obie_internal_url}}"],"path":["customer-auth","consent"]},"description":"The end user browser => ASPSP (HSBC)"},"response":[]},{"name":"08 - Put-consent - For UI Skip this step - ReadBalances","event":[{"listen":"test","script":{"exec":["tests[\"Status code is 200\"] = responseCode.code === 200;"],"type":"text/javascript","id":"857cefb7-69cf-4585-9367-100d7de401df"}}],"id":"4cad1a22-570c-4b03-815b-06eded4b6037","protocolProfileBehavior":{"disableBodyPruning":true},"request":{"method":"PUT","header":[{"key":"Authorization","value":"Bearer {{redirectJwt}}"},{"key":"Accept","value":"application/json","type":"text"},{"key":"Content-Type","value":"application/json; charset=UTF-8","type":"text"}],"body":{"mode":"raw","raw":"{\n   \"permissions\": [\n      {\n         \"accounts\": [\n            {\n               \"schemeName\": \"UK.OBIE.SortCodeAccountNumber\",\n               \"identification\": \"{{account_id}}\"\n            }\n         ],\n         \"permission\": \"ReadOffers\"\n      }\n   ]\n}"},"url":{"raw":"{{obie_internal_url}}/customer-auth/consent","host":["{{obie_internal_url}}"],"path":["customer-auth","consent"]},"description":"The end user browser => ASPSP (HSBC)"},"response":[]},{"name":"09 - Consent-confirmation - For UI Skip this step","event":[{"listen":"test","script":{"exec":["tests[\"Status code is 200\"] = responseCode.code === 200;","","var jsonData = JSON.parse(responseBody);","tests[\"Contain access_token\"] = (typeof jsonData.auth_code !== \"undefined\");","postman.setGlobalVariable(\"auth_code\", jsonData.auth_code);"],"type":"text/javascript","id":"7a4ef7ec-a53f-4ed3-8491-ab7232e38068"}}],"id":"6f8753f9-7a1c-470a-92e7-8128879d09e3","protocolProfileBehavior":{"disableBodyPruning":true},"request":{"method":"POST","header":[{"key":"Content-Type","name":"Content-Type","value":"application/json","type":"text"},{"key":"Authorization","value":"Bearer {{redirectJwt}}"},{"key":"X-Request-ID","value":"X_REQUEST_ID","type":"text","disabled":true},{"key":"Accept","value":"*/*","type":"text","disabled":true},{"key":"Signature","value":"SIGNATURE","type":"text","disabled":true}],"body":{"mode":"raw","raw":"{\"authorisationStatus\":true}"},"url":{"raw":"{{obie_internal_url}}/customer-auth/confirmation","host":["{{obie_internal_url}}"],"path":["customer-auth","confirmation"]},"description":"The end user browser => ASPSP (HSBC)"},"response":[]},{"name":"10 - Token","event":[{"listen":"test","script":{"exec":["tests[\"Status code is 200\"] = responseCode.code === 200;","","var jsonData = JSON.parse(responseBody);","tests[\"Contain access_token\"] = (typeof jsonData.access_token !== \"undefined\");","tests[\"Contain refresh_token\"] = (typeof jsonData.refresh_token !== \"undefined\");","","","console.log(\"Set access_token = \" + jsonData.access_token);","postman.setGlobalVariable(\"access_token\", jsonData.access_token);","","console.log(\"Set refresh_token = \" + jsonData.refresh_token);","postman.setGlobalVariable(\"refresh_token\", jsonData.refresh_token);"],"type":"text/javascript","id":"aa790541-37d0-4e5a-98a7-10fc3eb384a0"}},{"listen":"prerequest","script":{"exec":["var navigator = {};","var window = {};","eval(pm.environment.get(\"module:jsrsasign\"));","var sPKCS8PEM = `-----BEGIN PRIVATE KEY-----","MIIEvQIBADANBgkqhkiG9w0BAQEFAASCBKcwggSjAgEAAoIBAQChzaODZAvmrxEa","g+vMSEUoDB3A5X3koN56HbGqpQVH6Mu6BG1NarIh64mEBKI0GvM2nQxogXfZ57Gp","cwGgb5SChwVd/j6zP8aW2exZglDZwsLjctBbbraAEA2LgXh7pat5VdprNBLA9juC","bQRnRD83vhBhI+sIu373OStqIQ7EtCiqosGytkDOyb5LWz/gsTuRzbkCf0Hn2HLX","iDcuDTuQm9TSqx18X1oK3/pTKY2r7uQe2pbrdujn5O31NTTsfIvIQFQn592v7EeY","y6lFiURIx2abhhHo61BnnJIQokgGWNmtL4tgNuO29N6bdYdwtDjKQbpoL4aK9Y5T","aod09C7PAgMBAAECggEASzv8ANcfNYdHk6WtmZItHd7sYsoSzKEEcZGnD+qlVvdm","6zqtvCaVZ3JGwe0JouK5HjbOEzXIDblPAbRpGDlpu3uewkK60swfwfrYjBItF+QY","jHvRaAJFt6w/MBPmes/guI1z/w76fWDA8PdR6dZw8rFcml6CJdBQzBF4H2P5ovpF","zDGuBfsIupgRh32xZLsgn1Y0R4/TlHMK9sDk2hwzFVlfeG+riuW7ljbbZTJZd5Kj","fVFC3Ql1TXAbNe7RQOhPlYhtn+Ni3GrSZJt+GZCyymC+Kfr9rihl6ySlMJxON+O9","u60xqB0A28JQWwi28bbFXkPulQ/ExuaK9KiYCcLHIQKBgQD0gAmFcW6PKL1njuKV","2D7wkW9oiaHj4MRWkupn1wsPJOYy7FtHHiE0HCiMaIAihJk4RsMRuFNLKYHiBSDO","Y0LuAG6QR3H5SarkYH14g70qOjQlmsk8DZ+TUNiYGbDcH8b4VkNBVT2kjYQTH4ot","DY/f/G3CAu0XT5qSY6MuJo+BvwKBgQCpad63m6OxxPTsrca+MQj+TlAv8iW26Blq","kwgM/nAFlDCDe08FzZo+MdX4R1ep/i2IBeu3c4md53jgBIb2Nc7YbathVPJv9Nzu","c9fqvDZesytOJw+ncuw0BABq/w3cIoCG9Zl0KYwaTQIrzj0theHLX/nAFaIN/pSs","lrDwFzN28QKBgQDEsdh3DQknjFvLWuy4Ja6EtEuPKuIdRC5Pg4OmJB7WgRXcM78+","2GNX26tXQZ6LpmbpGixGLiZ8GhlOLlf1EW+/roND+OYc6YHcli96a2kb9pULB5oK","gN82kVyeCFT60WmtUSBsB9o+bkapZ78ufXGYfSgDY30/OqAcUqHtN8JNWwKBgHOt","K3r5VeuTTZ2yBotlFfv24z/puqDKmFgx7wRYU4srpXiRoOKYgeJHyw9NP2l+ef5v","9IR96pCcNefYj4LcONGFCMlb5HJXoudayCqquwEsm7wwZbrzeJ8HwHVOlFskX9hH","KLGtkNGAlaPtnc5QpV1lujXTT6T4mPHDrysw3F4xAoGAENJUj6zejLsddubXbq5Y","3Sg8mVaq6RPaOEI40SCQz1weMWWJYqLy0swssGnIzOB/tSLbq0vZ4CVVlJKqGnqo","hLlQb+Tt3ZQrWOXwwmbdq5QztroxJDV5sHn3Yuse1R4Uzean3n2HIb8YeqyBw8NA","siL7t3nAQPxtaltTB1HoDJ4=","-----END PRIVATE KEY-----`;","var prvKey = KEYUTIL.getKey(sPKCS8PEM);","var iss = postman.getGlobalVariable(\"client_id\")","var sub = postman.getGlobalVariable(\"client_id\")","var joseHeader = '{\"alg\":\"PS256\",\"kid\":\"90210\"}'","var exp = Math.round(new Date().getTime()/1000) + 1200","var iat = Math.round(new Date().getTime()/1000)","console.log(\"time = \" + exp);","var payload = '{\"iss\": \"'+ iss +'\",\"aud\": \"' + pm.environment.get(\"aud_tok\") +'\",\"sub\":\"'+ sub +'\",\"exp\":'+ exp +'}';","var requestJwt = KJUR.jws.JWS.sign(\"PS256\", joseHeader, payload, prvKey);","postman.setGlobalVariable(\"client_Assertion\", requestJwt);"],"type":"text/javascript","id":"b617a7b7-adee-4cb1-bfa0-3b480ce6b984"}}],"id":"2d212d98-0586-4907-a121-5938974da358","protocolProfileBehavior":{"disableBodyPruning":true},"request":{"method":"POST","header":[{"key":"Content-Type","value":"application/x-www-form-urlencoded"}],"body":{"mode":"urlencoded","urlencoded":[{"key":"grant_type","value":"authorization_code","type":"text"},{"key":"code","value":"{{auth_code}}","type":"text"},{"key":"redirect_uri","value":"https://www.google.com/","type":"text"},{"key":"client_assertion_type","value":"urn:ietf:params:oauth:client-assertion-type:jwt-bearer","type":"text"},{"key":"client_assertion","value":"{{client_Assertion}}","type":"text"},{"key":"client_id","value":"2aafc2e4-b113-4fe9-aa56-dec270c6fdb4","type":"text","disabled":true}]},"url":{"raw":"{{obie_url_token}}","host":["{{obie_url_token}}"]},"description":"AISP/PISP => ASPSP (HSBC)"},"response":[]},{"name":"11 - Refresh Token (Optional)","event":[{"listen":"test","script":{"exec":["tests[\"Status code is 200\"] = responseCode.code === 200;","","var jsonData = JSON.parse(responseBody);","tests[\"Contain access_token\"] = (typeof jsonData.access_token !== \"undefined\");","","console.log(\"Set access_token = \" + jsonData.access_token);","postman.setGlobalVariable(\"access_token\", jsonData.access_token);","","console.log(\"Set refresh_token = \" + jsonData.refresh_token);","postman.setGlobalVariable(\"refresh_token\", jsonData.refresh_token);"],"type":"text/javascript","id":"179ca3af-21b7-47a4-ab93-82d3076d0607"}},{"listen":"prerequest","script":{"exec":["var navigator = {};","var window = {};","eval(pm.environment.get(\"module:jsrsasign\"));","var sPKCS8PEM = `-----BEGIN PRIVATE KEY-----","MIIEvQIBADANBgkqhkiG9w0BAQEFAASCBKcwggSjAgEAAoIBAQDWURasZ7txsM9u","qjaJ7Rlb/Nq1Y7UpHi0IhJzkyvhdNyaByHkSZsHxyNRqcHomcNU10JoJAKrPg4He","mcxf4/Uy/tUv1K/YC3QFmdXCVF0O8D5/MBbVMPfkT48xVB29PiLtpLZ7Ef+JD3+d","6FM+70UeseM2WWECT0N1pr4mH1DqBEKjBsxO3DtVpfZYZ6sn9hiGhK18IxMQgQh4","iO2qvc0JhrTpHmuwoUVbEMjtDQ/l4L239VixNJ1i7jKVYAbch7h3yiOV8vAX12hs","yPuvXIwPuw2+eWmJlHFDWKTvWbvRNHLyzBPURtnCrIHEE6/eO4uAaK2MkxPKb0/G","ewUFMGBPAgMBAAECggEBAKtPkhIpsNmF/al2AbZqgdTX33MSymKdrl2as1bnL3RD","e1JOjwi4ftroL3MNiXZkxukHX7lGgULy2cK3qXgU3ZDvxjU/i3fkX8+CUi3OBbzF","KQ+9vuKXC+/B8LH7jPISUxUmjn79ugczDk2IwdISrGuGwhpVg4e3GDNZH7GVYrZL","TvaWwZO1ZmCWhXX/5bkEHT3cmabnSoJYoYXiti/YoJ9cpXsSKpDGekvWpOlmUbyk","0yxEh+hJNwpRWlwukj5vjPl16WHzXCyZorU4hrhPM9O4vZXC72bL+bnu9E3J/9zL","hU1ZhBVqkA/P1UfjiNX8O6b3CyYBDUL8lMD0A5I1QvECgYEA7ucILoW/XNtojKzf","sswdLFz7ElwcALA2KbMY8HIR9Vsdt96bn3H7Q19Wj2nMgwgiLA+k336hG/xbMsdh","SuTqaC6q20WzuyYwBSRoIKEzFNdahokhe1r1BRO7djO9+0PgwxamuBE6+2mlaEJy","Ss6KzyYiUN2Tiz8j4xjAXK4qHIsCgYEA5aeeNW45J0f4SKl7WBE1Bxax3aWMzA6M","3LndRvhi49l3Zn/nRbJaYlb4HgJzGAIed+2SUT00UtnuHX/IOYsZZHQSpp6gqKdi","msXni8cMs4nT1yxtarf76FwtpSBr8P71NH5Gt/ElMcr/jJAF4ifu90+ZQt3LD/8N","0CCYM/vuL80CgYAIPBhxGhUdi0aQSskvLY/33oCdAmXItEo5p729VAFAdtKQavDs","Tw59JQUjzl7JSXd8E1H4jjHZeBpgprS40yktTCaBhmaKledj1fxs24GaP04UgxeP","W/REJ4j3qxLqXU2bC+XVRGrHDb4w2NF9uJ7aQxM9vFWAoD2Jb2n6B9rVvwKBgHRs","bUAZCNBpI+1yPh1/W6qkTrdW3fH0zmR3tT3tXfS0oltMLCqhKEECZfaQt1hMerXB","spOMu6Hk6Vn7Fb5WTiEm1u2xLTFS6iIcgi3SUxYRoVtMIowfiY1abalwrkgWeKiL","+730ei6sArF3sgPcysCFkeTcG72YR6BjZcW0yiNhAoGAc90exhjNfvYPZoAhYCBK","fGVbgPiZ1LUMvU0JyRoqPGIh3Mr1Q6dpvoqzQjk3Wn/cexZtgBo3JqPYSraukN2J","F3lJpzHhE7AHIonkHhJTRUbCWdYhObh+t8Vp6lV0RZKs7ARqWDc7djW5B/CWFk7p","jkW8GhgCHApKwC2+nqh5BPE=","-----END PRIVATE KEY-----`;","var prvKey = KEYUTIL.getKey(sPKCS8PEM);","var iss = postman.getGlobalVariable(\"client_id\")","var sub = postman.getGlobalVariable(\"client_id\")","var joseHeader = '{\"alg\":\"PS256\",\"kid\":\"xM10_DtbwIL3OK48qIfwb-2vGiI\"}'","var exp = Math.round(new Date().getTime()/1000) + 1200","var iat = Math.round(new Date().getTime()/1000)","console.log(\"time = \" + exp);","var payload = '{\"iss\": \"'+ iss +'\",\"aud\": \"' + pm.environment.get(\"aud_tok\") +'\",\"sub\":\"'+ sub +'\",\"exp\":'+ exp +'}';","var requestJwt = KJUR.jws.JWS.sign(\"PS256\", joseHeader, payload, prvKey);","postman.setGlobalVariable(\"client_Assertion\", requestJwt);"],"type":"text/javascript","id":"68ed0cf7-71ef-4cb1-98b9-66bd03d4b77a"}}],"id":"352cb1a9-2907-486d-8a14-a72695d65b73","protocolProfileBehavior":{"disableBodyPruning":true},"request":{"method":"POST","header":[{"key":"Content-Type","value":"application/x-www-form-urlencoded"},{"key":"x-fapi-financial-id","value":"test"}],"body":{"mode":"urlencoded","urlencoded":[{"key":"grant_type","value":"refresh_token","type":"text"},{"key":"refresh_token","value":"qNnZs4ozZb5yZCpeWq7HkuGGqNU","type":"text"},{"key":"client_assertion_type","value":"urn:ietf:params:oauth:client-assertion-type:jwt-bearer","type":"text"},{"key":"client_assertion","value":"{{client_Assertion}}","type":"text"},{"key":"scope","value":"openid accounts","type":"text"},{"key":"client_id","value":"2aafc2e4-b113-4fe9-aa56-dec270c6fdb4","type":"text","disabled":true}]},"url":{"raw":"{{obie_url_token}}","host":["{{obie_url_token}}"]},"description":"AISP/PISP => ASPSP (HSBC)"},"response":[]},{"name":"12 - Get Account Access Consent Status","event":[{"listen":"test","script":{"exec":[""],"type":"text/javascript","id":"a68894bb-ce79-468c-8524-375703f2864e"}}],"id":"eba1889b-0583-4430-ba43-104a564652a2","protocolProfileBehavior":{"disableBodyPruning":true},"request":{"method":"GET","header":[{"key":"Content-Type","value":"application/json"},{"key":"Accept","value":"application/json"},{"key":"Authorization","value":"Bearer {{access_token_ccg}}"},{"key":"x-fapi-financial-id","value":"test"}],"body":{"mode":"raw","raw":""},"url":{"raw":"{{obie_url_aisp}}/account-access-consents/{{consent_id}}","host":["{{obie_url_aisp}}"],"path":["account-access-consents","{{consent_id}}"]},"description":"AISP/PISP => ASPSP (HSBC)"},"response":[]},{"name":"13 - Get Account List","event":[{"listen":"test","script":{"exec":["var jsonData = JSON.parse(responseBody);","tests[\"Contain AccountId\"] = (typeof jsonData.Data.Account[0].AccountId !== \"undefined\");","","console.log(\"Set account_identification = \" + jsonData.Data.Account[0].AccountId);","postman.setGlobalVariable(\"account_identification\", jsonData.Data.Account[0].AccountId);"],"type":"text/javascript","id":"a270599f-2eb3-4745-885d-20a66abed96e"}}],"id":"a787d394-98d3-4dbf-a9fb-ac69a8980aab","protocolProfileBehavior":{"disableBodyPruning":true},"request":{"method":"GET","header":[{"key":"Content-Type","value":"application/json"},{"key":"Accept","value":"application/json"},{"key":"Authorization","value":"Bearer {{access_token}}"},{"key":"x-fapi-financial-id","value":"test"}],"body":{"mode":"raw","raw":""},"url":{"raw":"{{obie_url_aisp}}/accounts","host":["{{obie_url_aisp}}"],"path":["accounts"]},"description":"AISP/PISP => ASPSP (HSBC)"},"response":[]},{"name":"Get Offers","event":[{"listen":"test","script":{"id":"89ca37ff-4c18-4bab-8e5e-ac8a724d9bb4","exec":["var jsonData = JSON.parse(responseBody);","tests[\"Contain AccountId\"] = (typeof jsonData.Data.Offer[0].AccountId !== \"undefined\");","","// console.log(\"Set account_identification = \" + jsonData.Data.Account[0].AccountId);","// postman.setGlobalVariable(\"account_identification\", jsonData.Data.Account[0].AccountId);"],"type":"text/javascript"}}],"id":"cc8ec800-5df7-4eed-a6b0-691564e4f132","protocolProfileBehavior":{"disableBodyPruning":true},"request":{"method":"GET","header":[{"key":"Content-Type","value":"application/json"},{"key":"Accept","value":"application/json"},{"key":"Authorization","value":"Bearer {{access_token}}"},{"key":"x-fapi-financial-id","value":"test"}],"body":{"mode":"raw","raw":""},"url":{"raw":"{{obie_url_aisp}}/accounts/{{account_identification}}/offers","host":["{{obie_url_aisp}}"],"path":["accounts","{{account_identification}}","offers"]},"description":"AISP/PISP => ASPSP (HSBC)"},"response":[]},{"name":"13 - Get Account by accountID","event":[{"listen":"test","script":{"exec":[""],"type":"text/javascript","id":"8b6b6853-a932-44e6-9a1b-f517cdca606e"}}],"id":"9449bfda-7fd4-4545-b73f-ca389f976bc9","protocolProfileBehavior":{"disableBodyPruning":true},"request":{"method":"GET","header":[{"key":"Content-Type","value":"application/json"},{"key":"Accept","value":"application/json"},{"key":"Authorization","value":"Bearer {{access_token}}"},{"key":"x-fapi-financial-id","value":"test"}],"body":{"mode":"raw","raw":""},"url":{"raw":"{{obie_url_aisp}}/accounts/{{account_identification}}","host":["{{obie_url_aisp}}"],"path":["accounts","{{account_identification}}"]},"description":"AISP/PISP => ASPSP (HSBC)"},"response":[]},{"name":"13 - Get Balances","event":[{"listen":"test","script":{"exec":[""],"type":"text/javascript","id":"7248e4c3-be3f-434a-b9cc-0033afcc88c7"}}],"id":"6304cca6-641c-4fa7-ab0b-016337828df0","protocolProfileBehavior":{"disableBodyPruning":true},"request":{"method":"GET","header":[{"key":"Content-Type","value":"application/json"},{"key":"Accept","value":"application/json"},{"key":"Authorization","value":"Bearer {{access_token}}"},{"key":"x-fapi-financial-id","value":"test"}],"body":{"mode":"raw","raw":""},"url":{"raw":"{{obie_url_aisp}}/accounts/{{account_identification}}/offers","host":["{{obie_url_aisp}}"],"path":["accounts","{{account_identification}}","offers"]},"description":"AISP/PISP => ASPSP (HSBC)"},"response":[]},{"name":"13 - Get Beneficiaries","event":[{"listen":"test","script":{"exec":[""],"type":"text/javascript","id":"5c74d737-3885-4b05-8d9b-f09a40348ce9"}}],"id":"12d89bc2-779a-4254-a3b9-dac6d0684d26","protocolProfileBehavior":{"disableBodyPruning":true},"request":{"method":"GET","header":[{"key":"Content-Type","value":"application/json"},{"key":"Accept","value":"application/json"},{"key":"Authorization","value":"Bearer {{access_token}}"},{"key":"x-fapi-financial-id","value":"test"}],"body":{"mode":"raw","raw":""},"url":{"raw":"{{obie_url_aisp}}/accounts/{{account_identification}}/beneficiaries","host":["{{obie_url_aisp}}"],"path":["accounts","{{account_identification}}","beneficiaries"]},"description":"AISP/PISP => ASPSP (HSBC)"},"response":[]},{"name":"13 - Get Direct Debits List","event":[{"listen":"test","script":{"exec":[""],"type":"text/javascript","id":"ce775338-3455-427e-870c-f452255212b3"}}],"id":"95da2b27-b7ff-4245-9d7d-1382974e36e8","protocolProfileBehavior":{"disableBodyPruning":true},"request":{"method":"GET","header":[{"key":"Content-Type","value":"application/json"},{"key":"Accept","value":"application/json"},{"key":"Authorization","value":"Bearer {{access_token}}"},{"key":"x-fapi-financial-id","value":"test"}],"body":{"mode":"raw","raw":""},"url":{"raw":"{{obie_url_aisp}}/accounts/{{account_identification}}/direct-debits","host":["{{obie_url_aisp}}"],"path":["accounts","{{account_identification}}","direct-debits"]},"description":"AISP/PISP => ASPSP (HSBC)"},"response":[]},{"name":"13 - Get Standing Order","event":[{"listen":"test","script":{"exec":[""],"type":"text/javascript","id":"902d50a4-ead6-4191-9cb4-6bb858dfd67f"}}],"id":"372b91dc-58d1-4ce5-9879-5f4067189e20","protocolProfileBehavior":{"disableBodyPruning":true},"request":{"method":"GET","header":[{"key":"Content-Type","value":"application/json"},{"key":"Accept","value":"application/json"},{"key":"Authorization","value":"Bearer {{access_token}}"},{"key":"x-fapi-financial-id","value":"test"}],"body":{"mode":"raw","raw":""},"url":{"raw":"{{obie_url_aisp}}/accounts/{{account_identification}}/standing-orders","host":["{{obie_url_aisp}}"],"path":["accounts","{{account_identification}}","standing-orders"]},"description":"AISP/PISP => ASPSP (HSBC)"},"response":[]},{"name":"13 - Get Products","event":[{"listen":"test","script":{"exec":[""],"type":"text/javascript","id":"c8a4b959-1c63-4405-a992-06504055f256"}}],"id":"f9cc035e-beca-4e62-85c7-8201c38376e8","protocolProfileBehavior":{"disableBodyPruning":true},"request":{"method":"GET","header":[{"key":"Content-Type","value":"application/json"},{"key":"Accept","value":"application/json"},{"key":"Authorization","value":"Bearer {{access_token}}"},{"key":"x-fapi-financial-id","value":"test"}],"body":{"mode":"raw","raw":""},"url":{"raw":"{{obie_url_aisp}}/accounts/{{account_identification}}/product","host":["{{obie_url_aisp}}"],"path":["accounts","{{account_identification}}","product"]},"description":"AISP/PISP => ASPSP (HSBC)"},"response":[]},{"name":"13 - Get Scheduled Payments","event":[{"listen":"test","script":{"exec":[""],"type":"text/javascript","id":"14b7fc23-d1f2-4c10-ab4f-de08994642bd"}}],"id":"a682dd0a-488e-47e5-bbe0-f55fbb734f8a","protocolProfileBehavior":{"disableBodyPruning":true},"request":{"method":"GET","header":[{"key":"Content-Type","value":"application/json"},{"key":"Accept","value":"application/json"},{"key":"Authorization","value":"Bearer {{access_token}}"},{"key":"x-fapi-financial-id","value":"test"}],"body":{"mode":"raw","raw":""},"url":{"raw":"{{obie_url_aisp}}/accounts/{{account_identification}}/scheduled-payments","host":["{{obie_url_aisp}}"],"path":["accounts","{{account_identification}}","scheduled-payments"]},"description":"AISP/PISP => ASPSP (HSBC)"},"response":[]},{"name":"13 - Get Transaction List","event":[{"listen":"test","script":{"exec":[""],"type":"text/javascript","id":"abcbc78d-30a4-4d96-836d-36198cc7c01c"}}],"id":"1b59ba55-8599-4a22-8044-ea90b3e8075a","protocolProfileBehavior":{"disableBodyPruning":true},"request":{"method":"GET","header":[{"key":"Content-Type","value":"application/json"},{"key":"Accept","value":"application/json"},{"key":"Authorization","value":"Bearer {{access_token}}"},{"key":"x-fapi-financial-id","value":"test"}],"body":{"mode":"raw","raw":""},"url":{"raw":"{{obie_url_aisp}}/accounts/{{account_identification}}/transactions","host":["{{obie_url_aisp}}"],"path":["accounts","{{account_identification}}","transactions"]},"description":"AISP/PISP => ASPSP (HSBC)"},"response":[]}],"event":[{"listen":"prerequest","script":{"type":"text/javascript","exec":[""],"id":"2a2adf16-b2d2-4c4f-afe3-ce8a651d432d"}},{"listen":"test","script":{"type":"text/javascript","exec":[""],"id":"35e100ac-eb76-49ad-90fa-b35e0ead6616"}}]}