{"info":{"_postman_id":"8d01c0bc-c004-47bf-8999-902e629fe95a","name":"OB Directory Tactical MI","schema":"https://schema.getpostman.com/json/collection/v2.1.0/collection.json"},"item":[{"name":"Token private key JWT Pay.UK SS","event":[{"listen":"prerequest","script":{"exec":["var navigator = {};","var window = {};","eval(pm.environment.get(\"module:jsrsasign\"));","var sPKCS8PEM = pm.environment.get(\"signing_key\");","var prvKey = KEYUTIL.getKey(sPKCS8PEM);","var iss = pm.environment.get(\"software_statement_id\");","var sub = pm.environment.get(\"software_statement_id\");","var scope = 'TPPReadAll TPPReadAccess TPPManage NCAReadAccess';","var signingKid = pm.environment.get(\"signing_kid\");","var joseHeader = '{\"typ\":\"JWT\",\"kid\":\"' + signingKid + '\"}';","console.log(\"joseHeader: \" + joseHeader);","var exp = Math.round(new Date().getTime()/1000) + 1200;","var iat = Math.round(new Date().getTime()/1000);","var jti = uuidv4();","var payload = '{\"iss\": \"'+ iss +'\",\"scope\": \"' + scope +'\",\"aud\": \"' + pm.environment.get(\"token_aud\") +'\",\"sub\":\"'+ sub + '\",\"exp\": '+exp+',\"iat\": '+iat+ ',\"jti\": \"'+jti+ '\"}';","console.log(\"payload: \" + payload);","var requestJwt = KJUR.jws.JWS.sign(\"RS256\", joseHeader, payload, prvKey);","console.log(\"requestJwt: \" + requestJwt);","pm.environment.set(\"client_Assertion\", requestJwt);","","function uuidv4() {","  return 'xxxxxxxx-xxxx-4xxx-yxxx-xxxxxxxxxxxx'.replace(/[xy]/g, function(c) {","    var r = Math.random() * 16 | 0, v = c == 'x' ? r : (r & 0x3 | 0x8);","    return v.toString(16);","  });","}",""],"type":"text/javascript","id":"0e2bb3f8-b2d2-4137-b5f4-e706c37805b6"}},{"listen":"test","script":{"exec":["tests[\"Status code is 200\"] = responseCode.code === 200;","","if (responseCode.code === 200) {","    var jsonData = JSON.parse(responseBody);","    tests[\"Contain access_token\"] = (typeof jsonData.access_token !== \"undefined\");","    ","    console.log(\"Set access_token_ccg = \" + jsonData.access_token);","    pm.environment.set(\"access_token_ccg\", jsonData.access_token);","}"],"type":"text/javascript","id":"77a4706b-33b2-42f9-ae6c-c036804b9980"}}],"id":"34cf1d8a-cde6-4853-b945-bb232a74ef4f","protocolProfileBehavior":{"disableBodyPruning":true},"request":{"method":"POST","header":[{"key":"Content-Type","name":"Content-Type","type":"text","value":"application/x-www-form-urlencoded"}],"body":{"mode":"urlencoded","urlencoded":[{"key":"grant_type","value":"client_credentials","type":"text"},{"key":"client_assertion_type","value":"urn:ietf:params:oauth:client-assertion-type:jwt-bearer","type":"text"},{"key":"client_id","value":"{{software_statement_id}}","type":"text"},{"key":"client_assertion","value":"{{client_Assertion}}","type":"text"}]},"url":{"raw":"{{sso_api}}/as/token.oauth2","host":["{{sso_api}}"],"path":["as","token.oauth2"]},"description":"List of all token scopes known at the time of implementing Reghub: ASPSPReadAccess TPPReadAccess TPPManage AuthoritiesReadAccess QTSPReadAccess\nhttps://openbanking.atlassian.net/wiki/spaces/DZ/pages/1150124033/Directory+2.0+Technical+Overview+v1.5#Directory2.0TechnicalOverviewv1.5-GetPSPIdentityRecord\n\nList of all token scopes known at the time of implementing CoP v2:\nClient Scopes — one of the following, matching the type of your organisation:\nfor a TPP, use ASPSPReadAccess TPPReadAccess AuthoritiesReadAccess\nfor an ASPSP, use ASPSPReadAccess TPPReadAll AuthoritiesReadAccess\n\nLatest list of scopes can be found here: https://openbanking.atlassian.net/wiki/spaces/WOR/pages/288358792/The+Open+Banking+Directory+-+v1.3#TheOpenBankingDirectory-v1.3-GetPSPIdentityRecord\n\nIn order to access NCA API, consumer must fetch token with NCAReadAccess scope"},"response":[]},{"name":"Get Participants","event":[{"listen":"test","script":{"id":"f45fb108-7005-4ab4-bce2-ec8e58f0a66e","exec":["// This is necessary, since map.has() checks by reference, not value","function setContainsTuple(tupleSet, tuple) {","    for (var element of tupleSet) {","        if (element[0] == tuple[0] && element[1] == tuple[1]) {","            return true;","        }","    }","    return false;","}","","tests[\"Status code is 200\"] = responseCode.code === 200;","if(responseCode.code != 200) return;","","// Retrieve current OBD","const jsonData = JSON.parse(responseBody);","","const current = new Set();","for (const resource of jsonData.Resources) {","    const registrationId = resource[\"urn:trustframework:competentauthorityclaims:1.1\"][\"AuthorisationAuthorities\"][0][\"RegistrationId\"];","    for (const authServer of resource.AuthorisationServers) {","        for (const eiscdId of authServer.EISCDId) {","            const tuple = [registrationId, eiscdId]","            if (!setContainsTuple(current, tuple)) {","                current.add([registrationId, eiscdId]);","            }","        }","    }","}","const stringified = JSON.stringify(new Array(...current));","console.log(\"Current:\", stringified);","pm.environment.set(\"current\", stringified);","","// If present, get previous state from environment variable","const previousVariable = pm.environment.get(\"previous\");","const previous = new Set(JSON.parse(previousVariable === undefined ? \"[]\" : previousVariable));","console.log(\"Previous:\", JSON.stringify(new Array(...previous)));","","// Compute additions and deletions","const added = new Set([...current]","    .filter(x => !setContainsTuple(previous, x))","    .map(x => x.add(\"NEW\")));","const removed = new Set([...previous]","    .filter(x => !setContainsTuple(current, x))","    .map(x => x.add(\"DELETED\")));","","const differenceReport = [...added, ...removed]","    .map(row => row.join(\",\"));","    ","console.log(\"Difference report:\", \"RegistrationID,RoutingBankCode/SortCode/SCAN,State\", ...differenceReport);"],"type":"text/javascript"}},{"listen":"prerequest","script":{"id":"cc3c7817-1ffd-41a7-bf1b-d1768cc20830","exec":[""],"type":"text/javascript"}}],"id":"696fcf64-3d8d-41cb-aba3-9faec0ccdec0","protocolProfileBehavior":{"disableBodyPruning":true},"request":{"auth":{"type":"bearer","bearer":[{"key":"token","value":"{{access_token_ccg}}","type":"string"}]},"method":"GET","header":[{"key":"Accept","type":"text","value":"application/json"}],"url":{"raw":"{{scim_api_url}}/scim/v2/participants?filter=(urn:trustframework:competentauthorityclaims:1.1:Authorisations[Role eq \"COPResponder\"]) and (AuthorisationServers:EISCDId pr) and (urn:trustframework:competentauthorityclaims:1.1:AuthorisationAuthorities:RegistrationId pr)&attributes=AuthorisationServers:EISCDId,urn:trustframework:competentauthorityclaims:1.1:AuthorisationAuthorities:RegistrationId","host":["{{scim_api_url}}"],"path":["scim","v2","participants"],"query":[{"key":"filter","value":"(urn:trustframework:competentauthorityclaims:1.1:Authorisations[Role eq \"COPResponder\"]) and (AuthorisationServers:EISCDId pr) and (urn:trustframework:competentauthorityclaims:1.1:AuthorisationAuthorities:RegistrationId pr)"},{"key":"attributes","value":"AuthorisationServers:EISCDId,urn:trustframework:competentauthorityclaims:1.1:AuthorisationAuthorities:RegistrationId"}]}},"response":[]}]}