{"info":{"_postman_id":"8d95d93c-fda6-45ce-af07-ccd0aaa04c5e","name":"COP2 API Actual Endpoints","schema":"https://schema.getpostman.com/json/collection/v2.1.0/collection.json"},"item":[{"name":"GET SRD Account List_SHP","event":[{"listen":"prerequest","script":{"id":"7f97cc68-7b2a-4711-9632-b73f889b5710","exec":["pm.sendRequest(\"https://testdataservices.apps.cf.wgdc-drn-03.cloud.uk.hsbc/dsp/entity/UK/IB1521002118/SAML3/40\", function (err, response) {\r","\r","function arrayBufferToString(buffer){\r","var arr = new Uint8Array(buffer);\r","var str = String.fromCharCode.apply(String, arr);\r","return str;\r","}\r","\r","var saml = arrayBufferToString(response.stream)\r","\r","pm.environment.set(\"saml\", saml);\r","});"],"type":"text/javascript"}}],"id":"f3a329d2-1cd0-45d5-8ae7-6c90f6a9bce3","protocolProfileBehavior":{"disableBodyPruning":true},"request":{"method":"GET","header":[{"key":"X-HSBC-Source-System-Id","value":"10723042","type":"text"},{"key":"X-HSBC-Global-Channel-Id","value":"WEB","type":"text"},{"key":"X-HSBC-Locale","value":"en_GB","type":"text"},{"key":"X-HSBC-Channel-Id","value":"WEB","type":"text"},{"key":"Content-Type","value":"application/json","type":"text"},{"key":"X-HSBC-Client-Id","value":"674e867083004e23964c734c23ac1070","type":"text"},{"key":"X-HSBC-Chnl-CountryCode","value":"GB","type":"text"},{"key":"X-HSBC-Chnl-Group-Member","value":"HRFB","type":"text"},{"key":"X-HSBC-Request-Correlation-Id","value":"GET_SRD_LIST_SATISH","type":"text"},{"key":"X-HSBC-Src-UserAgent","value":"Mozilla/5.0 (iPad; U; CPU OS 3_2_1 like Mac OS X; en-us) AppleWebKit/531.21.10 (KHTML, like Gecko) Mobile/7B405","type":"text"},{"key":"X-HSBC-Source-System-Id","value":"8125818_O63","type":"text"},{"key":"Accept-Language","value":"en_GB","type":"text"},{"key":"X-HSBC-E2E-Trust-Token","value":"{{SAML_HEADER}}","type":"text","disabled":true},{"key":"X-HSBC-Saml3","value":"{{saml}}","type":"text"},{"key":"X-Forwarded-For","value":"192.168.1.1","type":"text"},{"key":"Content-Type","value":"application/json","type":"text"},{"key":"X-HSBC-GBGF","value":"RBWM","type":"text"},{"key":"X-HSBC-Src-Device-Id","value":"123.123.123.1","type":"text"}],"body":{"mode":"raw","raw":""},"url":{"raw":"https://mmf-payee-verification--gb-3.hsbc-dsvc-papi-gb-hsbc01-cert.svc.default.shp.euw1.pre-prod.aws.cloud.hsbc/secondary-reference-accounts","protocol":"https","host":["mmf-payee-verification--gb-3","hsbc-dsvc-papi-gb-hsbc01-cert","svc","default","shp","euw1","pre-prod","aws","cloud","hsbc"],"path":["secondary-reference-accounts"]}},"response":[]},{"name":"SRD Account List Check_SHP","event":[{"listen":"prerequest","script":{"id":"1db1444a-e9b6-4251-ab5b-15a5c472c757","exec":["pm.sendRequest(\"https://testdataservices.apps.cf.wgdc-drn-03.cloud.uk.hsbc/dsp/entity/UK/IB1521002118/SAML3/40\", function (err, response) {\r","\r","function arrayBufferToString(buffer){\r","var arr = new Uint8Array(buffer);\r","var str = String.fromCharCode.apply(String, arr);\r","return str;\r","}\r","\r","var saml = arrayBufferToString(response.stream)\r","\r","pm.environment.set(\"saml\", saml);\r","});"],"type":"text/javascript"}}],"id":"46569d52-258f-494f-8495-22047aa31fc4","protocolProfileBehavior":{"disableBodyPruning":true},"request":{"method":"POST","header":[{"key":"X-HSBC-Global-Channel-Id","value":"WEB","type":"text"},{"key":"X-HSBC-Client-Id","value":"2cfff0370194466fb51db1efb8b0e3ba","type":"text"},{"key":"X-HSBC-GBGF","value":"RBWM","type":"text"},{"key":"X-HSBC-Chnl-CountryCode","value":"GB","type":"text"},{"key":"X-HSBC-Chnl-Group-Member","value":"HRFB","type":"text"},{"key":"Content-Type","value":"application/json","type":"text"},{"key":"Accept-Language","value":"en_GB/CIN:","type":"text"},{"key":"X-HSBC-Client-Id","value":"674e867083004e23964c734c23ac1070","type":"text"},{"key":"X-HSBC-Request-Correlation-Id","value":"SRD_CHECK_SATISH","type":"text"},{"key":"X-HSBC-Src-UserAgent","value":"Mozilla/5.0 (iPad; U; CPU OS 3_2_1 like Mac OS X; en-us) AppleWebKit/531.21.10 (KHTML, like Gecko) Mobile/7B405","type":"text"},{"key":"X-HSBC-Source-System-Id","value":"8125818_O63","type":"text"},{"key":"X-HSBC-Saml3","value":"{{saml}}","type":"text"},{"key":"X-Forwarded-For","value":"192.168.1.1","type":"text"}],"body":{"mode":"raw","raw":"{\r\n    \"data\" : {\r\n        \"secondaryReferenceAccountChecks\" : [ {\r\n            \"branchCode\" : \"035620\",\r\n            \"accountNumber\" : \"22130170\"\r\n        } ]\r\n    }\r\n}"},"url":{"raw":"https://mmf-payee-verification--gb-3.hsbc-dsvc-papi-gb-hsbc01-cert.svc.default.shp.euw1.pre-prod.aws.cloud.hsbc/secondary-reference-account-checks","protocol":"https","host":["mmf-payee-verification--gb-3","hsbc-dsvc-papi-gb-hsbc01-cert","svc","default","shp","euw1","pre-prod","aws","cloud","hsbc"],"path":["secondary-reference-account-checks"]}},"response":[]}]}