{"info":{"_postman_id":"9cafc9e8-0061-4924-8ad4-0f365171fef6","name":"DSP CERT - openbanking realm","schema":"https://schema.getpostman.com/json/collection/v2.1.0/collection.json"},"item":[{"name":"User_Authenticate_Request","event":[{"listen":"test","script":{"id":"586d2a3b-ee29-46b8-9163-df11d1aaba2e","exec":["var jsonData = JSON.parse(responseBody);","postman.setEnvironmentVariable(\"authId\", jsonData.authId);","postman.setEnvironmentVariable(\"tokenId\", jsonData.tokenId);",""],"type":"text/javascript"}}],"id":"78d6583e-7ead-46a3-8741-a65b7d97c425","protocolProfileBehavior":{"disableBodyPruning":true},"request":{"method":"POST","header":[{"key":"X-HSBC-Channel-Id","value":"OPENBANK","type":"text"},{"key":"X-HSBC-Chnl-Group-Member","value":"HRFB","type":"text"},{"key":"Content-Type","value":"application/json","type":"text"},{"key":"X-HSBC-Locale","value":"GB","type":"text"},{"key":"X-HSBC-Session-Correlation-Id","value":"64510817247365777967","type":"text"}],"url":{"raw":"https://open.sit.hsbc.com.hk/dsp/json/realms/root/realms/openbanking/authenticate?authIndexType=service&authIndexValue=OtpAuthService","protocol":"https","host":["open","sit","hsbc","com","hk"],"path":["dsp","json","realms","root","realms","openbanking","authenticate"],"query":[{"key":"authIndexType","value":"service"},{"key":"authIndexValue","value":"OtpAuthService"}]}},"response":[]},{"name":"GetOTP","event":[{"listen":"test","script":{"id":"7e501bd7-e5cb-4e85-ac1f-8ad03ac6bceb","exec":["var jsonData = JSON.parse(responseBody);","postman.setEnvironmentVariable(\"otp\", jsonData.token);"],"type":"text/javascript"}}],"id":"d36400f5-02a5-4c37-8fbc-9c9ed86aad64","protocolProfileBehavior":{"disableBodyPruning":true},"request":{"method":"GET","header":[],"url":{"raw":"https://testingservices.cn.hsbc:8443/tokenApi/anonymous?username={{username}}&type=1&accessKey={{accesskey}}","protocol":"https","host":["testingservices","cn","hsbc"],"port":"8443","path":["tokenApi","anonymous"],"query":[{"key":"username","value":"{{username}}"},{"key":"type","value":"1"},{"key":"accessKey","value":"{{accesskey}}"}]}},"response":[]},{"name":"User_Authenticate_Response","event":[{"listen":"test","script":{"id":"9045e137-0415-4b14-b614-792fa06bdc6e","exec":["var jsonData = JSON.parse(responseBody);","postman.setEnvironmentVariable(\"tokenId\", jsonData.tokenId);"],"type":"text/javascript"}}],"id":"58340ef0-b925-4dc4-86e5-09cf15d3f790","protocolProfileBehavior":{"disableBodyPruning":true},"request":{"method":"POST","header":[{"key":"Content-Type","value":"application/json"},{"key":"X-HSBC-Session-Correlation-Id","value":"64510817247365777967","type":"text"}],"body":{"mode":"raw","raw":"{\n    \"authId\": \"{{authId}}\",\n    \"template\": \"\",\n    \"stage\": \"ObCustomAuth2\",\n    \"header\": \"Openbanking Login\",\n    \"callbacks\": [\n        {\n            \"type\": \"NameCallback\",\n            \"output\": [\n                {\n                    \"name\": \"prompt\",\n                    \"value\": \"#USERNAME#\"\n                }\n            ],\n            \"input\": [\n                {\n                    \"name\": \"IDToken1\",\n                    \"value\": \"{{username}}\"\n                }\n            ]\n        },\n        {\n            \"type\": \"PasswordCallback\",\n            \"output\": [\n                {\n                    \"name\": \"prompt\",\n                    \"value\": \"#OTP#\"\n                }\n            ],\n            \"input\": [\n                {\n                    \"name\": \"IDToken2\",\n                    \"value\": \"{{otp}}\"\n                }\n            ]\n        },\n        {\n            \"type\": \"NameCallback\",\n            \"output\": [\n                {\n                    \"name\": \"prompt\",\n                    \"value\": \"#SHOW_INTERSTITIAL_PAGE#\"\n                }\n            ],\n            \"input\": [\n                {\n                    \"name\": \"IDToken3\"\n                }\n            ]\n        }\n    ]\n}"},"url":{"raw":"https://open.sit.hsbc.com.hk/dsp/json/realms/root/realms/openbanking/authenticate?authIndexType=service&authIndexValue=OtpAuthService","protocol":"https","host":["open","sit","hsbc","com","hk"],"path":["dsp","json","realms","root","realms","openbanking","authenticate"],"query":[{"key":"authIndexType","value":"service"},{"key":"authIndexValue","value":"OtpAuthService"}]}},"response":[]},{"name":"UserInfo","id":"64d7a89e-286b-486a-80d9-5b3d66200ecd","protocolProfileBehavior":{"disableBodyPruning":true},"request":{"method":"GET","header":[{"key":"dspSession","value":"{{tokenId}}"}],"url":{"raw":"https://open-tc.p2g.netd2.hk.hsbc/dsp/json/realms/openbanking/users/{{username}}","protocol":"https","host":["open-tc","p2g","netd2","hk","hsbc"],"path":["dsp","json","realms","openbanking","users","{{username}}"]}},"response":[]}]}