{"info":{"_postman_id":"acbfbf22-6234-44e7-a71c-7c213ee13c92","name":"OBIE AISP PSD2 Single Permission","schema":"https://schema.getpostman.com/json/collection/v2.1.0/collection.json"},"item":[{"name":"01 -  Register","event":[{"listen":"prerequest","script":{"id":"494917f8-4a71-46fd-b6e3-fa15b2538a45","exec":["var navigator = {};","var window = {};","eval(pm.environment.get(\"module:jsrsasign\"));","var sPKCS8PEM = `-----BEGIN PRIVATE KEY-----","MIIEvQIBADANBgkqhkiG9w0BAQEFAASCBKcwggSjAgEAAoIBAQChzaODZAvmrxEa","g+vMSEUoDB3A5X3koN56HbGqpQVH6Mu6BG1NarIh64mEBKI0GvM2nQxogXfZ57Gp","cwGgb5SChwVd/j6zP8aW2exZglDZwsLjctBbbraAEA2LgXh7pat5VdprNBLA9juC","bQRnRD83vhBhI+sIu373OStqIQ7EtCiqosGytkDOyb5LWz/gsTuRzbkCf0Hn2HLX","iDcuDTuQm9TSqx18X1oK3/pTKY2r7uQe2pbrdujn5O31NTTsfIvIQFQn592v7EeY","y6lFiURIx2abhhHo61BnnJIQokgGWNmtL4tgNuO29N6bdYdwtDjKQbpoL4aK9Y5T","aod09C7PAgMBAAECggEASzv8ANcfNYdHk6WtmZItHd7sYsoSzKEEcZGnD+qlVvdm","6zqtvCaVZ3JGwe0JouK5HjbOEzXIDblPAbRpGDlpu3uewkK60swfwfrYjBItF+QY","jHvRaAJFt6w/MBPmes/guI1z/w76fWDA8PdR6dZw8rFcml6CJdBQzBF4H2P5ovpF","zDGuBfsIupgRh32xZLsgn1Y0R4/TlHMK9sDk2hwzFVlfeG+riuW7ljbbZTJZd5Kj","fVFC3Ql1TXAbNe7RQOhPlYhtn+Ni3GrSZJt+GZCyymC+Kfr9rihl6ySlMJxON+O9","u60xqB0A28JQWwi28bbFXkPulQ/ExuaK9KiYCcLHIQKBgQD0gAmFcW6PKL1njuKV","2D7wkW9oiaHj4MRWkupn1wsPJOYy7FtHHiE0HCiMaIAihJk4RsMRuFNLKYHiBSDO","Y0LuAG6QR3H5SarkYH14g70qOjQlmsk8DZ+TUNiYGbDcH8b4VkNBVT2kjYQTH4ot","DY/f/G3CAu0XT5qSY6MuJo+BvwKBgQCpad63m6OxxPTsrca+MQj+TlAv8iW26Blq","kwgM/nAFlDCDe08FzZo+MdX4R1ep/i2IBeu3c4md53jgBIb2Nc7YbathVPJv9Nzu","c9fqvDZesytOJw+ncuw0BABq/w3cIoCG9Zl0KYwaTQIrzj0theHLX/nAFaIN/pSs","lrDwFzN28QKBgQDEsdh3DQknjFvLWuy4Ja6EtEuPKuIdRC5Pg4OmJB7WgRXcM78+","2GNX26tXQZ6LpmbpGixGLiZ8GhlOLlf1EW+/roND+OYc6YHcli96a2kb9pULB5oK","gN82kVyeCFT60WmtUSBsB9o+bkapZ78ufXGYfSgDY30/OqAcUqHtN8JNWwKBgHOt","K3r5VeuTTZ2yBotlFfv24z/puqDKmFgx7wRYU4srpXiRoOKYgeJHyw9NP2l+ef5v","9IR96pCcNefYj4LcONGFCMlb5HJXoudayCqquwEsm7wwZbrzeJ8HwHVOlFskX9hH","KLGtkNGAlaPtnc5QpV1lujXTT6T4mPHDrysw3F4xAoGAENJUj6zejLsddubXbq5Y","3Sg8mVaq6RPaOEI40SCQz1weMWWJYqLy0swssGnIzOB/tSLbq0vZ4CVVlJKqGnqo","hLlQb+Tt3ZQrWOXwwmbdq5QztroxJDV5sHn3Yuse1R4Uzean3n2HIb8YeqyBw8NA","siL7t3nAQPxtaltTB1HoDJ4=","-----END PRIVATE KEY-----`;","var prvKey = KEYUTIL.getKey(sPKCS8PEM);","var joseHeader = '{\"alg\":\"PS256\",\"kid\":\"90210\"}'","var software_client_id = Math.random().toString(22).substring(3, 14) + Math.random().toString(36).substring(3, 14);","console.log(\"time = \" + software_client_id);","","var payloadSoftwareStatement = '{\"software_mode\": \"TODO\", \"software_environment\": \"TODO\", \"software_client_uri\": \"https://TODO.com\",\"software_logo_uri\": \"https://TODO.com\",\"software_policy_uri\": \"https://TODO.com\",\"software_tos_uri\": \"https://TODO.com\",\"software_on_behalf_of_org\": \"https://TODO.com\",\"software_client_description\": \"software statement for testing purposes\",\"software_jwks_revoked_endpoint\": \"https://TODO.com\",\"software_roles\": [\"PISP\",\"CBPII\",\"AISP\"],\"org_jwks_endpoint\": \"https://TODO.com\",\"org_status\": \"Active\",\"org_contacts\": [],\"organisation_competent_authority_claims\": [],\"org_id\": \"5cb8572403f0df\",\"org_name\": \"obforgerocktest\",\"org_jwks_revoked_endpoint\": \"https://TODO.com\",\"software_client_name\": \"test\",\"iss\": \"ForgeRock\",\"iat\": 1556445993,\"jti\": \"45903DAE-3174-4E9E-9047-BBAE9C1A723F\",\"software_client_id\": \"' + software_client_id + '\",\"software_redirect_uris\": [\"https://www.google.com/\"],\"software_id\": \"' + software_client_id + '\",\"software_jwks_endpoint\": \"https://df7quiv5l02zk.cloudfront.net/jwks/public.jwks\"}'","var softwareStatement = KJUR.jws.JWS.sign(\"PS256\", joseHeader, payloadSoftwareStatement, prvKey);","","var payload = '{\"iss\": \"ForgeRock\",\"aud\": \"' + pm.environment.get(\"aud_reg\") +'\",\"scope\": \"openid payments accounts\",\"redirect_uris\": [\"https://www.google.com/\"],\"response_types\": [\"code id_token\"],\"grant_types\": [\"authorization_code\",\"refresh_token\",\"client_credentials\"],\"application_type\": \"web\",\"id_token_signed_response_alg\": \"PS256\",\"request_object_signing_alg\": \"PS256\",\"token_endpoint_auth_method\": \"private_key_jwt\",\"token_endpoint_auth_signing_alg\": \"PS256\",\"software_id\": \"' + software_client_id + '\",\"software_statement\":\"' + softwareStatement + '\",\"exp\": 2774251996,\"iat\": 1689835570,\"jti\": \"45903DAE-3174-4E9E-9047-BBAE9C1A723F\"}'  ","  var requestJwt = KJUR.jws.JWS.sign(\"PS256\", joseHeader, payload, prvKey);","postman.setGlobalVariable(\"requestJwt\", requestJwt);"],"type":"text/javascript"}},{"listen":"test","script":{"id":"a2b5595f-4eec-4bd9-82f5-72f2f7d149a4","exec":["tests[\"Status code is 201\"] = responseCode.code === 201;","","var jsonData = JSON.parse(responseBody);","tests[\"Contain ClientId\"] = (typeof jsonData.client_id !== \"undefined\");","","console.log(\"Set client_id = \" + jsonData.client_id);","postman.setGlobalVariable(\"client_id\", jsonData.client_id);"],"type":"text/javascript"}}],"id":"4ea994c2-f323-4ff7-b4fd-d6517df5dd07","protocolProfileBehavior":{"disableBodyPruning":true},"request":{"auth":{"type":"noauth"},"method":"POST","header":[{"key":"Content-Type","name":"Content-Type","value":"application/jose","type":"text"}],"body":{"mode":"raw","raw":"{{requestJwt}}"},"url":{"raw":"{{obie_url_register}}","host":["{{obie_url_register}}"]}},"response":[]},{"name":"01 -  Register for Canada Core","event":[{"listen":"prerequest","script":{"exec":["var navigator = {};","var window = {};","eval(pm.environment.get(\"module:jsrsasign\"));","var sPKCS8PEM = `-----BEGIN PRIVATE KEY-----","MIIEvgIBADANBgkqhkiG9w0BAQEFAASCBKgwggSkAgEAAoIBAQCfyWhDmanX57ja","gkbJ8mYG+NN5PvndEK/1mkXmZ+3zkwc/wzSR1HUFnYPlafR04oupq6DBmFj1Xce/","2SPANK5+BBRfZn/kSpD1WxZ8100l9EeLGw59kawCY0O8hINFf9BaNdYLd7a0U/lu","F79z+oI6TKEBvEiLpoE5RGMEXkmtpiovYujG7sbqo24dMRn7XQ/pqmpKne6r8XiI","/6oZM2MS+ISFOPQeWOm9WbYPbwwTJ7UmMsKfREjBi/oAfteJonTT74pkHHdOpV+T","vAjRd3gq+IFoVkBk2OUaEcpwS2nc4LuzkBNwxF6MnirwshdnLUl12+XNTs9mlHbw","XdaPy9tNAgMBAAECggEBAJSjwmcoOfQLrk0uZXWVFU4lCGxApiT8UgNx6NZmFdfB","DTxGdc+2yMlZdwnhn7NfzzYd3yRYeWB/RcL01qoFF9FIMD9y1UPkDacAfhHSIwVM","kYUYvUkYSt/JwYhL6OWs+YABlsUCLybe+yhr1QCpp51eDWTU5tNqJ8nDES1OHNH4","Sfi5ITx9chMAMI1YSegP0gBAwaSGWlFqpP2buaq39E816kdae+0WL7naNrojZZLu","YilcNJqoZSNAIJ1/gnsnMWxJa0PD20KlVVd71UYthM7uotFJmGJcZGEsNpDXDUR2","dvxipcFNmR7d/dVblmq/Ijko2cnYypUZBI5Ubn98VCECgYEAy0rVSpDHUsJfIOLw","+76GGy7AQTLc8qdFJQJl499s5xhpBzgQeyg/L/Q1nRozMiQR9aAkSQye5NdF8vk6","u5Ojd3TIZ7EhTYCVQNM7WpNjO7Ln4LzwVMVodc10POA9nSChTt2/Un/V0ZJ+NPLa","8qKChj4lv62Unk1joR9VzFErwsUCgYEAyTb4F2IcqNvUNBw8WbZxhYHohwnsA3sn","7h/GCDExozkfVkcanCkF2zGerROcGuBVZe6dBMurlboJef955Eth7nIqzaL3Eayz","3G+UmjIf/37oXPrYDMmof5olTKPFOtwNl5h4zWM31QcppTYfsFIbtf5K0+f+d8Uu","MPP33Z3anukCgYEAxTv1dELDICg041NLOvO+aOES5i7S7xoam62X7V336r5kJ/zd","AKArrfrhiWrCAQO96PFWQwlbn+q8kt/7e8Hh9yP2y6OvC+KU7DAEhfw5atJI5mJp","SdW9Y43SGL33CVt/JWU/Gmusp4fZqsV0Z7QDrvrc5PskFfI/lzMvquuV6YECgYBZ","78zyPrNKsn9mD1zWSJrzLr6tZTztzWVqpR8R2FM0frrICJ4XQKrSb5paCBLVXIIv","PnlGhHacRPwpYIyuAxexyaviID5I0yXNmL4WMeNlgub/cEuTY6uB5XdYizcD+QnG","Qat1OizhdgMiSk/dssWaEiCGGQL/q83aqaGXmA/4yQKBgGEmUHR1QCRsJLyxE5Wm","Rf7N246KbPtfY5VF8ocur2tIAXsYyWfdTWjApSZx9hj+OP3T5ivMp5S5oHK3g4Ag","OpKvHEiwgs+EC1k2ZfaXh+xGrIHQSAoXaUT7s+UWQZH/QBKO+UPu+34/sFX90Pfe","Xc+qNAUUvwtUDyGb+SUxCUcK","-----END PRIVATE KEY-----`;","var prvKey = KEYUTIL.getKey(sPKCS8PEM);","var joseHeader = '{\"alg\":\"PS256\",\"kid\":\"90210\"}'","var software_client_id = Math.random().toString(22).substring(3, 14) + Math.random().toString(36).substring(3, 14);","console.log(\"time = \" + software_client_id);","","var payloadSoftwareStatement = '{\"software_mode\": \"TODO\", \"software_environment\": \"TODO\", \"software_client_uri\": \"https://TODO.com\",\"software_logo_uri\": \"https://TODO.com\",\"software_policy_uri\": \"https://TODO.com\",\"software_tos_uri\": \"https://TODO.com\",\"software_on_behalf_of_org\": \"https://TODO.com\",\"software_client_description\": \"software statement for testing purposes\",\"software_jwks_revoked_endpoint\": \"https://TODO.com\",\"software_roles\": [\"PISP\",\"CBPII\",\"AISP\"],\"org_jwks_endpoint\": \"https://TODO.com\",\"org_status\": \"Active\",\"org_contacts\": [],\"organisation_competent_authority_claims\": [],\"org_id\": \"5cb8572403f0df\",\"org_name\": \"obforgerocktest\",\"org_jwks_revoked_endpoint\": \"https://TODO.com\",\"software_client_name\": \"test\",\"iss\": \"ForgeRock\",\"iat\": 1556445993,\"jti\": \"45903DAE-3174-4E9E-9047-BBAE9C1A723F\",\"software_client_id\": \"' + software_client_id + '\",\"software_redirect_uris\": [\"https://www.google.com/\"],\"software_id\": \"' + software_client_id + '\",\"software_jwks_endpoint\": \"https://keystore.openbankingtest.org.uk/0015800000jeox1AAA/0015800000jeox1AAA.jwks\"}'","var softwareStatement = KJUR.jws.JWS.sign(\"PS256\", joseHeader, payloadSoftwareStatement, prvKey);","","var payload = '{\"iss\": \"ForgeRock\",\"aud\": \"' + pm.environment.get(\"aud_reg\") +'\",\"scope\": \"openid payments accounts\",\"redirect_uris\": [\"https://www.google.com/\"],\"response_types\": [\"code id_token\"],\"grant_types\": [\"authorization_code\",\"refresh_token\",\"client_credentials\"],\"application_type\": \"web\",\"id_token_signed_response_alg\": \"PS256\",\"request_object_signing_alg\": \"PS256\",\"token_endpoint_auth_method\": \"private_key_jwt\",\"token_endpoint_auth_signing_alg\": \"PS256\",\"software_id\": \"' + software_client_id + '\",\"software_statement\":\"' + softwareStatement + '\",\"exp\": 1674206304,\"iat\": 1555506046,\"jti\": \"45903DAE-3174-4E9E-9047-BBAE9C1A723F\"}'  ","  var requestJwt = KJUR.jws.JWS.sign(\"PS256\", joseHeader, payload, prvKey);","postman.setGlobalVariable(\"requestJwt\", requestJwt);"],"type":"text/javascript","id":"7e0a6bf7-a68b-442a-98a5-72c2c6c13b47"}},{"listen":"test","script":{"exec":["tests[\"Status code is 201\"] = responseCode.code === 201;","","var jsonData = JSON.parse(responseBody);","tests[\"Contain ClientId\"] = (typeof jsonData.client_id !== \"undefined\");","","console.log(\"Set client_id = \" + jsonData.client_id);","postman.setGlobalVariable(\"client_id\", jsonData.client_id);"],"type":"text/javascript","id":"e738397b-16da-4a4d-92a6-c80dc4960a05"}}],"id":"ce454078-414d-4a42-94ca-634c37cfcb08","protocolProfileBehavior":{"disableBodyPruning":true},"request":{"auth":{"type":"noauth"},"method":"POST","header":[{"key":"Content-Type","name":"Content-Type","type":"text","value":"application/jose"}],"body":{"mode":"raw","raw":"{{requestJwt}}"},"url":{"raw":"https://ca-infra-nginx-d84df1050a8bc70b.elb.us-east-1.amazonaws.com/obf/open-banking/v3.2/oauth2/register","protocol":"https","host":["ca-infra-nginx-d84df1050a8bc70b","elb","us-east-1","amazonaws","com"],"path":["obf","open-banking","v3.2","oauth2","register"]}},"response":[]},{"name":"02 - Token Client Cred Grant","event":[{"listen":"prerequest","script":{"id":"9d777768-7c31-4810-b966-8ac8c4a63bb7","exec":["var navigator = {};","var window = {};","eval(pm.environment.get(\"module:jsrsasign\"));","var sPKCS8PEM = `-----BEGIN PRIVATE KEY-----","MIIEvQIBADANBgkqhkiG9w0BAQEFAASCBKcwggSjAgEAAoIBAQChzaODZAvmrxEa","g+vMSEUoDB3A5X3koN56HbGqpQVH6Mu6BG1NarIh64mEBKI0GvM2nQxogXfZ57Gp","cwGgb5SChwVd/j6zP8aW2exZglDZwsLjctBbbraAEA2LgXh7pat5VdprNBLA9juC","bQRnRD83vhBhI+sIu373OStqIQ7EtCiqosGytkDOyb5LWz/gsTuRzbkCf0Hn2HLX","iDcuDTuQm9TSqx18X1oK3/pTKY2r7uQe2pbrdujn5O31NTTsfIvIQFQn592v7EeY","y6lFiURIx2abhhHo61BnnJIQokgGWNmtL4tgNuO29N6bdYdwtDjKQbpoL4aK9Y5T","aod09C7PAgMBAAECggEASzv8ANcfNYdHk6WtmZItHd7sYsoSzKEEcZGnD+qlVvdm","6zqtvCaVZ3JGwe0JouK5HjbOEzXIDblPAbRpGDlpu3uewkK60swfwfrYjBItF+QY","jHvRaAJFt6w/MBPmes/guI1z/w76fWDA8PdR6dZw8rFcml6CJdBQzBF4H2P5ovpF","zDGuBfsIupgRh32xZLsgn1Y0R4/TlHMK9sDk2hwzFVlfeG+riuW7ljbbZTJZd5Kj","fVFC3Ql1TXAbNe7RQOhPlYhtn+Ni3GrSZJt+GZCyymC+Kfr9rihl6ySlMJxON+O9","u60xqB0A28JQWwi28bbFXkPulQ/ExuaK9KiYCcLHIQKBgQD0gAmFcW6PKL1njuKV","2D7wkW9oiaHj4MRWkupn1wsPJOYy7FtHHiE0HCiMaIAihJk4RsMRuFNLKYHiBSDO","Y0LuAG6QR3H5SarkYH14g70qOjQlmsk8DZ+TUNiYGbDcH8b4VkNBVT2kjYQTH4ot","DY/f/G3CAu0XT5qSY6MuJo+BvwKBgQCpad63m6OxxPTsrca+MQj+TlAv8iW26Blq","kwgM/nAFlDCDe08FzZo+MdX4R1ep/i2IBeu3c4md53jgBIb2Nc7YbathVPJv9Nzu","c9fqvDZesytOJw+ncuw0BABq/w3cIoCG9Zl0KYwaTQIrzj0theHLX/nAFaIN/pSs","lrDwFzN28QKBgQDEsdh3DQknjFvLWuy4Ja6EtEuPKuIdRC5Pg4OmJB7WgRXcM78+","2GNX26tXQZ6LpmbpGixGLiZ8GhlOLlf1EW+/roND+OYc6YHcli96a2kb9pULB5oK","gN82kVyeCFT60WmtUSBsB9o+bkapZ78ufXGYfSgDY30/OqAcUqHtN8JNWwKBgHOt","K3r5VeuTTZ2yBotlFfv24z/puqDKmFgx7wRYU4srpXiRoOKYgeJHyw9NP2l+ef5v","9IR96pCcNefYj4LcONGFCMlb5HJXoudayCqquwEsm7wwZbrzeJ8HwHVOlFskX9hH","KLGtkNGAlaPtnc5QpV1lujXTT6T4mPHDrysw3F4xAoGAENJUj6zejLsddubXbq5Y","3Sg8mVaq6RPaOEI40SCQz1weMWWJYqLy0swssGnIzOB/tSLbq0vZ4CVVlJKqGnqo","hLlQb+Tt3ZQrWOXwwmbdq5QztroxJDV5sHn3Yuse1R4Uzean3n2HIb8YeqyBw8NA","siL7t3nAQPxtaltTB1HoDJ4=","-----END PRIVATE KEY-----`;","var prvKey = KEYUTIL.getKey(sPKCS8PEM);","var iss = pm.environment.get(\"client_id\")","var sub = pm.environment.get(\"client_id\")","var joseHeader = '{\"alg\":\"PS256\",\"kid\":\"90210\"}'","var exp = Math.round(new Date().getTime()/1000) + 1200","var iat = Math.round(new Date().getTime()/1000)","console.log(\"time = \" + exp);","var payload = '{\"iss\": \"'+ iss +'\",\"aud\": \"' + pm.environment.get(\"aud_tok\") +'\",\"sub\":\"'+ sub +'\",\"exp\":'+ exp +'}';","var requestJwt = KJUR.jws.JWS.sign(\"PS256\", joseHeader, payload, prvKey);","pm.environment.set(\"client_Assertion\", requestJwt);"],"type":"text/javascript"}},{"listen":"test","script":{"id":"e7727efa-46b5-4301-95bb-f6cb1eba6812","exec":["tests[\"Status code is 200\"] = responseCode.code === 200;","","var jsonData = JSON.parse(responseBody);","tests[\"Contain access_token\"] = (typeof jsonData.access_token !== \"undefined\");","","console.log(\"Set access_token_ccg = \" + jsonData.access_token);","pm.environment.set(\"access_token_ccg\", jsonData.access_token);"],"type":"text/javascript"}}],"id":"0f6e78de-b996-4b8a-8092-e427281ecc74","protocolProfileBehavior":{"disableBodyPruning":true},"request":{"auth":{"type":"noauth"},"method":"POST","header":[{"key":"Content-Type","name":"Content-Type","value":"application/x-www-form-urlencoded","type":"text"}],"body":{"mode":"urlencoded","urlencoded":[{"key":"grant_type","value":"client_credentials","type":"text"},{"key":"scope","value":"accounts","type":"text"},{"key":"client_assertion_type","value":"urn:ietf:params:oauth:client-assertion-type:jwt-bearer","type":"text"},{"key":"client_assertion","value":"{{client_Assertion}}","type":"text"},{"key":"client_id","value":"2aafc2e4-b113-4fe9-aa56-dec270c6fdb4","type":"text","disabled":true}]},"url":{"raw":"{{obie_url_token}}","host":["{{obie_url_token}}"]}},"response":[]},{"name":"03 - Account Access - All consent","event":[{"listen":"test","script":{"exec":["var jsonData = JSON.parse(responseBody);","console.log(\"Set consent_id = \" + jsonData.Data.ConsentId);","postman.setGlobalVariable(\"consent_id\", jsonData.Data.ConsentId);"],"type":"text/javascript","id":"b0127bc3-d0fd-45b6-8f96-9cdf06ef5d05"}}],"id":"45608906-4aa2-4cce-913f-c72c3379462f","protocolProfileBehavior":{"disableBodyPruning":true},"request":{"method":"POST","header":[{"key":"Content-Type","value":"application/json"},{"key":"Accept","value":"application/json"},{"key":"Authorization","value":"Bearer {{access_token_ccg}}"},{"key":"x-fapi-financial-id","value":"test"}],"body":{"mode":"raw","raw":"{\n    \"Data\": {\n        \"Permissions\": [\n            \"ReadAccountsBasic\",\n            \"ReadOffers\"\n        ]\n    },\n    \"Risk\": {}\n}"},"url":{"raw":"{{obie_url_aisp}}/account-access-consents","host":["{{obie_url_aisp}}"],"path":["account-access-consents"]},"description":"AISP/PISP => ASPSP (HSBC)"},"response":[]},{"name":"03 - Account Access Consents","event":[{"listen":"test","script":{"exec":["var jsonData = JSON.parse(responseBody);","console.log(\"Set consent_id = \" + jsonData.Data.ConsentId);","postman.setGlobalVariable(\"consent_id\", jsonData.Data.ConsentId);"],"type":"text/javascript","id":"3d0e57a3-f0b5-43d2-9c52-3c11688f6f94"}}],"id":"86bb32a7-889e-40f7-be9a-8747f9a2c45c","protocolProfileBehavior":{"disableBodyPruning":true},"request":{"method":"POST","header":[{"key":"Content-Type","value":"application/json"},{"key":"Accept","value":"application/json"},{"key":"Authorization","value":"Bearer {{access_token_ccg}}"},{"key":"x-fapi-financial-id","value":"test"}],"body":{"mode":"raw","raw":"{\n  \"Data\": {\n     \"Permissions\": [\n            \"ReadAccountsBasic\",\n            \"ReadOffers\"\n        ]\n  },\n  \"Risk\": {}\n}"},"url":{"raw":"{{obie_url_aisp}}/account-access-consents","host":["{{obie_url_aisp}}"],"path":["account-access-consents"]},"description":"AISP/PISP => ASPSP (HSBC)"},"response":[]},{"name":"03 - Account Access - ReadBalances","event":[{"listen":"test","script":{"exec":["var jsonData = JSON.parse(responseBody);","console.log(\"Set consent_id = \" + jsonData.Data.ConsentId);","postman.setGlobalVariable(\"consent_id\", jsonData.Data.ConsentId);"],"type":"text/javascript","id":"4aacb758-e4b5-4da2-9446-de4f84b4d7b3"}}],"id":"50fd3125-bebc-410e-85a0-c306b13dc10f","protocolProfileBehavior":{"disableBodyPruning":true},"request":{"method":"POST","header":[{"key":"Content-Type","value":"application/json"},{"key":"Accept","value":"application/json"},{"key":"Authorization","value":"Bearer {{access_token_ccg}}"},{"key":"x-fapi-financial-id","value":"test"}],"body":{"mode":"raw","raw":"{\n  \"Data\": {\n     \"Permissions\": [\n            \"ReadBalances\"\n        ]\n  },\n  \"Risk\": {}\n}"},"url":{"raw":"{{obie_url_aisp}}/account-access-consents","host":["{{obie_url_aisp}}"],"path":["account-access-consents"]},"description":"AISP/PISP => ASPSP (HSBC)"},"response":[]},{"name":"03 - Account Access ReadOffers permission","event":[{"listen":"test","script":{"exec":["var jsonData = JSON.parse(responseBody);","console.log(\"Set consent_id = \" + jsonData.Data.ConsentId);","postman.setGlobalVariable(\"consent_id\", jsonData.Data.ConsentId);"],"type":"text/javascript","id":"9a27afd7-01e6-462c-8e6d-93b9e0a3fe7d"}}],"id":"22382168-ee35-4160-bd62-c809a8f21caf","protocolProfileBehavior":{"disableBodyPruning":true},"request":{"method":"POST","header":[{"key":"Content-Type","value":"application/json"},{"key":"Accept","value":"application/json"},{"key":"Authorization","value":"Bearer {{access_token_ccg}}"},{"key":"x-fapi-financial-id","value":"test"}],"body":{"mode":"raw","raw":"{\n  \"Data\": {\n     \"Permissions\": [\n            \"ReadOffers\"\n        ]\n  },\n  \"Risk\": {}\n}"},"url":{"raw":"{{obie_url_aisp}}/account-access-consents","host":["{{obie_url_aisp}}"],"path":["account-access-consents"]},"description":"AISP/PISP => ASPSP (HSBC)"},"response":[]},{"name":"04 -OpenAmAuthorize","event":[{"listen":"prerequest","script":{"id":"9b9b91bb-681e-4eec-b495-be0899e8c922","exec":["var navigator = {};","var window = {};","eval(pm.environment.get(\"module:jsrsasign\"));","var sPKCS8PEM = `-----BEGIN PRIVATE KEY-----","MIIEvQIBADANBgkqhkiG9w0BAQEFAASCBKcwggSjAgEAAoIBAQChzaODZAvmrxEa","g+vMSEUoDB3A5X3koN56HbGqpQVH6Mu6BG1NarIh64mEBKI0GvM2nQxogXfZ57Gp","cwGgb5SChwVd/j6zP8aW2exZglDZwsLjctBbbraAEA2LgXh7pat5VdprNBLA9juC","bQRnRD83vhBhI+sIu373OStqIQ7EtCiqosGytkDOyb5LWz/gsTuRzbkCf0Hn2HLX","iDcuDTuQm9TSqx18X1oK3/pTKY2r7uQe2pbrdujn5O31NTTsfIvIQFQn592v7EeY","y6lFiURIx2abhhHo61BnnJIQokgGWNmtL4tgNuO29N6bdYdwtDjKQbpoL4aK9Y5T","aod09C7PAgMBAAECggEASzv8ANcfNYdHk6WtmZItHd7sYsoSzKEEcZGnD+qlVvdm","6zqtvCaVZ3JGwe0JouK5HjbOEzXIDblPAbRpGDlpu3uewkK60swfwfrYjBItF+QY","jHvRaAJFt6w/MBPmes/guI1z/w76fWDA8PdR6dZw8rFcml6CJdBQzBF4H2P5ovpF","zDGuBfsIupgRh32xZLsgn1Y0R4/TlHMK9sDk2hwzFVlfeG+riuW7ljbbZTJZd5Kj","fVFC3Ql1TXAbNe7RQOhPlYhtn+Ni3GrSZJt+GZCyymC+Kfr9rihl6ySlMJxON+O9","u60xqB0A28JQWwi28bbFXkPulQ/ExuaK9KiYCcLHIQKBgQD0gAmFcW6PKL1njuKV","2D7wkW9oiaHj4MRWkupn1wsPJOYy7FtHHiE0HCiMaIAihJk4RsMRuFNLKYHiBSDO","Y0LuAG6QR3H5SarkYH14g70qOjQlmsk8DZ+TUNiYGbDcH8b4VkNBVT2kjYQTH4ot","DY/f/G3CAu0XT5qSY6MuJo+BvwKBgQCpad63m6OxxPTsrca+MQj+TlAv8iW26Blq","kwgM/nAFlDCDe08FzZo+MdX4R1ep/i2IBeu3c4md53jgBIb2Nc7YbathVPJv9Nzu","c9fqvDZesytOJw+ncuw0BABq/w3cIoCG9Zl0KYwaTQIrzj0theHLX/nAFaIN/pSs","lrDwFzN28QKBgQDEsdh3DQknjFvLWuy4Ja6EtEuPKuIdRC5Pg4OmJB7WgRXcM78+","2GNX26tXQZ6LpmbpGixGLiZ8GhlOLlf1EW+/roND+OYc6YHcli96a2kb9pULB5oK","gN82kVyeCFT60WmtUSBsB9o+bkapZ78ufXGYfSgDY30/OqAcUqHtN8JNWwKBgHOt","K3r5VeuTTZ2yBotlFfv24z/puqDKmFgx7wRYU4srpXiRoOKYgeJHyw9NP2l+ef5v","9IR96pCcNefYj4LcONGFCMlb5HJXoudayCqquwEsm7wwZbrzeJ8HwHVOlFskX9hH","KLGtkNGAlaPtnc5QpV1lujXTT6T4mPHDrysw3F4xAoGAENJUj6zejLsddubXbq5Y","3Sg8mVaq6RPaOEI40SCQz1weMWWJYqLy0swssGnIzOB/tSLbq0vZ4CVVlJKqGnqo","hLlQb+Tt3ZQrWOXwwmbdq5QztroxJDV5sHn3Yuse1R4Uzean3n2HIb8YeqyBw8NA","siL7t3nAQPxtaltTB1HoDJ4=","-----END PRIVATE KEY----- `;","var prvKey = KEYUTIL.getKey(sPKCS8PEM);","var joseHeader = '{\"alg\":\"PS256\",\"kid\":\"90210\"}';","var client_id = pm.environment.get(\"client_id\");","var consent_id = pm.environment.get(\"consent_id\");","var payload = '{\"iss\":\"https://sandbox.hsbc.com/psd2/obie/v3.1/as/token.oauth2\",\"aud\": \"' + pm.environment.get(\"aud_auth\") +'\",\"response_type\":\"code id_token\",\"client_id\":\"'+client_id+'\",\"state\":\"lwMPIxDc9H\",\"exp\": 1690630364,\"redirect_uri\":\"https://www.google.com/\",\"nonce\":\"pLYLrLcNCF\",\"scope\":\"openid accounts\",\"claims\":{\"userinfo\":{\"openbanking_intent_id\":{\"value\":\"'+consent_id+'\",\"essential\":true}},\"id_token\":{\"openbanking_intent_id\":{\"essential\":true,\"value\":\"'+consent_id+'\"},\"acr\":{\"essential\":false,\"values\":[\"urn:openbanking:psd2:sca\",\"urn:openbanking:psd2:ca\"]}}}}';","var requestJwt = KJUR.jws.JWS.sign(\"PS256\", joseHeader, payload, prvKey);","pm.environment.set(\"requestJwt\", requestJwt);"],"type":"text/javascript"}},{"listen":"test","script":{"id":"8b390802-8e62-4082-8b78-83e4ba52b53e","exec":["tests[\"Status code is 302\"] = responseCode.code === 302;","","let locationHeader = postman.getResponseHeader(\"Location\");","","tests[\"Contain Location header\"] = (typeof locationHeader !== \"undefined\");","","let urlArray = locationHeader.split(\"?\");","tests[\"Location header has params\"] = urlArray.length == 2;","","let host = urlArray[0];","let params = urlArray[1].split(\"&\");","let containCode = false;","params.forEach(param => {","  let keyVal = param.split(\"=\");","  if (keyVal[0] == \"redirectJwt\") {","    console.log(\"Set authCode = \" + keyVal[1]);","    pm.environment.set(\"redirectJwt\", keyVal[1]);","    containCode = true;","  }","});","tests[\"Location header has authCode\"] = containCode;"],"type":"text/javascript"}}],"id":"edc4f518-733d-42b7-90ec-b0beb126dc42","protocolProfileBehavior":{"disableBodyPruning":true},"request":{"method":"GET","header":[],"url":{"raw":"{{auth_url}}?response_type=code+id_token&client_id={{client_id}}&redirect_uri=https%3A%2F%2Fwww.google.com%2F&scope=openid+accounts&request={{requestJwt}}&nonce=W6Jr4WOZ27j9&state=lwMPIxDc9H&sub={{client_id}}","host":["{{auth_url}}"],"query":[{"key":"response_type","value":"code+id_token"},{"key":"client_id","value":"{{client_id}}"},{"key":"redirect_uri","value":"https%3A%2F%2Fwww.google.com%2F"},{"key":"scope","value":"openid+accounts"},{"key":"request","value":"{{requestJwt}}"},{"key":"nonce","value":"W6Jr4WOZ27j9"},{"key":"state","value":"lwMPIxDc9H"},{"key":"sub","value":"{{client_id}}"}]}},"response":[]},{"name":"05 - Consent - For UI Skip this step","event":[{"listen":"test","script":{"exec":["tests[\"Status code is 200\"] = responseCode.code === 200;",""],"type":"text/javascript","id":"48346378-927f-4d7a-8677-1a2366eb477c"}}],"id":"f9ad29b8-04f0-4ff4-a983-cf4184a7f956","protocolProfileBehavior":{"disableBodyPruning":true},"request":{"method":"GET","header":[{"key":"Content-Type","value":"application/json"},{"key":"Accept","value":"application/json"},{"warning":"This is a duplicate header and will be overridden by the Authorization header generated by Postman.","key":"Authorization","value":"Bearer {{redirectJwt}}","type":"text"}],"body":{"mode":"raw","raw":""},"url":{"raw":"{{obie_internal_url}}/customer-auth/data","host":["{{obie_internal_url}}"],"path":["customer-auth","data"]},"description":"The end user browser => ASPSP (HSBC)"},"response":[]},{"name":"otp_ob_e2e - For UI Skip this step","event":[{"listen":"test","script":{"exec":["var jsonData = JSON.parse(responseBody);","postman.setGlobalVariable(\"otp\", jsonData.token);",""],"type":"text/javascript","id":"623f517a-a0db-4a68-8fb3-fd3b2f3c5f39"}}],"id":"c276b832-ecdb-4ec0-a841-8b976d9cdbca","protocolProfileBehavior":{"disableBodyPruning":true},"request":{"method":"GET","header":[],"url":{"raw":"https://testingservices.cn.hsbc:8443/tokenApi/anonymous?accessKey={{access_key}}&username={{username}}&type=1","protocol":"https","host":["testingservices","cn","hsbc"],"port":"8443","path":["tokenApi","anonymous"],"query":[{"key":"accessKey","value":"{{access_key}}"},{"key":"user","value":"anonymous","disabled":true},{"key":"_","value":"1507025554649","disabled":true},{"key":"username","value":"{{username}}"},{"key":"type","value":"1"}]}},"response":[]},{"name":"otp_ob_e2e - For UI Skip this step with User Cedit Card","event":[{"listen":"test","script":{"exec":["var jsonData = JSON.parse(responseBody);","postman.setGlobalVariable(\"otp\", jsonData.token);",""],"type":"text/javascript","id":"809eff98-25c9-4257-93e8-ba121fc371e7"}}],"id":"0cd724a3-a6e3-4a39-b27f-f9d50a8acbb0","protocolProfileBehavior":{"disableBodyPruning":true},"request":{"method":"GET","header":[],"url":{"raw":"https://testingservices.cn.hsbc:8443/publicapi/token?type=1&username={{username_2}}&key={{key}}","protocol":"https","host":["testingservices","cn","hsbc"],"port":"8443","path":["publicapi","token"],"query":[{"key":"user","value":"anonymous","disabled":true},{"key":"_","value":"1507025554649","disabled":true},{"key":"type","value":"1"},{"key":"username","value":"{{username_2}}"},{"key":"key","value":"{{key}}"}]}},"response":[]},{"name":"06 - Authenticate - For UI Skip this step","event":[{"listen":"test","script":{"exec":["tests[\"Status code is 200\"] = responseCode.code === 200;"],"type":"text/javascript","id":"fa07556b-23b1-48db-bc75-e47f242ac959"}}],"id":"04d51436-42ed-4681-98e8-28b4eaee12ec","protocolProfileBehavior":{"disableBodyPruning":true},"request":{"method":"POST","header":[{"key":"content-Type","value":"application/json"},{"key":"Accept","value":"*/*","type":"text"},{"key":"Authorization","value":"Bearer {{redirectJwt}}","type":"text"}],"body":{"mode":"raw","raw":"{\n  \"authType\": \"SECURE_CODE\",\n  \"username\": \"{{username}}\",\n  \"secureCode\": {{otp}}\n}"},"url":{"raw":"{{obie_internal_url}}/customer-auth/authenticate","host":["{{obie_internal_url}}"],"path":["customer-auth","authenticate"]},"description":"The end user browser => ASPSP (HSBC)"},"response":[]},{"name":"06 - Authenticate - For UI Skip this step for Credit card","event":[{"listen":"test","script":{"exec":["tests[\"Status code is 200\"] = responseCode.code === 200;"],"type":"text/javascript","id":"14333617-901c-47a2-8a4f-54381a975b32"}}],"id":"cf2f0a8d-2e2f-441c-bf0d-b2e3a90680b9","protocolProfileBehavior":{"disableBodyPruning":true},"request":{"method":"POST","header":[{"key":"content-Type","value":"application/json"},{"key":"Accept","value":"*/*","type":"text"},{"key":"Authorization","value":"Bearer {{redirectJwt}}","type":"text"}],"body":{"mode":"raw","raw":"{ \n    \"authType\":\"SECURE_CODE\",\n    \"username\": \"{{username_2}}\",\n    \"secureCode\": {{otp}}\n }"},"url":{"raw":"{{obie_internal_url}}/customer-auth/authenticate","host":["{{obie_internal_url}}"],"path":["customer-auth","authenticate"]},"description":"The end user browser => ASPSP (HSBC)"},"response":[]},{"name":"07 - Accounts - For UI Skip this step","event":[{"listen":"test","script":{"exec":["tests[\"Status code is 200\"] = responseCode.code === 200;","","var jsonData = JSON.parse(responseBody);","tests[\"Contain AccountId\"] = (typeof jsonData.accounts.account[5].scheme.identification !== \"undefined\");","","console.log(\"Set account_id = \" + jsonData.accounts.account[5].scheme.identification);","postman.setGlobalVariable(\"account_id\", jsonData.accounts.account[5].scheme.identification);"],"type":"text/javascript","id":"a561a5e5-1d98-493f-8b55-0eba5d438605"}}],"id":"9372a35f-d4aa-49ae-badc-f38490007560","protocolProfileBehavior":{"disableBodyPruning":true},"request":{"method":"GET","header":[{"key":"content-Type","value":"application/json"},{"key":"Accept","value":"application/json"},{"key":"Authorization","value":"Bearer {{redirectJwt}}","type":"text"},{"key":"Signature","value":"Signature","type":"text"},{"key":"X-Request-Id","value":"12345678","type":"text"}],"url":{"raw":"{{obie_internal_url}}/customer-auth/accounts?withBalance=true","host":["{{obie_internal_url}}"],"path":["customer-auth","accounts"],"query":[{"key":"withBalance","value":"true"}]},"description":"The end user browser => ASPSP (HSBC)"},"response":[]},{"name":"08 - Put-consent - For UI Skip this step for Credit card","event":[{"listen":"test","script":{"exec":["tests[\"Status code is 200\"] = responseCode.code === 200;"],"type":"text/javascript","id":"c92b4262-756c-4ef8-8ee4-448610f6039a"}}],"id":"dc5f0a71-ddbe-44db-a1df-a786195c1412","protocolProfileBehavior":{"disableBodyPruning":true},"request":{"method":"PUT","header":[{"key":"Authorization","value":"Bearer {{redirectJwt}}"},{"key":"Accept","value":"application/json","type":"text"},{"key":"Content-Type","value":"application/json; charset=UTF-8","type":"text"}],"body":{"mode":"raw","raw":"{\n    \"permissions\": [\n        {\n            \"accounts\": [\n                {\n                    \"schemeName\": \"UK.OBIE.PAN\",\n                    \"identification\": \"XXXX XXXX XXXX 1905\"\n                }\n            ],\n            \"permission\": \"ReadAccountsBasic\"\n        },\n        {\n            \"accounts\": [\n                {\n                    \"schemeName\": \"UK.OBIE.PAN\",\n                    \"identification\": \"XXXX XXXX XXXX 1905\"\n                }\n            ],\n            \"permission\": \"ReadOffers\"\n        }\n    ]\n}"},"url":{"raw":"{{obie_internal_url}}/customer-auth/consent","host":["{{obie_internal_url}}"],"path":["customer-auth","consent"]},"description":"The end user browser => ASPSP (HSBC)"},"response":[]},{"name":"08 - Put-consent - For UI Skip this step Copy 2","event":[{"listen":"test","script":{"exec":["tests[\"Status code is 200\"] = responseCode.code === 200;"],"type":"text/javascript","id":"247f0d98-3cf4-44dd-8882-7bdcedfbaca6"}}],"id":"c633e01b-546b-44f5-997c-1fae2437ffba","protocolProfileBehavior":{"disableBodyPruning":true},"request":{"method":"PUT","header":[{"key":"Authorization","value":"Bearer {{redirectJwt}}"},{"key":"Accept","value":"application/json","type":"text"},{"key":"Content-Type","value":"application/json; charset=UTF-8","type":"text"}],"body":{"mode":"raw","raw":"{\n   \"permissions\": [\n      {\n         \"accounts\": [\n            {\n               \"schemeName\": \"UK.OBIE.SortCodeAccountNumber\",\n               \"identification\": \"{{account_id}}\"\n            }\n         ],\n         \"permission\": \"ReadAccountsBasic\"\n      },\n      {\n         \"accounts\": [\n            {\n               \"schemeName\": \"UK.OBIE.SortCodeAccountNumber\",\n               \"identification\": \"{{account_id}}\"\n            }\n         ],\n         \"permission\": \"ReadAccountsDetail\"\n      },\n      {\n         \"accounts\": [\n            {\n               \"schemeName\": \"UK.OBIE.SortCodeAccountNumber\",\n               \"identification\": \"{{account_id}}\"\n            }\n         ],\n         \"permission\": \"ReadPAN\"\n      },\n      {\n         \"accounts\": [\n            {\n               \"schemeName\": \"UK.OBIE.SortCodeAccountNumber\",\n               \"identification\": \"{{account_id}}\"\n            }\n         ],\n         \"permission\": \"ReadBalances\"\n      },\n      {\n         \"accounts\": [\n            {\n               \"schemeName\": \"UK.OBIE.SortCodeAccountNumber\",\n               \"identification\": \"{{account_id}}\"\n            }\n         ],\n         \"permission\": \"ReadBeneficiariesBasic\"\n      },\n      {\n         \"accounts\": [\n            {\n               \"schemeName\": \"UK.OBIE.SortCodeAccountNumber\",\n               \"identification\": \"{{account_id}}\"\n            }\n         ],\n         \"permission\": \"ReadBeneficiariesDetail\"\n      },\n      {\n         \"accounts\": [\n            {\n               \"schemeName\": \"UK.OBIE.SortCodeAccountNumber\",\n               \"identification\": \"{{account_id}}\"\n            }\n         ],\n         \"permission\": \"ReadDirectDebits\"\n      },\n      {\n         \"accounts\": [\n            {\n               \"schemeName\": \"UK.OBIE.SortCodeAccountNumber\",\n               \"identification\": \"{{account_id}}\"\n            }\n         ],\n         \"permission\": \"ReadParty\"\n      },\n      {\n         \"accounts\": [\n            {\n               \"schemeName\": \"UK.OBIE.SortCodeAccountNumber\",\n               \"identification\": \"{{account_id}}\"\n            }\n         ],\n         \"permission\": \"ReadProducts\"\n      },\n      {\n         \"accounts\": [\n            {\n               \"schemeName\": \"UK.OBIE.SortCodeAccountNumber\",\n               \"identification\": \"{{account_id}}\"\n            }\n         ],\n         \"permission\": \"ReadScheduledPaymentsBasic\"\n      },\n      {\n         \"accounts\": [\n            {\n               \"schemeName\": \"UK.OBIE.SortCodeAccountNumber\",\n               \"identification\": \"{{account_id}}\"\n            }\n         ],\n         \"permission\": \"ReadScheduledPaymentsDetail\"\n      },\n      {\n         \"accounts\": [\n            {\n               \"schemeName\": \"UK.OBIE.SortCodeAccountNumber\",\n               \"identification\": \"{{account_id}}\"\n            }\n         ],\n         \"permission\": \"ReadStandingOrdersBasic\"\n      },\n      {\n         \"accounts\": [\n            {\n               \"schemeName\": \"UK.OBIE.SortCodeAccountNumber\",\n               \"identification\": \"{{account_id}}\"\n            }\n         ],\n         \"permission\": \"ReadStandingOrdersDetail\"\n      },\n      {\n         \"accounts\": [\n            {\n               \"schemeName\": \"UK.OBIE.SortCodeAccountNumber\",\n               \"identification\": \"{{account_id}}\"\n            }\n         ],\n         \"permission\": \"ReadTransactionsBasic\"\n      },\n      {\n         \"accounts\": [\n            {\n               \"schemeName\": \"UK.OBIE.SortCodeAccountNumber\",\n               \"identification\": \"{{account_id}}\"\n            }\n         ],\n         \"permission\": \"ReadTransactionsDetail\"\n      },\n      {\n         \"accounts\": [\n            {\n               \"schemeName\": \"UK.OBIE.SortCodeAccountNumber\",\n               \"identification\": \"{{account_id}}\"\n            }\n         ],\n         \"permission\": \"ReadTransactionsCredits\"\n      },\n      {\n         \"accounts\": [\n            {\n               \"schemeName\": \"UK.OBIE.SortCodeAccountNumber\",\n               \"identification\": \"{{account_id}}\"\n            }\n         ],\n         \"permission\": \"ReadTransactionsDebits\"\n      }\n   ]\n}"},"url":{"raw":"{{obie_internal_url}}/customer-auth/consent","host":["{{obie_internal_url}}"],"path":["customer-auth","consent"]},"description":"The end user browser => ASPSP (HSBC)"},"response":[]},{"name":"08 - Put-consent - For UI Skip this step - ReadOffers","event":[{"listen":"test","script":{"exec":["tests[\"Status code is 200\"] = responseCode.code === 200;"],"type":"text/javascript","id":"5a0eabcf-b93b-48b6-aecf-e486108e75e2"}}],"id":"f7f78c19-3a99-484f-bf4b-ab0d0a0e87d6","protocolProfileBehavior":{"disableBodyPruning":true},"request":{"method":"PUT","header":[{"key":"Authorization","value":"Bearer {{redirectJwt}}"},{"key":"Accept","value":"application/json","type":"text"},{"key":"Content-Type","value":"application/json; charset=UTF-8","type":"text"}],"body":{"mode":"raw","raw":"{\n   \"permissions\": [\n      {\n         \"accounts\": [\n            {\n               \"schemeName\": \"UK.OBIE.PAN\",\n               \"identification\": \"{{account_id}}\"\n            }\n         ],\n         \"permission\": \"ReadAccountsBasic\"\n      }\n   ]\n}"},"url":{"raw":"{{obie_internal_url}}/customer-auth/consent","host":["{{obie_internal_url}}"],"path":["customer-auth","consent"]},"description":"The end user browser => ASPSP (HSBC)"},"response":[]},{"name":"08 - Put-consent - For UI Skip this step - ReadBalances","event":[{"listen":"test","script":{"exec":["tests[\"Status code is 200\"] = responseCode.code === 200;"],"type":"text/javascript","id":"fff29eda-04be-4980-b30d-92829027c514"}}],"id":"752c3d09-46c8-4f7a-823a-d72c9be58ce8","protocolProfileBehavior":{"disableBodyPruning":true},"request":{"method":"PUT","header":[{"key":"Authorization","value":"Bearer {{redirectJwt}}"},{"key":"Accept","value":"application/json","type":"text"},{"key":"Content-Type","value":"application/json; charset=UTF-8","type":"text"}],"body":{"mode":"raw","raw":"{\n   \"permissions\": [\n      {\n         \"accounts\": [\n            {\n               \"schemeName\": \"UK.OBIE.SortCodeAccountNumber\",\n               \"identification\": \"{{account_id}}\"\n            }\n         ],\n         \"permission\": \"ReadOffers\"\n      }\n   ]\n}"},"url":{"raw":"{{obie_internal_url}}/customer-auth/consent","host":["{{obie_internal_url}}"],"path":["customer-auth","consent"]},"description":"The end user browser => ASPSP (HSBC)"},"response":[]},{"name":"09 - Consent-confirmation - For UI Skip this step","event":[{"listen":"test","script":{"exec":["tests[\"Status code is 200\"] = responseCode.code === 200;","","var jsonData = JSON.parse(responseBody);","tests[\"Contain access_token\"] = (typeof jsonData.auth_code !== \"undefined\");","postman.setGlobalVariable(\"auth_code\", jsonData.auth_code);"],"type":"text/javascript","id":"ffe6cd28-0274-48d0-b963-607605578976"}}],"id":"206b1487-bb1b-415e-a86b-c01f8aff4e1c","protocolProfileBehavior":{"disableBodyPruning":true},"request":{"method":"POST","header":[{"key":"Content-Type","name":"Content-Type","value":"application/json","type":"text"},{"key":"Authorization","value":"Bearer {{redirectJwt}}"},{"key":"X-Request-ID","value":"X_REQUEST_ID","type":"text","disabled":true},{"key":"Accept","value":"*/*","type":"text","disabled":true},{"key":"Signature","value":"SIGNATURE","type":"text","disabled":true}],"body":{"mode":"raw","raw":"{\"authorisationStatus\":true}"},"url":{"raw":"{{obie_internal_url}}/customer-auth/confirmation","host":["{{obie_internal_url}}"],"path":["customer-auth","confirmation"]},"description":"The end user browser => ASPSP (HSBC)"},"response":[]},{"name":"10 - Token","event":[{"listen":"test","script":{"exec":["tests[\"Status code is 200\"] = responseCode.code === 200;","","var jsonData = JSON.parse(responseBody);","tests[\"Contain access_token\"] = (typeof jsonData.access_token !== \"undefined\");","tests[\"Contain refresh_token\"] = (typeof jsonData.refresh_token !== \"undefined\");","","","console.log(\"Set access_token = \" + jsonData.access_token);","postman.setGlobalVariable(\"access_token\", jsonData.access_token);","","console.log(\"Set refresh_token = \" + jsonData.refresh_token);","postman.setGlobalVariable(\"refresh_token\", jsonData.refresh_token);"],"type":"text/javascript","id":"cd5c57ee-265d-41dc-b5f2-29b556b64fc6"}},{"listen":"prerequest","script":{"exec":["var navigator = {};","var window = {};","eval(pm.environment.get(\"module:jsrsasign\"));","var sPKCS8PEM = `-----BEGIN PRIVATE KEY-----","MIIEvQIBADANBgkqhkiG9w0BAQEFAASCBKcwggSjAgEAAoIBAQChzaODZAvmrxEa","g+vMSEUoDB3A5X3koN56HbGqpQVH6Mu6BG1NarIh64mEBKI0GvM2nQxogXfZ57Gp","cwGgb5SChwVd/j6zP8aW2exZglDZwsLjctBbbraAEA2LgXh7pat5VdprNBLA9juC","bQRnRD83vhBhI+sIu373OStqIQ7EtCiqosGytkDOyb5LWz/gsTuRzbkCf0Hn2HLX","iDcuDTuQm9TSqx18X1oK3/pTKY2r7uQe2pbrdujn5O31NTTsfIvIQFQn592v7EeY","y6lFiURIx2abhhHo61BnnJIQokgGWNmtL4tgNuO29N6bdYdwtDjKQbpoL4aK9Y5T","aod09C7PAgMBAAECggEASzv8ANcfNYdHk6WtmZItHd7sYsoSzKEEcZGnD+qlVvdm","6zqtvCaVZ3JGwe0JouK5HjbOEzXIDblPAbRpGDlpu3uewkK60swfwfrYjBItF+QY","jHvRaAJFt6w/MBPmes/guI1z/w76fWDA8PdR6dZw8rFcml6CJdBQzBF4H2P5ovpF","zDGuBfsIupgRh32xZLsgn1Y0R4/TlHMK9sDk2hwzFVlfeG+riuW7ljbbZTJZd5Kj","fVFC3Ql1TXAbNe7RQOhPlYhtn+Ni3GrSZJt+GZCyymC+Kfr9rihl6ySlMJxON+O9","u60xqB0A28JQWwi28bbFXkPulQ/ExuaK9KiYCcLHIQKBgQD0gAmFcW6PKL1njuKV","2D7wkW9oiaHj4MRWkupn1wsPJOYy7FtHHiE0HCiMaIAihJk4RsMRuFNLKYHiBSDO","Y0LuAG6QR3H5SarkYH14g70qOjQlmsk8DZ+TUNiYGbDcH8b4VkNBVT2kjYQTH4ot","DY/f/G3CAu0XT5qSY6MuJo+BvwKBgQCpad63m6OxxPTsrca+MQj+TlAv8iW26Blq","kwgM/nAFlDCDe08FzZo+MdX4R1ep/i2IBeu3c4md53jgBIb2Nc7YbathVPJv9Nzu","c9fqvDZesytOJw+ncuw0BABq/w3cIoCG9Zl0KYwaTQIrzj0theHLX/nAFaIN/pSs","lrDwFzN28QKBgQDEsdh3DQknjFvLWuy4Ja6EtEuPKuIdRC5Pg4OmJB7WgRXcM78+","2GNX26tXQZ6LpmbpGixGLiZ8GhlOLlf1EW+/roND+OYc6YHcli96a2kb9pULB5oK","gN82kVyeCFT60WmtUSBsB9o+bkapZ78ufXGYfSgDY30/OqAcUqHtN8JNWwKBgHOt","K3r5VeuTTZ2yBotlFfv24z/puqDKmFgx7wRYU4srpXiRoOKYgeJHyw9NP2l+ef5v","9IR96pCcNefYj4LcONGFCMlb5HJXoudayCqquwEsm7wwZbrzeJ8HwHVOlFskX9hH","KLGtkNGAlaPtnc5QpV1lujXTT6T4mPHDrysw3F4xAoGAENJUj6zejLsddubXbq5Y","3Sg8mVaq6RPaOEI40SCQz1weMWWJYqLy0swssGnIzOB/tSLbq0vZ4CVVlJKqGnqo","hLlQb+Tt3ZQrWOXwwmbdq5QztroxJDV5sHn3Yuse1R4Uzean3n2HIb8YeqyBw8NA","siL7t3nAQPxtaltTB1HoDJ4=","-----END PRIVATE KEY-----`;","var prvKey = KEYUTIL.getKey(sPKCS8PEM);","var iss = postman.getGlobalVariable(\"client_id\")","var sub = postman.getGlobalVariable(\"client_id\")","var joseHeader = '{\"alg\":\"PS256\",\"kid\":\"90210\"}'","var exp = Math.round(new Date().getTime()/1000) + 1200","var iat = Math.round(new Date().getTime()/1000)","console.log(\"time = \" + exp);","var payload = '{\"iss\": \"'+ iss +'\",\"aud\": \"' + pm.environment.get(\"aud_tok\") +'\",\"sub\":\"'+ sub +'\",\"exp\":'+ exp +'}';","var requestJwt = KJUR.jws.JWS.sign(\"PS256\", joseHeader, payload, prvKey);","postman.setGlobalVariable(\"client_Assertion\", requestJwt);"],"type":"text/javascript","id":"755fa211-64e8-40c8-8b61-ad4df6be112d"}}],"id":"2e51515c-0678-4e7c-9642-da2878014815","protocolProfileBehavior":{"disableBodyPruning":true},"request":{"method":"POST","header":[{"key":"Content-Type","value":"application/x-www-form-urlencoded"}],"body":{"mode":"urlencoded","urlencoded":[{"key":"grant_type","value":"authorization_code","type":"text"},{"key":"code","value":"{{auth_code}}","type":"text"},{"key":"redirect_uri","value":"https://www.google.com/","type":"text"},{"key":"client_assertion_type","value":"urn:ietf:params:oauth:client-assertion-type:jwt-bearer","type":"text"},{"key":"client_assertion","value":"{{client_Assertion}}","type":"text"},{"key":"client_id","value":"2aafc2e4-b113-4fe9-aa56-dec270c6fdb4","type":"text","disabled":true}]},"url":{"raw":"{{obie_url_token}}","host":["{{obie_url_token}}"]},"description":"AISP/PISP => ASPSP (HSBC)"},"response":[]},{"name":"11 - Refresh Token (Optional)","event":[{"listen":"test","script":{"exec":["tests[\"Status code is 200\"] = responseCode.code === 200;","","var jsonData = JSON.parse(responseBody);","tests[\"Contain access_token\"] = (typeof jsonData.access_token !== \"undefined\");","","console.log(\"Set access_token = \" + jsonData.access_token);","postman.setGlobalVariable(\"access_token\", jsonData.access_token);","","console.log(\"Set refresh_token = \" + jsonData.refresh_token);","postman.setGlobalVariable(\"refresh_token\", jsonData.refresh_token);"],"type":"text/javascript","id":"4663af5a-91ca-4b0f-ad56-84fcfc870751"}},{"listen":"prerequest","script":{"exec":["var navigator = {};","var window = {};","eval(pm.environment.get(\"module:jsrsasign\"));","var sPKCS8PEM = `-----BEGIN PRIVATE KEY-----","MIIEvQIBADANBgkqhkiG9w0BAQEFAASCBKcwggSjAgEAAoIBAQDWURasZ7txsM9u","qjaJ7Rlb/Nq1Y7UpHi0IhJzkyvhdNyaByHkSZsHxyNRqcHomcNU10JoJAKrPg4He","mcxf4/Uy/tUv1K/YC3QFmdXCVF0O8D5/MBbVMPfkT48xVB29PiLtpLZ7Ef+JD3+d","6FM+70UeseM2WWECT0N1pr4mH1DqBEKjBsxO3DtVpfZYZ6sn9hiGhK18IxMQgQh4","iO2qvc0JhrTpHmuwoUVbEMjtDQ/l4L239VixNJ1i7jKVYAbch7h3yiOV8vAX12hs","yPuvXIwPuw2+eWmJlHFDWKTvWbvRNHLyzBPURtnCrIHEE6/eO4uAaK2MkxPKb0/G","ewUFMGBPAgMBAAECggEBAKtPkhIpsNmF/al2AbZqgdTX33MSymKdrl2as1bnL3RD","e1JOjwi4ftroL3MNiXZkxukHX7lGgULy2cK3qXgU3ZDvxjU/i3fkX8+CUi3OBbzF","KQ+9vuKXC+/B8LH7jPISUxUmjn79ugczDk2IwdISrGuGwhpVg4e3GDNZH7GVYrZL","TvaWwZO1ZmCWhXX/5bkEHT3cmabnSoJYoYXiti/YoJ9cpXsSKpDGekvWpOlmUbyk","0yxEh+hJNwpRWlwukj5vjPl16WHzXCyZorU4hrhPM9O4vZXC72bL+bnu9E3J/9zL","hU1ZhBVqkA/P1UfjiNX8O6b3CyYBDUL8lMD0A5I1QvECgYEA7ucILoW/XNtojKzf","sswdLFz7ElwcALA2KbMY8HIR9Vsdt96bn3H7Q19Wj2nMgwgiLA+k336hG/xbMsdh","SuTqaC6q20WzuyYwBSRoIKEzFNdahokhe1r1BRO7djO9+0PgwxamuBE6+2mlaEJy","Ss6KzyYiUN2Tiz8j4xjAXK4qHIsCgYEA5aeeNW45J0f4SKl7WBE1Bxax3aWMzA6M","3LndRvhi49l3Zn/nRbJaYlb4HgJzGAIed+2SUT00UtnuHX/IOYsZZHQSpp6gqKdi","msXni8cMs4nT1yxtarf76FwtpSBr8P71NH5Gt/ElMcr/jJAF4ifu90+ZQt3LD/8N","0CCYM/vuL80CgYAIPBhxGhUdi0aQSskvLY/33oCdAmXItEo5p729VAFAdtKQavDs","Tw59JQUjzl7JSXd8E1H4jjHZeBpgprS40yktTCaBhmaKledj1fxs24GaP04UgxeP","W/REJ4j3qxLqXU2bC+XVRGrHDb4w2NF9uJ7aQxM9vFWAoD2Jb2n6B9rVvwKBgHRs","bUAZCNBpI+1yPh1/W6qkTrdW3fH0zmR3tT3tXfS0oltMLCqhKEECZfaQt1hMerXB","spOMu6Hk6Vn7Fb5WTiEm1u2xLTFS6iIcgi3SUxYRoVtMIowfiY1abalwrkgWeKiL","+730ei6sArF3sgPcysCFkeTcG72YR6BjZcW0yiNhAoGAc90exhjNfvYPZoAhYCBK","fGVbgPiZ1LUMvU0JyRoqPGIh3Mr1Q6dpvoqzQjk3Wn/cexZtgBo3JqPYSraukN2J","F3lJpzHhE7AHIonkHhJTRUbCWdYhObh+t8Vp6lV0RZKs7ARqWDc7djW5B/CWFk7p","jkW8GhgCHApKwC2+nqh5BPE=","-----END PRIVATE KEY-----`;","var prvKey = KEYUTIL.getKey(sPKCS8PEM);","var iss = postman.getGlobalVariable(\"client_id\")","var sub = postman.getGlobalVariable(\"client_id\")","var joseHeader = '{\"alg\":\"PS256\",\"kid\":\"xM10_DtbwIL3OK48qIfwb-2vGiI\"}'","var exp = Math.round(new Date().getTime()/1000) + 1200","var iat = Math.round(new Date().getTime()/1000)","console.log(\"time = \" + exp);","var payload = '{\"iss\": \"'+ iss +'\",\"aud\": \"' + pm.environment.get(\"aud_tok\") +'\",\"sub\":\"'+ sub +'\",\"exp\":'+ exp +'}';","var requestJwt = KJUR.jws.JWS.sign(\"PS256\", joseHeader, payload, prvKey);","postman.setGlobalVariable(\"client_Assertion\", requestJwt);"],"type":"text/javascript","id":"1d0e0894-7c4a-4789-bf04-0af306c74050"}}],"id":"247bc0e3-bb51-468b-9f40-63d5d13b7c5b","protocolProfileBehavior":{"disableBodyPruning":true},"request":{"method":"POST","header":[{"key":"Content-Type","value":"application/x-www-form-urlencoded"},{"key":"x-fapi-financial-id","value":"test"}],"body":{"mode":"urlencoded","urlencoded":[{"key":"grant_type","value":"refresh_token","type":"text"},{"key":"refresh_token","value":"qNnZs4ozZb5yZCpeWq7HkuGGqNU","type":"text"},{"key":"client_assertion_type","value":"urn:ietf:params:oauth:client-assertion-type:jwt-bearer","type":"text"},{"key":"client_assertion","value":"{{client_Assertion}}","type":"text"},{"key":"scope","value":"openid accounts","type":"text"},{"key":"client_id","value":"2aafc2e4-b113-4fe9-aa56-dec270c6fdb4","type":"text","disabled":true}]},"url":{"raw":"{{obie_url_token}}","host":["{{obie_url_token}}"]},"description":"AISP/PISP => ASPSP (HSBC)"},"response":[]},{"name":"12 - Get Account Access Consent Status","event":[{"listen":"test","script":{"exec":[""],"type":"text/javascript","id":"2f431f10-1b58-4113-88e3-c41f514739dc"}}],"id":"cf1175d5-4796-438c-a89c-5458b3bdabeb","protocolProfileBehavior":{"disableBodyPruning":true},"request":{"method":"GET","header":[{"key":"Content-Type","value":"application/json"},{"key":"Accept","value":"application/json"},{"key":"Authorization","value":"Bearer {{access_token_ccg}}"},{"key":"x-fapi-financial-id","value":"test"}],"body":{"mode":"raw","raw":""},"url":{"raw":"{{obie_url_aisp}}/account-access-consents/{{consent_id}}","host":["{{obie_url_aisp}}"],"path":["account-access-consents","{{consent_id}}"]},"description":"AISP/PISP => ASPSP (HSBC)"},"response":[]},{"name":"13 - Get Account List","event":[{"listen":"test","script":{"exec":["var jsonData = JSON.parse(responseBody);","tests[\"Contain AccountId\"] = (typeof jsonData.Data.Account[0].AccountId !== \"undefined\");","","console.log(\"Set account_identification = \" + jsonData.Data.Account[0].AccountId);","postman.setGlobalVariable(\"account_identification\", jsonData.Data.Account[0].AccountId);"],"type":"text/javascript","id":"cd5da5a4-08a4-4e27-9c19-a60926621ddb"}}],"id":"0449ac91-4ac1-4f22-b9e2-713b5b40ddc8","protocolProfileBehavior":{"disableBodyPruning":true},"request":{"method":"GET","header":[{"key":"Content-Type","value":"application/json"},{"key":"Accept","value":"application/json"},{"key":"Authorization","value":"Bearer {{access_token}}"},{"key":"x-fapi-financial-id","value":"test"}],"body":{"mode":"raw","raw":""},"url":{"raw":"{{obie_url_aisp}}/accounts","host":["{{obie_url_aisp}}"],"path":["accounts"]},"description":"AISP/PISP => ASPSP (HSBC)"},"response":[]},{"name":"Get Offers","event":[{"listen":"test","script":{"id":"371ce91f-e1ff-4dcc-a10f-5f64fddec30e","exec":["var jsonData = JSON.parse(responseBody);","tests[\"Contain AccountId\"] = (typeof jsonData.Data.Offer[0].AccountId !== \"undefined\");","","// console.log(\"Set account_identification = \" + jsonData.Data.Account[0].AccountId);","// postman.setGlobalVariable(\"account_identification\", jsonData.Data.Account[0].AccountId);"],"type":"text/javascript"}}],"id":"fdc1542b-da8f-488e-bbf7-d925b3869809","protocolProfileBehavior":{"disableBodyPruning":true},"request":{"method":"GET","header":[{"key":"Content-Type","value":"application/json"},{"key":"Accept","value":"application/json"},{"key":"Authorization","value":"Bearer {{access_token}}"},{"key":"x-fapi-financial-id","value":"test"}],"body":{"mode":"raw","raw":""},"url":{"raw":"{{obie_url_aisp}}/accounts/{{account_identification}}/offers","host":["{{obie_url_aisp}}"],"path":["accounts","{{account_identification}}","offers"]},"description":"AISP/PISP => ASPSP (HSBC)"},"response":[]},{"name":"13 - Get Account by accountID","event":[{"listen":"test","script":{"exec":[""],"type":"text/javascript","id":"edf04c01-95e8-4f32-8045-1e4b963638e1"}}],"id":"2bde0ec0-36f5-40a8-80aa-afe083c2b848","protocolProfileBehavior":{"disableBodyPruning":true},"request":{"method":"GET","header":[{"key":"Content-Type","value":"application/json"},{"key":"Accept","value":"application/json"},{"key":"Authorization","value":"Bearer {{access_token}}"},{"key":"x-fapi-financial-id","value":"test"}],"body":{"mode":"raw","raw":""},"url":{"raw":"{{obie_url_aisp}}/accounts/{{account_identification}}","host":["{{obie_url_aisp}}"],"path":["accounts","{{account_identification}}"]},"description":"AISP/PISP => ASPSP (HSBC)"},"response":[]},{"name":"13 - Get Balances","event":[{"listen":"test","script":{"exec":[""],"type":"text/javascript","id":"df6a0ff5-8b06-4def-a22f-729a1a124f2b"}}],"id":"74228b05-ff12-434c-bc0c-7d4120532cc2","protocolProfileBehavior":{"disableBodyPruning":true},"request":{"method":"GET","header":[{"key":"Content-Type","value":"application/json"},{"key":"Accept","value":"application/json"},{"key":"Authorization","value":"Bearer {{access_token}}"},{"key":"x-fapi-financial-id","value":"test"}],"body":{"mode":"raw","raw":""},"url":{"raw":"{{obie_url_aisp}}/accounts/{{account_identification}}/offers","host":["{{obie_url_aisp}}"],"path":["accounts","{{account_identification}}","offers"]},"description":"AISP/PISP => ASPSP (HSBC)"},"response":[]},{"name":"13 - Get Beneficiaries","event":[{"listen":"test","script":{"exec":[""],"type":"text/javascript","id":"8f50e2e2-fcde-4293-88c5-b68cbe3d289f"}}],"id":"97c726e6-311a-428b-a6ca-dcdc2cc0eaf9","protocolProfileBehavior":{"disableBodyPruning":true},"request":{"method":"GET","header":[{"key":"Content-Type","value":"application/json"},{"key":"Accept","value":"application/json"},{"key":"Authorization","value":"Bearer {{access_token}}"},{"key":"x-fapi-financial-id","value":"test"}],"body":{"mode":"raw","raw":""},"url":{"raw":"{{obie_url_aisp}}/accounts/{{account_identification}}/beneficiaries","host":["{{obie_url_aisp}}"],"path":["accounts","{{account_identification}}","beneficiaries"]},"description":"AISP/PISP => ASPSP (HSBC)"},"response":[]},{"name":"13 - Get Direct Debits List","event":[{"listen":"test","script":{"exec":[""],"type":"text/javascript","id":"f18296fa-ebde-4d53-8934-0a43bde9cc66"}}],"id":"0ce475c9-a98a-4f2b-a88d-ae2c1c61bedb","protocolProfileBehavior":{"disableBodyPruning":true},"request":{"method":"GET","header":[{"key":"Content-Type","value":"application/json"},{"key":"Accept","value":"application/json"},{"key":"Authorization","value":"Bearer {{access_token}}"},{"key":"x-fapi-financial-id","value":"test"}],"body":{"mode":"raw","raw":""},"url":{"raw":"{{obie_url_aisp}}/accounts/{{account_identification}}/direct-debits","host":["{{obie_url_aisp}}"],"path":["accounts","{{account_identification}}","direct-debits"]},"description":"AISP/PISP => ASPSP (HSBC)"},"response":[]},{"name":"13 - Get Standing Order","event":[{"listen":"test","script":{"exec":[""],"type":"text/javascript","id":"235c05b5-e86a-49b2-94e2-fe608fa38a74"}}],"id":"a8fa642a-1e81-4929-8752-68436ead2511","protocolProfileBehavior":{"disableBodyPruning":true},"request":{"method":"GET","header":[{"key":"Content-Type","value":"application/json"},{"key":"Accept","value":"application/json"},{"key":"Authorization","value":"Bearer {{access_token}}"},{"key":"x-fapi-financial-id","value":"test"}],"body":{"mode":"raw","raw":""},"url":{"raw":"{{obie_url_aisp}}/accounts/{{account_identification}}/standing-orders","host":["{{obie_url_aisp}}"],"path":["accounts","{{account_identification}}","standing-orders"]},"description":"AISP/PISP => ASPSP (HSBC)"},"response":[]},{"name":"13 - Get Products","event":[{"listen":"test","script":{"exec":[""],"type":"text/javascript","id":"167ca202-8935-4c9b-816a-8ca691571351"}}],"id":"aa5fdc8c-6459-4f7f-9ea9-1d32f3391fd9","protocolProfileBehavior":{"disableBodyPruning":true},"request":{"method":"GET","header":[{"key":"Content-Type","value":"application/json"},{"key":"Accept","value":"application/json"},{"key":"Authorization","value":"Bearer {{access_token}}"},{"key":"x-fapi-financial-id","value":"test"}],"body":{"mode":"raw","raw":""},"url":{"raw":"{{obie_url_aisp}}/accounts/{{account_identification}}/product","host":["{{obie_url_aisp}}"],"path":["accounts","{{account_identification}}","product"]},"description":"AISP/PISP => ASPSP (HSBC)"},"response":[]},{"name":"13 - Get Scheduled Payments","event":[{"listen":"test","script":{"exec":[""],"type":"text/javascript","id":"5fef0c50-e298-49cc-be20-536edbe656b6"}}],"id":"ab3b1a30-681c-4f48-b544-4f79c5e90f59","protocolProfileBehavior":{"disableBodyPruning":true},"request":{"method":"GET","header":[{"key":"Content-Type","value":"application/json"},{"key":"Accept","value":"application/json"},{"key":"Authorization","value":"Bearer {{access_token}}"},{"key":"x-fapi-financial-id","value":"test"}],"body":{"mode":"raw","raw":""},"url":{"raw":"{{obie_url_aisp}}/accounts/{{account_identification}}/scheduled-payments","host":["{{obie_url_aisp}}"],"path":["accounts","{{account_identification}}","scheduled-payments"]},"description":"AISP/PISP => ASPSP (HSBC)"},"response":[]},{"name":"13 - Get Transaction List","event":[{"listen":"test","script":{"exec":[""],"type":"text/javascript","id":"bb37ad6e-94a3-4af8-9cbb-5955068b9570"}}],"id":"1241dc2c-8897-473e-8dbb-9d8bdd3cc2ad","protocolProfileBehavior":{"disableBodyPruning":true},"request":{"method":"GET","header":[{"key":"Content-Type","value":"application/json"},{"key":"Accept","value":"application/json"},{"key":"Authorization","value":"Bearer {{access_token}}"},{"key":"x-fapi-financial-id","value":"test"}],"body":{"mode":"raw","raw":""},"url":{"raw":"{{obie_url_aisp}}/accounts/{{account_identification}}/transactions","host":["{{obie_url_aisp}}"],"path":["accounts","{{account_identification}}","transactions"]},"description":"AISP/PISP => ASPSP (HSBC)"},"response":[]}],"event":[{"listen":"prerequest","script":{"type":"text/javascript","exec":[""],"id":"2e95880c-ca77-4d03-89ea-2c6686e520fe"}},{"listen":"test","script":{"type":"text/javascript","exec":[""],"id":"f9d4e2c9-e251-458b-81f8-aee9a39eb2b0"}}]}