{"info":{"_postman_id":"b6fe8beb-7f98-402c-a522-47adb57f1cb9","name":"Login to RegHub","description":"This collection allows users to retrieve cognito token in order to access Registration Hub REST APIs.\nEach and every request in this collection contains `username` & `password` parameters. We have prepared set of requests for commonly used users eg. `adminMaker` & `adminChecker`. If You want to use some specific user, please update `username` & `password` parameters of request body for existing configuration or create new one.","schema":"https://schema.getpostman.com/json/collection/v2.1.0/collection.json"},"item":[{"name":"mocked Cognito","item":[{"name":"Login as Admin Checker","event":[{"listen":"test","script":{"id":"7122f582-e31a-43ad-a129-c335c3b80941","exec":["var locationHeader = postman.getResponseHeader(\"Location\");","id_token = locationHeader.split('id_token=').pop().split('&access_token')[0];","pm.globals.set(\"cognito_token\", id_token);"],"type":"text/javascript"}}],"id":"87f65bfe-2b94-4511-89a1-a3e6603c949e","protocolProfileBehavior":{"disableBodyPruning":true},"request":{"method":"POST","header":[{"key":"Cookie","value":"XSRF-TOKEN=22b9e836-43ee-43c3-92e9-e746ba520a87"}],"body":{"mode":"urlencoded","urlencoded":[{"key":"_csrf","value":"22b9e836-43ee-43c3-92e9-e746ba520a87","type":"text"},{"key":"username","value":"adminChecker","type":"text"},{"key":"password","value":"adminChecker1!","type":"text"}]},"url":{"raw":"{{mocked_cognito_url}}","host":["{{mocked_cognito_url}}"]},"description":"Before logging as different user, please remove `cognito` COOKIE from request"},"response":[]},{"name":"Login as Admin Checker Copy","event":[{"listen":"test","script":{"id":"015117f8-cfa7-48ab-9cb2-dc89e9ad8565","exec":["var locationHeader = postman.getResponseHeader(\"Location\");","id_token = locationHeader.split('id_token=').pop().split('&access_token')[0];","pm.globals.set(\"cognito_token\", id_token);"],"type":"text/javascript"}}],"id":"73e0b308-2d94-4df6-86d6-f1fb70dc90c8","protocolProfileBehavior":{"disableBodyPruning":true},"request":{"method":"POST","header":[{"key":"Cookie","value":"XSRF-TOKEN=22b9e836-43ee-43c3-92e9-e746ba520a87"}],"body":{"mode":"urlencoded","urlencoded":[{"key":"_csrf","value":"22b9e836-43ee-43c3-92e9-e746ba520a87","type":"text"},{"key":"username","value":"adminChecker","type":"text"},{"key":"password","value":"adminChecker1!","type":"text"}]},"url":{"raw":"{{mocked_cognito_url}}","host":["{{mocked_cognito_url}}"]},"description":"Before logging as different user, please remove `cognito` COOKIE from request"},"response":[]},{"name":"Login as Admin Maker","event":[{"listen":"test","script":{"id":"527d2f48-7ede-458a-8fc2-2f0f650b1a7e","exec":["var locationHeader = postman.getResponseHeader(\"Location\");","id_token = locationHeader.split('id_token=').pop().split('&access_token')[0];","pm.globals.set(\"cognito_token\", id_token);"],"type":"text/javascript"}}],"id":"05bf99c0-5f69-4cd6-81fd-509a95517aa8","protocolProfileBehavior":{"disableBodyPruning":true},"request":{"method":"POST","header":[{"key":"Cookie","value":"XSRF-TOKEN=e36716f5-6c0f-4a07-a2b4-d574ad8d1dbc"}],"body":{"mode":"urlencoded","urlencoded":[{"key":"_csrf","value":"e36716f5-6c0f-4a07-a2b4-d574ad8d1dbc","type":"text"},{"key":"username","value":"adminMaker","type":"text"},{"key":"password","value":"adminMaker1!","type":"text"}]},"url":{"raw":"{{mocked_cognito_url}}","host":["{{mocked_cognito_url}}"]},"description":"Before logging as different user, please remove `cognito` COOKIE from request"},"response":[]},{"name":"Login as M&S Maker","event":[{"listen":"test","script":{"id":"b17fedb2-94fe-4cff-8882-879c3192f8b3","exec":["var locationHeader = postman.getResponseHeader(\"Location\");","id_token = locationHeader.split('id_token=').pop().split('&access_token')[0];","pm.globals.set(\"cognito_token\", id_token);"],"type":"text/javascript"}}],"id":"48073e55-ee03-49b0-8d1f-636fa59dbb06","protocolProfileBehavior":{"disableBodyPruning":true},"request":{"method":"POST","header":[{"key":"Cookie","value":"XSRF-TOKEN=e36716f5-6c0f-4a07-a2b4-d574ad8d1dbc"}],"body":{"mode":"urlencoded","urlencoded":[{"key":"_csrf","value":"e36716f5-6c0f-4a07-a2b4-d574ad8d1dbc","type":"text"},{"key":"username","value":"msMaker","type":"text"},{"key":"password","value":"msMaker1!","type":"text"}]},"url":{"raw":"{{mocked_cognito_url}}","host":["{{mocked_cognito_url}}"]},"description":"Before logging as different user, please remove `cognito` COOKIE from request"},"response":[]},{"name":"Login as M&S Checker","event":[{"listen":"test","script":{"id":"ac1e78c4-6e6f-4acb-bdb2-94c2e8d6cdff","exec":["var locationHeader = postman.getResponseHeader(\"Location\");","id_token = locationHeader.split('id_token=').pop().split('&access_token')[0];","pm.globals.set(\"cognito_token\", id_token);"],"type":"text/javascript"}}],"id":"1574ae82-0b53-4c5b-a7d7-2bafd9a8558f","protocolProfileBehavior":{"disableBodyPruning":true},"request":{"method":"POST","header":[{"key":"Cookie","value":"XSRF-TOKEN=e36716f5-6c0f-4a07-a2b4-d574ad8d1dbc"}],"body":{"mode":"urlencoded","urlencoded":[{"key":"_csrf","value":"e36716f5-6c0f-4a07-a2b4-d574ad8d1dbc","type":"text"},{"key":"username","value":"msChecker","type":"text"},{"key":"password","value":"msChecker1!","type":"text"}]},"url":{"raw":"{{mocked_cognito_url}}","host":["{{mocked_cognito_url}}"]},"description":"Before logging as different user, please remove `cognito` COOKIE from request"},"response":[]},{"name":"Login as CyberSec Checker","event":[{"listen":"test","script":{"id":"1447ac0f-de96-4a66-a32a-5dbdaf968db9","exec":["var locationHeader = postman.getResponseHeader(\"Location\");","id_token = locationHeader.split('id_token=').pop().split('&access_token')[0];","pm.globals.set(\"cognito_token\", id_token);"],"type":"text/javascript"}}],"id":"3d4fa27c-0871-452b-a894-06fdf87763ad","protocolProfileBehavior":{"disableBodyPruning":true},"request":{"method":"POST","header":[{"key":"Cookie","value":"XSRF-TOKEN=e36716f5-6c0f-4a07-a2b4-d574ad8d1dbc"}],"body":{"mode":"urlencoded","urlencoded":[{"key":"_csrf","value":"e36716f5-6c0f-4a07-a2b4-d574ad8d1dbc","type":"text"},{"key":"username","value":"CyberSecChecker","type":"text"},{"key":"password","value":"CyberSecChecker1!","type":"text"}]},"url":{"raw":"{{mocked_cognito_url}}","host":["{{mocked_cognito_url}}"]},"description":"Before logging as different user, please remove `cognito` COOKIE from request"},"response":[]},{"name":"Login as CyberSec Maker","event":[{"listen":"test","script":{"id":"8a8c4f89-0186-4fa9-bfd2-e6a38d13495c","exec":["var locationHeader = postman.getResponseHeader(\"Location\");","id_token = locationHeader.split('id_token=').pop().split('&access_token')[0];","pm.globals.set(\"cognito_token\", id_token);"],"type":"text/javascript"}}],"id":"0208195a-11ee-4b6d-852f-18bf1e46ccc6","protocolProfileBehavior":{"disableBodyPruning":true},"request":{"method":"POST","header":[{"key":"Cookie","value":"XSRF-TOKEN=e36716f5-6c0f-4a07-a2b4-d574ad8d1dbc"}],"body":{"mode":"urlencoded","urlencoded":[{"key":"_csrf","value":"e36716f5-6c0f-4a07-a2b4-d574ad8d1dbc","type":"text"},{"key":"username","value":"CyberSecMaker","type":"text"},{"key":"password","value":"CyberSecMaker1!","type":"text"}]},"url":{"raw":"{{mocked_cognito_url}}","host":["{{mocked_cognito_url}}"]},"description":"Before logging as different user, please remove `cognito` COOKIE from request"},"response":[]},{"name":"Login as NotCyberSec Maker","event":[{"listen":"test","script":{"id":"c7cecb75-d0ae-40e1-9399-f6147f056e74","exec":["var locationHeader = postman.getResponseHeader(\"Location\");","id_token = locationHeader.split('id_token=').pop().split('&access_token')[0];","pm.globals.set(\"cognito_token\", id_token);"],"type":"text/javascript"}}],"id":"bbccc4db-0d47-4bcb-b789-8c194b2ce2ac","protocolProfileBehavior":{"disableBodyPruning":true},"request":{"method":"POST","header":[{"key":"Cookie","value":"XSRF-TOKEN=e36716f5-6c0f-4a07-a2b4-d574ad8d1dbc"}],"body":{"mode":"urlencoded","urlencoded":[{"key":"_csrf","value":"e36716f5-6c0f-4a07-a2b4-d574ad8d1dbc","type":"text"},{"key":"username","value":"NotCyberSecMaker","type":"text"},{"key":"password","value":"NotCyberSecMaker1!","type":"text"}]},"url":{"raw":"{{mocked_cognito_url}}","host":["{{mocked_cognito_url}}"]},"description":"Before logging as different user, please remove `cognito` COOKIE from request"},"response":[]},{"name":"Login as NotCyberSec Checker","event":[{"listen":"test","script":{"id":"2005590b-24b8-469f-a080-7077337575ef","exec":["var locationHeader = postman.getResponseHeader(\"Location\");","id_token = locationHeader.split('id_token=').pop().split('&access_token')[0];","pm.globals.set(\"cognito_token\", id_token);"],"type":"text/javascript"}}],"id":"2e95ebad-cd35-4be6-b717-279736aac647","protocolProfileBehavior":{"disableBodyPruning":true},"request":{"method":"POST","header":[{"key":"Cookie","value":"XSRF-TOKEN=e36716f5-6c0f-4a07-a2b4-d574ad8d1dbc"}],"body":{"mode":"urlencoded","urlencoded":[{"key":"_csrf","value":"e36716f5-6c0f-4a07-a2b4-d574ad8d1dbc","type":"text"},{"key":"username","value":"NotCyberSecChecker","type":"text"},{"key":"password","value":"NotCyberSecChecker1!","type":"text"}]},"url":{"raw":"{{mocked_cognito_url}}","host":["{{mocked_cognito_url}}"]},"description":"Before logging as different user, please remove `cognito` COOKIE from request"},"response":[]}],"id":"ac36f609-db71-4a82-ba4f-a0c6f76b8665","description":"These requests are authenticated against mocked cognito user pool with predefined users"},{"name":"ADFS Cognito","item":[{"name":"Login with HSBC staff credentials","event":[{"listen":"test","script":{"id":"6c1ed07e-86a6-49ae-a9b3-b4e08b55a33f","exec":["var locationHeader = postman.getResponseHeader(\"Location\");","id_token = locationHeader.split('id_token=').pop().split('&access_token')[0];","pm.globals.set(\"cognito_token\", id_token);"],"type":"text/javascript"}}],"id":"5130312c-73d1-4c1a-aee3-83ca4326ec13","protocolProfileBehavior":{"disableBodyPruning":true},"request":{"method":"POST","header":[{"key":"Cookie","value":"XSRF-TOKEN=22b9e836-43ee-43c3-92e9-e746ba520a87"}],"body":{"mode":"urlencoded","urlencoded":[{"key":"_csrf","value":"22b9e836-43ee-43c3-92e9-e746ba520a87","type":"text"},{"key":"username","value":"45043060","type":"text"},{"key":"password","value":"MasterOfKupsko7$,","type":"text"}]},"url":{"raw":"{{adfs_cognito_url}}","host":["{{adfs_cognito_url}}"]},"description":"In order to log in, please edit request Body configuration. There are `username` & `password` request parameters that You need to fill with Your HSBC staff credentials.\n\nIf You want to log as different user, please remove `cognito` COOKIE from request and execute request again."},"response":[]}],"id":"fcf2160c-793f-4175-ba7c-6868b55fe77c","description":"These requests are authenticated against cognito user pool with ADFS integration","event":[{"listen":"prerequest","script":{"id":"82601ede-35a1-41ec-9e14-93a5ca64a347","type":"text/javascript","exec":[""]}},{"listen":"test","script":{"id":"5dff9f1e-6448-44f3-aa3b-4ca8e59a6a2a","type":"text/javascript","exec":[""]}}]}],"event":[{"listen":"prerequest","script":{"id":"03d09abf-4cbf-49ea-a8c9-01f17c3c632a","type":"text/javascript","exec":[""]}},{"listen":"test","script":{"id":"55fde786-009f-472d-b426-a6ac010d17b7","type":"text/javascript","exec":[""]}}]}