{"info":{"_postman_id":"bffd5a3c-aef2-41c1-8037-2e24dfe3c851","name":"RegHub internal (make sure proxy is switch off in postman)","schema":"https://schema.getpostman.com/json/collection/v2.1.0/collection.json"},"item":[{"name":"GET external org by org code","event":[{"listen":"prerequest","script":{"id":"a9daf483-470d-4ea5-864f-46afd09a9798","exec":["    pm.environment.set('RESOURCE', '/v1/internal/external-organisations?externalOrganisationCode=HSBC');","    eval(pm.environment.get('AWS4_SIGNATURE_LIB'));","","const hostname = pm.environment.get('API_GATEWAY_DOMAIN');","const path = pm.environment.get('ENV_STAGE') + pm.environment.get('RESOURCE');","const accessKeyId = pm.environment.get('ACCESS_KEY_ID');","const secretAccessKey = pm.environment.get('SECRET_ACCESS_KEY');","const sessionToken = pm.environment.get('SESSION_TOKEN');","","// const requestBody = (!!pm.request.body && !!pm.request.body.raw) ? pm.request.body.raw : {};","// console.log(pm.request);","const signedRequest = sign({","    service: 'execute-api',","    method: 'GET',","    host: hostname,","    path: path","}, {","    accessKeyId: accessKeyId,","    secretAccessKey: secretAccessKey,","    sessionToken: sessionToken,","});","","pm.environment.set('COP-Authorization', signedRequest.headers.Authorization);","pm.environment.set('COP-X-Amz-Date', signedRequest.headers[\"X-Amz-Date\"]);","pm.environment.set('COP-X-Amz-Security-Token', signedRequest.headers[\"X-Amz-Security-Token\"]);"],"type":"text/javascript"}}],"id":"866108c6-2289-42fe-ac98-3313259346f4","protocolProfileBehavior":{"disableBodyPruning":true},"request":{"method":"GET","header":[{"key":"Authorization","value":"{{COP-Authorization}}","type":"text"},{"key":"X-Amz-Date","value":"{{COP-X-Amz-Date}}","type":"text"},{"key":"X-Amz-Security-Token","value":"{{COP-X-Amz-Security-Token}}","type":"text"}],"url":{"raw":"{{API_URL}}{{RESOURCE}}","host":["{{API_URL}}{{RESOURCE}}"]}},"response":[]},{"name":"Create external organisation","event":[{"listen":"prerequest","script":{"id":"0e82bb79-f5a1-4cb5-84c1-3a8d000dd40b","exec":["pm.environment.set('RESOURCE', '/v1/internal/external-organisations');","eval(pm.environment.get('AWS4_SIGNATURE_LIB'));","","const hostname = pm.environment.get('API_GATEWAY_DOMAIN');","const path = pm.environment.get('ENV_STAGE') + pm.environment.get('RESOURCE');","const accessKeyId = pm.environment.get('ACCESS_KEY_ID');","const secretAccessKey = pm.environment.get('SECRET_ACCESS_KEY');","const sessionToken = pm.environment.get('SESSION_TOKEN');","","const requestBody = pm.request.body.raw;","// console.log(pm.request);","const signedRequest = sign({","    service: 'execute-api',","    method: 'POST',","    host: hostname,","    path: path,","    body: requestBody","}, {","    accessKeyId: accessKeyId,","    secretAccessKey: secretAccessKey,","    sessionToken: sessionToken,","});","","pm.environment.set('COP-Authorization', signedRequest.headers.Authorization);","pm.environment.set('COP-X-Amz-Date', signedRequest.headers[\"X-Amz-Date\"]);","pm.environment.set('COP-X-Amz-Security-Token', signedRequest.headers[\"X-Amz-Security-Token\"]);"],"type":"text/javascript"}}],"id":"1ac416e8-4387-418a-a59f-203c16bcae3e","protocolProfileBehavior":{"disableBodyPruning":true},"request":{"method":"POST","header":[{"key":"Authorization","type":"text","value":"{{COP-Authorization}}"},{"key":"X-Amz-Date","type":"text","value":"{{COP-X-Amz-Date}}"},{"key":"X-Amz-Security-Token","type":"text","value":"{{COP-X-Amz-Security-Token}}"}],"body":{"mode":"raw","raw":"{\n  \"orgName\": \"HSBC M&S\",\n  \"orgId\" : \"321\",\n  \"orgCode\": \"HsbcBankCode\",\n  \"standardUuid\": \"e48154f9-3b01-4033-ba95-86c29a27e29c\",\n  \"justification\": \"Because I can\"\n}","options":{"raw":{"language":"json"}}},"url":{"raw":"{{API_URL}}{{RESOURCE}}","host":["{{API_URL}}{{RESOURCE}}"]}},"response":[]},{"name":"Create application registration (one step)","event":[{"listen":"prerequest","script":{"id":"fe117a49-98ed-465f-953c-5d1a3638de9e","exec":["pm.environment.set('RESOURCE', '/v1/internal/application-registrations');","eval(pm.environment.get('AWS4_SIGNATURE_LIB'));","","const hostname = pm.environment.get('API_GATEWAY_DOMAIN');","const path = pm.environment.get('ENV_STAGE') + pm.environment.get('RESOURCE');","const accessKeyId = pm.environment.get('ACCESS_KEY_ID');","const secretAccessKey = pm.environment.get('SECRET_ACCESS_KEY');","const sessionToken = pm.environment.get('SESSION_TOKEN');","","const requestBody = pm.request.body.raw;","// console.log(pm.request);","const signedRequest = sign({","    service: 'execute-api',","    method: 'POST',","    host: hostname,","    path: path,","    body: requestBody","}, {","    accessKeyId: accessKeyId,","    secretAccessKey: secretAccessKey,","    sessionToken: sessionToken,","});","","pm.environment.set('COP-Authorization', signedRequest.headers.Authorization);","pm.environment.set('COP-X-Amz-Date', signedRequest.headers[\"X-Amz-Date\"]);","pm.environment.set('COP-X-Amz-Security-Token', signedRequest.headers[\"X-Amz-Security-Token\"]);"],"type":"text/javascript"}}],"id":"22c7c790-e6ec-4f04-b007-a5f2f51a4980","protocolProfileBehavior":{"disableBodyPruning":true},"request":{"method":"POST","header":[{"key":"Authorization","type":"text","value":"{{COP-Authorization}}"},{"key":"X-Amz-Date","type":"text","value":"{{COP-X-Amz-Date}}"},{"key":"X-Amz-Security-Token","type":"text","value":"{{COP-X-Amz-Security-Token}}"}],"body":{"mode":"raw","raw":"{\n  \"orgName\": \"HSBC M&S\",\n  \"orgId\" : \"321\",\n  \"orgCode\": \"HsbcBankCode\",\n  \"standardUuid\": \"e48154f9-3b01-4033-ba95-86c29a27e29c\",\n  \"justification\": \"Because I can\"\n}","options":{"raw":{"language":"json"}}},"url":{"raw":"{{API_URL}}{{RESOURCE}}","host":["{{API_URL}}{{RESOURCE}}"]}},"response":[]},{"name":"GET registration Data","event":[{"listen":"prerequest","script":{"id":"c3b048f9-b1d5-4319-9a7c-620062ba980f","exec":["    pm.environment.set('RESOURCE', '/v1/internal/registrations-data?externalOrganisationCode=HSBC&applicationClientId=a5afa86e-6f4e-4c95-b6bc-8c7c7a077343&authorityRegistrationOrgId=00158000016i44JAAQ');","    eval(pm.environment.get('AWS4_SIGNATURE_LIB'));","","const hostname = pm.environment.get('API_GATEWAY_DOMAIN');","const path = pm.environment.get('ENV_STAGE') + pm.environment.get('RESOURCE');","const accessKeyId = pm.environment.get('ACCESS_KEY_ID');","const secretAccessKey = pm.environment.get('SECRET_ACCESS_KEY');","const sessionToken = pm.environment.get('SESSION_TOKEN');","","// const requestBody = (!!pm.request.body && !!pm.request.body.raw) ? pm.request.body.raw : {};","// console.log(pm.request);","const signedRequest = sign({","    service: 'execute-api',","    method: 'GET',","    host: hostname,","    path: path","}, {","    accessKeyId: accessKeyId,","    secretAccessKey: secretAccessKey,","    sessionToken: sessionToken,","});","","pm.environment.set('COP-Authorization', signedRequest.headers.Authorization);","pm.environment.set('COP-X-Amz-Date', signedRequest.headers[\"X-Amz-Date\"]);","pm.environment.set('COP-X-Amz-Security-Token', signedRequest.headers[\"X-Amz-Security-Token\"]);"],"type":"text/javascript"}}],"id":"fd492bc1-fbfb-41c0-b0e0-60434d7d8089","protocolProfileBehavior":{"disableBodyPruning":true},"request":{"method":"GET","header":[{"key":"Authorization","type":"text","value":"{{COP-Authorization}}"},{"key":"X-Amz-Date","type":"text","value":"{{COP-X-Amz-Date}}"},{"key":"X-Amz-Security-Token","type":"text","value":"{{COP-X-Amz-Security-Token}}"}],"url":{"raw":"{{API_URL}}{{RESOURCE}}","host":["{{API_URL}}{{RESOURCE}}"]}},"response":[]}],"event":[{"listen":"prerequest","script":{"id":"21e58e76-d3a3-4284-a54c-f00526eb96e7","type":"text/javascript","exec":[""]}},{"listen":"test","script":{"id":"e510c6d7-4ec5-4212-aeb3-9746fd1b7da9","type":"text/javascript","exec":[""]}}]}