{"info":{"_postman_id":"c2e2c6c8-e437-48f1-bfd9-3eb932644969","name":"OBIE AISP PSD2 MNS","schema":"https://schema.getpostman.com/json/collection/v2.1.0/collection.json"},"item":[{"name":"01 -  Register","event":[{"listen":"prerequest","script":{"id":"9da9cf75-a079-46f8-a388-5f87f850becc","exec":["var navigator = {};","var window = {};","eval(pm.environment.get(\"module:jsrsasign\"));","var sPKCS8PEM = `-----BEGIN PRIVATE KEY-----","MIIEvQIBADANBgkqhkiG9w0BAQEFAASCBKcwggSjAgEAAoIBAQChzaODZAvmrxEa","g+vMSEUoDB3A5X3koN56HbGqpQVH6Mu6BG1NarIh64mEBKI0GvM2nQxogXfZ57Gp","cwGgb5SChwVd/j6zP8aW2exZglDZwsLjctBbbraAEA2LgXh7pat5VdprNBLA9juC","bQRnRD83vhBhI+sIu373OStqIQ7EtCiqosGytkDOyb5LWz/gsTuRzbkCf0Hn2HLX","iDcuDTuQm9TSqx18X1oK3/pTKY2r7uQe2pbrdujn5O31NTTsfIvIQFQn592v7EeY","y6lFiURIx2abhhHo61BnnJIQokgGWNmtL4tgNuO29N6bdYdwtDjKQbpoL4aK9Y5T","aod09C7PAgMBAAECggEASzv8ANcfNYdHk6WtmZItHd7sYsoSzKEEcZGnD+qlVvdm","6zqtvCaVZ3JGwe0JouK5HjbOEzXIDblPAbRpGDlpu3uewkK60swfwfrYjBItF+QY","jHvRaAJFt6w/MBPmes/guI1z/w76fWDA8PdR6dZw8rFcml6CJdBQzBF4H2P5ovpF","zDGuBfsIupgRh32xZLsgn1Y0R4/TlHMK9sDk2hwzFVlfeG+riuW7ljbbZTJZd5Kj","fVFC3Ql1TXAbNe7RQOhPlYhtn+Ni3GrSZJt+GZCyymC+Kfr9rihl6ySlMJxON+O9","u60xqB0A28JQWwi28bbFXkPulQ/ExuaK9KiYCcLHIQKBgQD0gAmFcW6PKL1njuKV","2D7wkW9oiaHj4MRWkupn1wsPJOYy7FtHHiE0HCiMaIAihJk4RsMRuFNLKYHiBSDO","Y0LuAG6QR3H5SarkYH14g70qOjQlmsk8DZ+TUNiYGbDcH8b4VkNBVT2kjYQTH4ot","DY/f/G3CAu0XT5qSY6MuJo+BvwKBgQCpad63m6OxxPTsrca+MQj+TlAv8iW26Blq","kwgM/nAFlDCDe08FzZo+MdX4R1ep/i2IBeu3c4md53jgBIb2Nc7YbathVPJv9Nzu","c9fqvDZesytOJw+ncuw0BABq/w3cIoCG9Zl0KYwaTQIrzj0theHLX/nAFaIN/pSs","lrDwFzN28QKBgQDEsdh3DQknjFvLWuy4Ja6EtEuPKuIdRC5Pg4OmJB7WgRXcM78+","2GNX26tXQZ6LpmbpGixGLiZ8GhlOLlf1EW+/roND+OYc6YHcli96a2kb9pULB5oK","gN82kVyeCFT60WmtUSBsB9o+bkapZ78ufXGYfSgDY30/OqAcUqHtN8JNWwKBgHOt","K3r5VeuTTZ2yBotlFfv24z/puqDKmFgx7wRYU4srpXiRoOKYgeJHyw9NP2l+ef5v","9IR96pCcNefYj4LcONGFCMlb5HJXoudayCqquwEsm7wwZbrzeJ8HwHVOlFskX9hH","KLGtkNGAlaPtnc5QpV1lujXTT6T4mPHDrysw3F4xAoGAENJUj6zejLsddubXbq5Y","3Sg8mVaq6RPaOEI40SCQz1weMWWJYqLy0swssGnIzOB/tSLbq0vZ4CVVlJKqGnqo","hLlQb+Tt3ZQrWOXwwmbdq5QztroxJDV5sHn3Yuse1R4Uzean3n2HIb8YeqyBw8NA","siL7t3nAQPxtaltTB1HoDJ4=","-----END PRIVATE KEY-----`;","var prvKey = KEYUTIL.getKey(sPKCS8PEM);","var joseHeader = '{\"alg\":\"PS256\",\"kid\":\"90210\"}'","var software_client_id = Math.random().toString(22).substring(3, 14) + Math.random().toString(36).substring(3, 14);","console.log(\"time = \" + software_client_id);","","var payloadSoftwareStatement = '{\"software_mode\": \"TODO\", \"software_environment\": \"TODO\", \"software_client_uri\": \"https://TODO.com\",\"software_logo_uri\": \"https://TODO.com\",\"software_policy_uri\": \"https://TODO.com\",\"software_tos_uri\": \"https://TODO.com\",\"software_on_behalf_of_org\": \"https://TODO.com\",\"software_client_description\": \"software statement for testing purposes\",\"software_jwks_revoked_endpoint\": \"https://TODO.com\",\"software_roles\": [\"PISP\",\"CBPII\",\"AISP\"],\"org_jwks_endpoint\": \"https://TODO.com\",\"org_status\": \"Active\",\"org_contacts\": [],\"organisation_competent_authority_claims\": [],\"org_id\": \"5cb8572403f0df\",\"org_name\": \"obforgerocktest\",\"org_jwks_revoked_endpoint\": \"https://TODO.com\",\"software_client_name\": \"test\",\"iss\": \"ForgeRock\",\"iat\": 1556445993,\"jti\": \"45903DAE-3174-4E9E-9047-BBAE9C1A723F\",\"software_client_id\": \"' + software_client_id + '\",\"software_redirect_uris\": [\"https://google.com/\"],\"software_id\": \"' + software_client_id + '\",\"software_jwks_endpoint\": \"https://df7quiv5l02zk.cloudfront.net/jwks/public.jwks\"}'","var softwareStatement = KJUR.jws.JWS.sign(\"PS256\", joseHeader, payloadSoftwareStatement, prvKey);","","var payload = '{\"iss\": \"ForgeRock\",\"aud\": \"' + pm.environment.get(\"aud_reg\") +'\",\"scope\": \"openid payments accounts\",\"redirect_uris\": [\"https://google.com/\"],\"response_types\": [\"code id_token\"],\"grant_types\": [\"authorization_code\",\"refresh_token\",\"client_credentials\"],\"application_type\": \"web\",\"id_token_signed_response_alg\": \"PS256\",\"request_object_signing_alg\": \"PS256\",\"token_endpoint_auth_method\": \"private_key_jwt\",\"token_endpoint_auth_signing_alg\": \"PS256\",\"software_id\": \"' + software_client_id + '\",\"software_statement\":\"' + softwareStatement + '\",\"exp\": 1874206304,\"iat\": 1555506046,\"jti\": \"45903DAE-3174-4E9E-9047-BBAE9C1A723F\"}'  ","  var requestJwt = KJUR.jws.JWS.sign(\"PS256\", joseHeader, payload, prvKey);","pm.environment.set(\"requestJwt\", requestJwt);"],"type":"text/javascript"}},{"listen":"test","script":{"id":"ee069a6b-755d-4dda-8e79-98325bda08d6","exec":["tests[\"Status code is 201\"] = responseCode.code === 201;","","var jsonData = JSON.parse(responseBody);","tests[\"Contain ClientId\"] = (typeof jsonData.client_id !== \"undefined\");","","console.log(\"Set client_id = \" + jsonData.client_id);","pm.environment.set(\"client_id\", jsonData.client_id);"],"type":"text/javascript"}}],"id":"1b60f67e-7ea0-46c5-86bd-6c62347baff9","protocolProfileBehavior":{"disableBodyPruning":true},"request":{"auth":{"type":"noauth"},"method":"POST","header":[{"key":"Content-Type","name":"Content-Type","value":"application/jose","type":"text"}],"body":{"mode":"raw","raw":"{{requestJwt}}"},"url":{"raw":"{{obie_url_register}}","host":["{{obie_url_register}}"]}},"response":[]},{"name":"01 -  Register Copy","event":[{"listen":"prerequest","script":{"exec":["var navigator = {};","var window = {};","eval(pm.environment.get(\"module:jsrsasign\"));","var sPKCS8PEM = `-----BEGIN PRIVATE KEY-----","MIIEvQIBADANBgkqhkiG9w0BAQEFAASCBKcwggSjAgEAAoIBAQChzaODZAvmrxEa","g+vMSEUoDB3A5X3koN56HbGqpQVH6Mu6BG1NarIh64mEBKI0GvM2nQxogXfZ57Gp","cwGgb5SChwVd/j6zP8aW2exZglDZwsLjctBbbraAEA2LgXh7pat5VdprNBLA9juC","bQRnRD83vhBhI+sIu373OStqIQ7EtCiqosGytkDOyb5LWz/gsTuRzbkCf0Hn2HLX","iDcuDTuQm9TSqx18X1oK3/pTKY2r7uQe2pbrdujn5O31NTTsfIvIQFQn592v7EeY","y6lFiURIx2abhhHo61BnnJIQokgGWNmtL4tgNuO29N6bdYdwtDjKQbpoL4aK9Y5T","aod09C7PAgMBAAECggEASzv8ANcfNYdHk6WtmZItHd7sYsoSzKEEcZGnD+qlVvdm","6zqtvCaVZ3JGwe0JouK5HjbOEzXIDblPAbRpGDlpu3uewkK60swfwfrYjBItF+QY","jHvRaAJFt6w/MBPmes/guI1z/w76fWDA8PdR6dZw8rFcml6CJdBQzBF4H2P5ovpF","zDGuBfsIupgRh32xZLsgn1Y0R4/TlHMK9sDk2hwzFVlfeG+riuW7ljbbZTJZd5Kj","fVFC3Ql1TXAbNe7RQOhPlYhtn+Ni3GrSZJt+GZCyymC+Kfr9rihl6ySlMJxON+O9","u60xqB0A28JQWwi28bbFXkPulQ/ExuaK9KiYCcLHIQKBgQD0gAmFcW6PKL1njuKV","2D7wkW9oiaHj4MRWkupn1wsPJOYy7FtHHiE0HCiMaIAihJk4RsMRuFNLKYHiBSDO","Y0LuAG6QR3H5SarkYH14g70qOjQlmsk8DZ+TUNiYGbDcH8b4VkNBVT2kjYQTH4ot","DY/f/G3CAu0XT5qSY6MuJo+BvwKBgQCpad63m6OxxPTsrca+MQj+TlAv8iW26Blq","kwgM/nAFlDCDe08FzZo+MdX4R1ep/i2IBeu3c4md53jgBIb2Nc7YbathVPJv9Nzu","c9fqvDZesytOJw+ncuw0BABq/w3cIoCG9Zl0KYwaTQIrzj0theHLX/nAFaIN/pSs","lrDwFzN28QKBgQDEsdh3DQknjFvLWuy4Ja6EtEuPKuIdRC5Pg4OmJB7WgRXcM78+","2GNX26tXQZ6LpmbpGixGLiZ8GhlOLlf1EW+/roND+OYc6YHcli96a2kb9pULB5oK","gN82kVyeCFT60WmtUSBsB9o+bkapZ78ufXGYfSgDY30/OqAcUqHtN8JNWwKBgHOt","K3r5VeuTTZ2yBotlFfv24z/puqDKmFgx7wRYU4srpXiRoOKYgeJHyw9NP2l+ef5v","9IR96pCcNefYj4LcONGFCMlb5HJXoudayCqquwEsm7wwZbrzeJ8HwHVOlFskX9hH","KLGtkNGAlaPtnc5QpV1lujXTT6T4mPHDrysw3F4xAoGAENJUj6zejLsddubXbq5Y","3Sg8mVaq6RPaOEI40SCQz1weMWWJYqLy0swssGnIzOB/tSLbq0vZ4CVVlJKqGnqo","hLlQb+Tt3ZQrWOXwwmbdq5QztroxJDV5sHn3Yuse1R4Uzean3n2HIb8YeqyBw8NA","siL7t3nAQPxtaltTB1HoDJ4=","-----END PRIVATE KEY-----`;","var prvKey = KEYUTIL.getKey(sPKCS8PEM);","var joseHeader = '{\"alg\":\"PS256\",\"kid\":\"90210\"}'","var software_client_id = Math.random().toString(22).substring(3, 14) + Math.random().toString(36).substring(3, 14);","console.log(\"time = \" + software_client_id);","","var payloadSoftwareStatement = '{\"software_mode\": \"TODO\", \"software_environment\": \"TODO\", \"software_client_uri\": \"https://TODO.com\",\"software_logo_uri\": \"https://TODO.com\",\"software_policy_uri\": \"https://TODO.com\",\"software_tos_uri\": \"https://TODO.com\",\"software_on_behalf_of_org\": \"https://TODO.com\",\"software_client_description\": \"software statement for testing purposes\",\"software_jwks_revoked_endpoint\": \"https://TODO.com\",\"software_roles\": [\"PISP\",\"CBPII\",\"AISP\"],\"org_jwks_endpoint\": \"https://TODO.com\",\"org_status\": \"Active\",\"org_contacts\": [],\"organisation_competent_authority_claims\": [],\"org_id\": \"5cb8572403f0df\",\"org_name\": \"obforgerocktest\",\"org_jwks_revoked_endpoint\": \"https://TODO.com\",\"software_client_name\": \"test\",\"iss\": \"ForgeRock\",\"iat\": 1556445993,\"jti\": \"45903DAE-3174-4E9E-9047-BBAE9C1A723F\",\"software_client_id\": \"' + software_client_id + '\",\"software_redirect_uris\": [\"https://www.google.com/\"],\"software_id\": \"' + software_client_id + '\",\"software_jwks_endpoint\": \"https://df7quiv5l02zk.cloudfront.net/jwks/public.jwks\"}'","var softwareStatement = KJUR.jws.JWS.sign(\"PS256\", joseHeader, payloadSoftwareStatement, prvKey);","","var payload = '{\"iss\": \"ForgeRock\",\"aud\": \"' + pm.environment.get(\"aud_reg\") +'\",\"scope\": \"openid payments accounts\",\"redirect_uris\": [\"https://www.google.com/\"],\"response_types\": [\"code id_token\"],\"grant_types\": [\"authorization_code\",\"refresh_token\",\"client_credentials\"],\"application_type\": \"web\",\"id_token_signed_response_alg\": \"PS256\",\"request_object_signing_alg\": \"PS256\",\"token_endpoint_auth_method\": \"private_key_jwt\",\"token_endpoint_auth_signing_alg\": \"PS256\",\"software_id\": \"' + software_client_id + '\",\"software_statement\":\"' + softwareStatement + '\",\"exp\": 1874206304,\"iat\": 1555506046,\"jti\": \"45903DAE-3174-4E9E-9047-BBAE9C1A723F\"}'  ","  var requestJwt = KJUR.jws.JWS.sign(\"PS256\", joseHeader, payload, prvKey);","postman.setGlobalVariable(\"requestJwt\", requestJwt);"],"type":"text/javascript","id":"668bc081-6e5b-4cdc-920d-1f38a5d3ebbd"}},{"listen":"test","script":{"exec":["tests[\"Status code is 201\"] = responseCode.code === 201;","","var jsonData = JSON.parse(responseBody);","tests[\"Contain ClientId\"] = (typeof jsonData.client_id !== \"undefined\");","","console.log(\"Set client_id = \" + jsonData.client_id);","postman.setGlobalVariable(\"client_id\", jsonData.client_id);"],"type":"text/javascript","id":"4f07bf58-e957-4126-a36e-fff4e967aee1"}}],"id":"eb28db11-12e3-4af6-a643-7496c318c10b","protocolProfileBehavior":{"disableBodyPruning":true},"request":{"auth":{"type":"noauth"},"method":"GET","header":[{"key":"Content-Type","name":"Content-Type","value":"application/jose","type":"text"}],"body":{"mode":"raw","raw":""},"url":{"raw":"{{obie_url_register}}/","host":["{{obie_url_register}}"],"path":[""]}},"response":[]},{"name":"02 - Token Client Cred Grant","event":[{"listen":"prerequest","script":{"id":"02e71547-462d-4f42-bbb2-5b5a72f3db33","exec":["var navigator = {};","var window = {};","eval(pm.environment.get(\"module:jsrsasign\"));","var sPKCS8PEM = `-----BEGIN PRIVATE KEY-----","MIIEvQIBADANBgkqhkiG9w0BAQEFAASCBKcwggSjAgEAAoIBAQChzaODZAvmrxEa","g+vMSEUoDB3A5X3koN56HbGqpQVH6Mu6BG1NarIh64mEBKI0GvM2nQxogXfZ57Gp","cwGgb5SChwVd/j6zP8aW2exZglDZwsLjctBbbraAEA2LgXh7pat5VdprNBLA9juC","bQRnRD83vhBhI+sIu373OStqIQ7EtCiqosGytkDOyb5LWz/gsTuRzbkCf0Hn2HLX","iDcuDTuQm9TSqx18X1oK3/pTKY2r7uQe2pbrdujn5O31NTTsfIvIQFQn592v7EeY","y6lFiURIx2abhhHo61BnnJIQokgGWNmtL4tgNuO29N6bdYdwtDjKQbpoL4aK9Y5T","aod09C7PAgMBAAECggEASzv8ANcfNYdHk6WtmZItHd7sYsoSzKEEcZGnD+qlVvdm","6zqtvCaVZ3JGwe0JouK5HjbOEzXIDblPAbRpGDlpu3uewkK60swfwfrYjBItF+QY","jHvRaAJFt6w/MBPmes/guI1z/w76fWDA8PdR6dZw8rFcml6CJdBQzBF4H2P5ovpF","zDGuBfsIupgRh32xZLsgn1Y0R4/TlHMK9sDk2hwzFVlfeG+riuW7ljbbZTJZd5Kj","fVFC3Ql1TXAbNe7RQOhPlYhtn+Ni3GrSZJt+GZCyymC+Kfr9rihl6ySlMJxON+O9","u60xqB0A28JQWwi28bbFXkPulQ/ExuaK9KiYCcLHIQKBgQD0gAmFcW6PKL1njuKV","2D7wkW9oiaHj4MRWkupn1wsPJOYy7FtHHiE0HCiMaIAihJk4RsMRuFNLKYHiBSDO","Y0LuAG6QR3H5SarkYH14g70qOjQlmsk8DZ+TUNiYGbDcH8b4VkNBVT2kjYQTH4ot","DY/f/G3CAu0XT5qSY6MuJo+BvwKBgQCpad63m6OxxPTsrca+MQj+TlAv8iW26Blq","kwgM/nAFlDCDe08FzZo+MdX4R1ep/i2IBeu3c4md53jgBIb2Nc7YbathVPJv9Nzu","c9fqvDZesytOJw+ncuw0BABq/w3cIoCG9Zl0KYwaTQIrzj0theHLX/nAFaIN/pSs","lrDwFzN28QKBgQDEsdh3DQknjFvLWuy4Ja6EtEuPKuIdRC5Pg4OmJB7WgRXcM78+","2GNX26tXQZ6LpmbpGixGLiZ8GhlOLlf1EW+/roND+OYc6YHcli96a2kb9pULB5oK","gN82kVyeCFT60WmtUSBsB9o+bkapZ78ufXGYfSgDY30/OqAcUqHtN8JNWwKBgHOt","K3r5VeuTTZ2yBotlFfv24z/puqDKmFgx7wRYU4srpXiRoOKYgeJHyw9NP2l+ef5v","9IR96pCcNefYj4LcONGFCMlb5HJXoudayCqquwEsm7wwZbrzeJ8HwHVOlFskX9hH","KLGtkNGAlaPtnc5QpV1lujXTT6T4mPHDrysw3F4xAoGAENJUj6zejLsddubXbq5Y","3Sg8mVaq6RPaOEI40SCQz1weMWWJYqLy0swssGnIzOB/tSLbq0vZ4CVVlJKqGnqo","hLlQb+Tt3ZQrWOXwwmbdq5QztroxJDV5sHn3Yuse1R4Uzean3n2HIb8YeqyBw8NA","siL7t3nAQPxtaltTB1HoDJ4=","-----END PRIVATE KEY-----`;","var prvKey = KEYUTIL.getKey(sPKCS8PEM);","var iss = pm.environment.get(\"client_id\")","var sub = pm.environment.get(\"client_id\")","var joseHeader = '{\"alg\":\"PS256\",\"kid\":\"90210\"}'","var exp = Math.round(new Date().getTime()/1000) + 1200","var iat = Math.round(new Date().getTime()/1000)","console.log(\"time = \" + exp);","var payload = '{\"iss\": \"'+ iss +'\",\"aud\": \"' + pm.environment.get(\"aud_tok\") +'\",\"sub\":\"'+ sub +'\",\"exp\":'+ exp +'}';","var requestJwt = KJUR.jws.JWS.sign(\"PS256\", joseHeader, payload, prvKey);","pm.environment.set(\"client_Assertion\", requestJwt);"],"type":"text/javascript"}},{"listen":"test","script":{"id":"3679c0b8-628a-4de9-8114-4252495e7818","exec":["tests[\"Status code is 200\"] = responseCode.code === 200;","","var jsonData = JSON.parse(responseBody);","tests[\"Contain access_token\"] = (typeof jsonData.access_token !== \"undefined\");","","console.log(\"Set access_token_ccg = \" + jsonData.access_token);","pm.environment.set(\"access_token_ccg\", jsonData.access_token);"],"type":"text/javascript"}}],"id":"7492242c-dd13-4b54-bd14-a116ff734a1c","protocolProfileBehavior":{"disableBodyPruning":true},"request":{"auth":{"type":"noauth"},"method":"POST","header":[{"key":"Content-Type","name":"Content-Type","value":"application/x-www-form-urlencoded","type":"text"}],"body":{"mode":"urlencoded","urlencoded":[{"key":"grant_type","value":"client_credentials","type":"text"},{"key":"scope","value":"accounts","type":"text"},{"key":"client_assertion_type","value":"urn:ietf:params:oauth:client-assertion-type:jwt-bearer","type":"text"},{"key":"client_assertion","value":"{{client_Assertion}}","type":"text"},{"key":"client_id","value":"2aafc2e4-b113-4fe9-aa56-dec270c6fdb4","type":"text","disabled":true}]},"url":{"raw":"{{obie_url_token}}","host":["{{obie_url_token}}"]}},"response":[]},{"name":"03 - Account Access Consents","event":[{"listen":"test","script":{"id":"419dd3fb-1a67-465d-a8a8-e67cfc6729c9","exec":["var jsonData = JSON.parse(responseBody);","console.log(\"Set consent_id = \" + jsonData.Data.ConsentId);","pm.environment.set(\"consent_id\", jsonData.Data.ConsentId);"],"type":"text/javascript"}}],"id":"2f9936a2-17d8-4b63-b42b-6cf350dd19e8","protocolProfileBehavior":{"disableBodyPruning":true},"request":{"method":"POST","header":[{"key":"Content-Type","value":"application/json"},{"key":"Accept","value":"application/json"},{"key":"Authorization","value":"Bearer {{access_token_ccg}}"},{"key":"x-fapi-financial-id","value":"test"}],"body":{"mode":"raw","raw":"{\n  \"Data\": {\n     \"Permissions\": [\n            \"ReadAccountsBasic\",\n            \"ReadAccountsDetail\",\n            \"ReadPAN\",\n            \"ReadBalances\",\n            \"ReadBeneficiariesBasic\",\n            \"ReadBeneficiariesDetail\",\n            \"ReadDirectDebits\",\n            \"ReadParty\",\n            \"ReadProducts\",\n            \"ReadScheduledPaymentsBasic\",\n            \"ReadScheduledPaymentsDetail\",\n            \"ReadStandingOrdersBasic\",\n            \"ReadStandingOrdersDetail\",\n            \"ReadTransactionsBasic\",\n            \"ReadTransactionsDetail\",\n            \"ReadTransactionsCredits\",\n            \"ReadTransactionsDebits\"\n        ],\n        \"ExpirationDateTime\": \"2023-12-16T10:25:00.685Z\" \n  },\n  \"Risk\": {}\n}"},"url":{"raw":"{{obie_url_aisp}}/account-access-consents","host":["{{obie_url_aisp}}"],"path":["account-access-consents"]},"description":"AISP/PISP => ASPSP (HSBC)"},"response":[]},{"name":"04 -OpenAmAuthorize","event":[{"listen":"prerequest","script":{"id":"af851671-b29f-4932-905e-e6f657f6fd0e","exec":["var navigator = {};","var window = {};","eval(pm.environment.get(\"module:jsrsasign\"));","var sPKCS8PEM = `-----BEGIN PRIVATE KEY-----","MIIEvQIBADANBgkqhkiG9w0BAQEFAASCBKcwggSjAgEAAoIBAQChzaODZAvmrxEa","g+vMSEUoDB3A5X3koN56HbGqpQVH6Mu6BG1NarIh64mEBKI0GvM2nQxogXfZ57Gp","cwGgb5SChwVd/j6zP8aW2exZglDZwsLjctBbbraAEA2LgXh7pat5VdprNBLA9juC","bQRnRD83vhBhI+sIu373OStqIQ7EtCiqosGytkDOyb5LWz/gsTuRzbkCf0Hn2HLX","iDcuDTuQm9TSqx18X1oK3/pTKY2r7uQe2pbrdujn5O31NTTsfIvIQFQn592v7EeY","y6lFiURIx2abhhHo61BnnJIQokgGWNmtL4tgNuO29N6bdYdwtDjKQbpoL4aK9Y5T","aod09C7PAgMBAAECggEASzv8ANcfNYdHk6WtmZItHd7sYsoSzKEEcZGnD+qlVvdm","6zqtvCaVZ3JGwe0JouK5HjbOEzXIDblPAbRpGDlpu3uewkK60swfwfrYjBItF+QY","jHvRaAJFt6w/MBPmes/guI1z/w76fWDA8PdR6dZw8rFcml6CJdBQzBF4H2P5ovpF","zDGuBfsIupgRh32xZLsgn1Y0R4/TlHMK9sDk2hwzFVlfeG+riuW7ljbbZTJZd5Kj","fVFC3Ql1TXAbNe7RQOhPlYhtn+Ni3GrSZJt+GZCyymC+Kfr9rihl6ySlMJxON+O9","u60xqB0A28JQWwi28bbFXkPulQ/ExuaK9KiYCcLHIQKBgQD0gAmFcW6PKL1njuKV","2D7wkW9oiaHj4MRWkupn1wsPJOYy7FtHHiE0HCiMaIAihJk4RsMRuFNLKYHiBSDO","Y0LuAG6QR3H5SarkYH14g70qOjQlmsk8DZ+TUNiYGbDcH8b4VkNBVT2kjYQTH4ot","DY/f/G3CAu0XT5qSY6MuJo+BvwKBgQCpad63m6OxxPTsrca+MQj+TlAv8iW26Blq","kwgM/nAFlDCDe08FzZo+MdX4R1ep/i2IBeu3c4md53jgBIb2Nc7YbathVPJv9Nzu","c9fqvDZesytOJw+ncuw0BABq/w3cIoCG9Zl0KYwaTQIrzj0theHLX/nAFaIN/pSs","lrDwFzN28QKBgQDEsdh3DQknjFvLWuy4Ja6EtEuPKuIdRC5Pg4OmJB7WgRXcM78+","2GNX26tXQZ6LpmbpGixGLiZ8GhlOLlf1EW+/roND+OYc6YHcli96a2kb9pULB5oK","gN82kVyeCFT60WmtUSBsB9o+bkapZ78ufXGYfSgDY30/OqAcUqHtN8JNWwKBgHOt","K3r5VeuTTZ2yBotlFfv24z/puqDKmFgx7wRYU4srpXiRoOKYgeJHyw9NP2l+ef5v","9IR96pCcNefYj4LcONGFCMlb5HJXoudayCqquwEsm7wwZbrzeJ8HwHVOlFskX9hH","KLGtkNGAlaPtnc5QpV1lujXTT6T4mPHDrysw3F4xAoGAENJUj6zejLsddubXbq5Y","3Sg8mVaq6RPaOEI40SCQz1weMWWJYqLy0swssGnIzOB/tSLbq0vZ4CVVlJKqGnqo","hLlQb+Tt3ZQrWOXwwmbdq5QztroxJDV5sHn3Yuse1R4Uzean3n2HIb8YeqyBw8NA","siL7t3nAQPxtaltTB1HoDJ4=","-----END PRIVATE KEY----- `;","var prvKey = KEYUTIL.getKey(sPKCS8PEM);","var joseHeader = '{\"alg\":\"PS256\",\"kid\":\"90210\"}';","var client_id = pm.environment.get(\"client_id\");","var consent_id = pm.environment.get(\"consent_id\");","var payload = '{\"iss\":\"https://sandbox.hsbc.com/psd2/obie/v3.1/as/token.oauth2\",\"aud\": \"' + pm.environment.get(\"aud_auth\") +'\",\"response_type\":\"code id_token\",\"client_id\":\"'+client_id+'\",\"state\":\"lwMPIxDc9H\",\"exp\": 1874206304,\"redirect_uri\":\"https://google.com/\",\"nonce\":\"pLYLrLcNCF\",\"scope\":\"openid accounts\",\"claims\":{\"userinfo\":{\"openbanking_intent_id\":{\"value\":\"'+consent_id+'\",\"essential\":true}},\"id_token\":{\"openbanking_intent_id\":{\"essential\":true,\"value\":\"'+consent_id+'\"},\"acr\":{\"essential\":false,\"values\":[\"urn:openbanking:psd2:sca\",\"urn:openbanking:psd2:ca\"]}}}}';","var requestJwt = KJUR.jws.JWS.sign(\"PS256\", joseHeader, payload, prvKey);","pm.environment.set(\"requestJwt\", requestJwt);"],"type":"text/javascript"}},{"listen":"test","script":{"id":"e2989e75-ae65-4dc1-8f2a-45c978e2492d","exec":["tests[\"Status code is 302\"] = responseCode.code === 302;","","let locationHeader = postman.getResponseHeader(\"Location\");","","tests[\"Contain Location header\"] = (typeof locationHeader !== \"undefined\");","","let urlArray = locationHeader.split(\"?\");","tests[\"Location header has params\"] = urlArray.length == 2;","","let host = urlArray[0];","let params = urlArray[1].split(\"&\");","let containCode = false;","params.forEach(param => {","  let keyVal = param.split(\"=\");","  if (keyVal[0] == \"redirectJwt\") {","    console.log(\"Set authCode = \" + keyVal[1]);","    postman.setGlobalVariable(\"redirectJwt\", keyVal[1]);","    containCode = true;","  }","});","tests[\"Location header has authCode\"] = containCode;"],"type":"text/javascript"}}],"id":"68459082-a9f4-4442-863f-2db0af31ff0c","protocolProfileBehavior":{"disableBodyPruning":true},"request":{"method":"GET","header":[],"url":{"raw":"{{auth_url}}?response_type=code+id_token&client_id={{client_id}}&redirect_uri=https://google.com/&scope=openid+accounts&request={{requestJwt}}&nonce=W6Jr4WOZ27j9&state=lwMPIxDc9H&sub={{client_id}}","host":["{{auth_url}}"],"query":[{"key":"response_type","value":"code+id_token"},{"key":"client_id","value":"{{client_id}}"},{"key":"redirect_uri","value":"https://google.com/"},{"key":"scope","value":"openid+accounts"},{"key":"request","value":"{{requestJwt}}"},{"key":"nonce","value":"W6Jr4WOZ27j9"},{"key":"state","value":"lwMPIxDc9H"},{"key":"sub","value":"{{client_id}}"}]}},"response":[]},{"name":"05 - Consent - For UI Skip this step","event":[{"listen":"test","script":{"exec":["tests[\"Status code is 200\"] = responseCode.code === 200;",""],"type":"text/javascript","id":"c70f5b57-6285-4e5d-9cf5-dbc8a9107fe7"}}],"id":"ad704f39-5801-499e-a381-5fd30382dd97","protocolProfileBehavior":{"disableBodyPruning":true},"request":{"method":"GET","header":[{"key":"Content-Type","value":"application/json"},{"key":"Accept","value":"application/json"},{"warning":"This is a duplicate header and will be overridden by the Authorization header generated by Postman.","key":"Authorization","value":"Bearer {{redirectJwt}}","type":"text"}],"body":{"mode":"raw","raw":""},"url":{"raw":"{{obie_internal_url}}/customer-auth/data","host":["{{obie_internal_url}}"],"path":["customer-auth","data"]},"description":"The end user browser => ASPSP (HSBC)"},"response":[]},{"name":"otp_ob_e2e - For UI Skip this step","event":[{"listen":"test","script":{"id":"bdb2bacf-ddbd-4ae0-baf6-ae560f8f38de","exec":["var jsonData = JSON.parse(responseBody);","pm.environment.set(\"otp\", jsonData.token);",""],"type":"text/javascript"}}],"id":"2f0d1fc1-a4d1-4a5e-919a-6686d454c2fe","protocolProfileBehavior":{"disableBodyPruning":true},"request":{"method":"GET","header":[],"url":{"raw":"https://testingservices.cn.hsbc:8443/tokenApi/anonymous?accessKey={{access_key}}&username={{username}}&type=1","protocol":"https","host":["testingservices","cn","hsbc"],"port":"8443","path":["tokenApi","anonymous"],"query":[{"key":"accessKey","value":"{{access_key}}"},{"key":"user","value":"anonymous","disabled":true},{"key":"_","value":"1507025554649","disabled":true},{"key":"username","value":"{{username}}"},{"key":"type","value":"1"}]}},"response":[]},{"name":"06 - Authenticate - For UI Skip this step","event":[{"listen":"test","script":{"exec":["tests[\"Status code is 200\"] = responseCode.code === 200;"],"type":"text/javascript","id":"ec001443-11cf-4db9-bbb8-143ceef725a4"}}],"id":"f9fbb1ba-00b7-40ef-a2ef-1658715e9c1d","protocolProfileBehavior":{"disableBodyPruning":true},"request":{"method":"POST","header":[{"key":"content-Type","value":"application/json"},{"key":"Accept","value":"*/*","type":"text"},{"key":"Authorization","value":"Bearer {{redirectJwt}}","type":"text"}],"body":{"mode":"raw","raw":"{\n  \"authType\": \"SECURE_CODE\",\n  \"username\": \"{{username}}\",\n  \"secureCode\": {{otp}}\n}"},"url":{"raw":"{{obie_internal_url}}/customer-auth/authenticate","host":["{{obie_internal_url}}"],"path":["customer-auth","authenticate"]},"description":"The end user browser => ASPSP (HSBC)"},"response":[]},{"name":"07 - Accounts - For UI Skip this step","event":[{"listen":"test","script":{"id":"cd491fb1-98b6-4e1b-856a-29d28804b7b5","exec":["tests[\"Status code is 200\"] = responseCode.code === 200;","","var jsonData = JSON.parse(responseBody);","tests[\"Contain AccountId\"] = (typeof jsonData.accounts.account[0].scheme.identification !== \"undefined\");","","console.log(\"Set account_id = \" + jsonData.accounts.account[0].scheme.identification);","pm.environment.set(\"account_id\", jsonData.accounts.account[0].scheme.identification);"],"type":"text/javascript"}}],"id":"48e59a74-c169-4f13-998e-24186b982847","protocolProfileBehavior":{"disableBodyPruning":true},"request":{"method":"GET","header":[{"key":"content-Type","value":"application/json"},{"key":"Accept","value":"application/json"},{"key":"Authorization","value":"Bearer {{redirectJwt}}","type":"text"},{"key":"Signature","value":"Signature","type":"text"},{"key":"X-Request-Id","value":"12345678","type":"text"}],"url":{"raw":"{{obie_internal_url}}/customer-auth/accounts?withBalance=true","host":["{{obie_internal_url}}"],"path":["customer-auth","accounts"],"query":[{"key":"withBalance","value":"true"}]},"description":"The end user browser => ASPSP (HSBC)"},"response":[]},{"name":"08 - Put-consent - For UI Skip this step","event":[{"listen":"test","script":{"id":"e077cc38-11ed-409e-a9c9-c35e2bedfead","exec":["tests[\"Status code is 200\"] = responseCode.code === 200;"],"type":"text/javascript"}}],"id":"f97c9ac2-372a-4c51-ac66-c83a079f6309","protocolProfileBehavior":{"disableBodyPruning":true},"request":{"method":"PUT","header":[{"key":"Authorization","value":"Bearer {{redirectJwt}}"},{"key":"Accept","value":"application/json","type":"text"},{"key":"Content-Type","value":"application/json; charset=UTF-8","type":"text"}],"body":{"mode":"raw","raw":"{\n   \"permissions\": [\n      {\n         \"accounts\": [\n            {\n               \"schemeName\": \"UK.OBIE.PAN\",\n               \"identification\": \"{{account_id}}\"\n            }\n         ],\n         \"permission\": \"ReadAccountsBasic\"\n      },\n      {\n         \"accounts\": [\n            {\n               \"schemeName\": \"UK.OBIE.PAN\",\n               \"identification\": \"{{account_id}}\"\n            }\n         ],\n         \"permission\": \"ReadAccountsDetail\"\n      },\n      {\n         \"accounts\": [\n            {\n               \"schemeName\": \"UK.OBIE.PAN\",\n               \"identification\": \"{{account_id}}\"\n            }\n         ],\n         \"permission\": \"ReadPAN\"\n      },\n      {\n         \"accounts\": [\n            {\n               \"schemeName\": \"UK.OBIE.PAN\",\n               \"identification\": \"{{account_id}}\"\n            }\n         ],\n         \"permission\": \"ReadBalances\"\n      },\n      {\n         \"accounts\": [\n            {\n               \"schemeName\": \"UK.OBIE.PAN\",\n               \"identification\": \"{{account_id}}\"\n            }\n         ],\n         \"permission\": \"ReadBeneficiariesBasic\"\n      },\n      {\n         \"accounts\": [\n            {\n               \"schemeName\": \"UK.OBIE.PAN\",\n               \"identification\": \"{{account_id}}\"\n            }\n         ],\n         \"permission\": \"ReadBeneficiariesDetail\"\n      },\n      {\n         \"accounts\": [\n            {\n               \"schemeName\": \"UK.OBIE.PAN\",\n               \"identification\": \"{{account_id}}\"\n            }\n         ],\n         \"permission\": \"ReadDirectDebits\"\n      },\n      {\n         \"accounts\": [\n            {\n               \"schemeName\": \"UK.OBIE.PAN\",\n               \"identification\": \"{{account_id}}\"\n            }\n         ],\n         \"permission\": \"ReadParty\"\n      },\n      {\n         \"accounts\": [\n            {\n               \"schemeName\": \"UK.OBIE.PAN\",\n               \"identification\": \"{{account_id}}\"\n            }\n         ],\n         \"permission\": \"ReadProducts\"\n      },\n      {\n         \"accounts\": [\n            {\n               \"schemeName\": \"UK.OBIE.PAN\",\n               \"identification\": \"{{account_id}}\"\n            }\n         ],\n         \"permission\": \"ReadScheduledPaymentsBasic\"\n      },\n      {\n         \"accounts\": [\n            {\n               \"schemeName\": \"UK.OBIE.PAN\",\n               \"identification\": \"{{account_id}}\"\n            }\n         ],\n         \"permission\": \"ReadScheduledPaymentsDetail\"\n      },\n      {\n         \"accounts\": [\n            {\n               \"schemeName\": \"UK.OBIE.PAN\",\n               \"identification\": \"{{account_id}}\"\n            }\n         ],\n         \"permission\": \"ReadStandingOrdersBasic\"\n      },\n      {\n         \"accounts\": [\n            {\n               \"schemeName\": \"UK.OBIE.PAN\",\n               \"identification\": \"{{account_id}}\"\n            }\n         ],\n         \"permission\": \"ReadStandingOrdersDetail\"\n      },\n      {\n         \"accounts\": [\n            {\n               \"schemeName\": \"UK.OBIE.PAN\",\n               \"identification\": \"{{account_id}}\"\n            }\n         ],\n         \"permission\": \"ReadTransactionsBasic\"\n      },\n      {\n         \"accounts\": [\n            {\n               \"schemeName\": \"UK.OBIE.PAN\",\n               \"identification\": \"{{account_id}}\"\n            }\n         ],\n         \"permission\": \"ReadTransactionsDetail\"\n      },\n      {\n         \"accounts\": [\n            {\n               \"schemeName\": \"UK.OBIE.PAN\",\n               \"identification\": \"{{account_id}}\"\n            }\n         ],\n         \"permission\": \"ReadTransactionsCredits\"\n      },\n      {\n         \"accounts\": [\n            {\n               \"schemeName\": \"UK.OBIE.PAN\",\n               \"identification\": \"{{account_id}}\"\n            }\n         ],\n         \"permission\": \"ReadTransactionsDebits\"\n      }\n   ]\n}"},"url":{"raw":"{{obie_internal_url}}/customer-auth/consent","host":["{{obie_internal_url}}"],"path":["customer-auth","consent"]},"description":"The end user browser => ASPSP (HSBC)"},"response":[]},{"name":"09 - Consent-confirmation - For UI Skip this step","event":[{"listen":"test","script":{"id":"ad9234d6-b1b5-41a6-9b81-04cab68c67f3","exec":["tests[\"Status code is 200\"] = responseCode.code === 200;","","var jsonData = JSON.parse(responseBody);","tests[\"Contain access_token\"] = (typeof jsonData.auth_code !== \"undefined\");","pm.environment.set(\"auth_code\", jsonData.auth_code);"],"type":"text/javascript"}}],"id":"ba80675c-6cea-4a50-82b4-a7bc7743478c","protocolProfileBehavior":{"disableBodyPruning":true},"request":{"method":"POST","header":[{"key":"Content-Type","name":"Content-Type","value":"application/json","type":"text"},{"key":"Authorization","value":"Bearer {{redirectJwt}}"},{"key":"X-Request-ID","value":"X_REQUEST_ID","type":"text","disabled":true},{"key":"Accept","value":"*/*","type":"text","disabled":true},{"key":"Signature","value":"SIGNATURE","type":"text","disabled":true}],"body":{"mode":"raw","raw":"{\"authorisationStatus\":true}"},"url":{"raw":"{{obie_internal_url}}/customer-auth/confirmation","host":["{{obie_internal_url}}"],"path":["customer-auth","confirmation"]},"description":"The end user browser => ASPSP (HSBC)"},"response":[]},{"name":"10 - Token","event":[{"listen":"test","script":{"id":"5ea7aae6-b784-4c70-b0ab-6c72b015a69a","exec":["tests[\"Status code is 200\"] = responseCode.code === 200;","","var jsonData = JSON.parse(responseBody);","tests[\"Contain access_token\"] = (typeof jsonData.access_token !== \"undefined\");","tests[\"Contain refresh_token\"] = (typeof jsonData.refresh_token !== \"undefined\");","","","console.log(\"Set access_token = \" + jsonData.access_token);","pm.environment.set(\"access_token\", jsonData.access_token);","","console.log(\"Set refresh_token = \" + jsonData.refresh_token);","pm.environment.set(\"refresh_token\", jsonData.refresh_token);"],"type":"text/javascript"}},{"listen":"prerequest","script":{"id":"8a2513c0-65f8-428a-922a-21527be37ed5","exec":["var navigator = {};","var window = {};","eval(pm.environment.get(\"module:jsrsasign\"));","var sPKCS8PEM = `-----BEGIN PRIVATE KEY-----","MIIEvQIBADANBgkqhkiG9w0BAQEFAASCBKcwggSjAgEAAoIBAQChzaODZAvmrxEa","g+vMSEUoDB3A5X3koN56HbGqpQVH6Mu6BG1NarIh64mEBKI0GvM2nQxogXfZ57Gp","cwGgb5SChwVd/j6zP8aW2exZglDZwsLjctBbbraAEA2LgXh7pat5VdprNBLA9juC","bQRnRD83vhBhI+sIu373OStqIQ7EtCiqosGytkDOyb5LWz/gsTuRzbkCf0Hn2HLX","iDcuDTuQm9TSqx18X1oK3/pTKY2r7uQe2pbrdujn5O31NTTsfIvIQFQn592v7EeY","y6lFiURIx2abhhHo61BnnJIQokgGWNmtL4tgNuO29N6bdYdwtDjKQbpoL4aK9Y5T","aod09C7PAgMBAAECggEASzv8ANcfNYdHk6WtmZItHd7sYsoSzKEEcZGnD+qlVvdm","6zqtvCaVZ3JGwe0JouK5HjbOEzXIDblPAbRpGDlpu3uewkK60swfwfrYjBItF+QY","jHvRaAJFt6w/MBPmes/guI1z/w76fWDA8PdR6dZw8rFcml6CJdBQzBF4H2P5ovpF","zDGuBfsIupgRh32xZLsgn1Y0R4/TlHMK9sDk2hwzFVlfeG+riuW7ljbbZTJZd5Kj","fVFC3Ql1TXAbNe7RQOhPlYhtn+Ni3GrSZJt+GZCyymC+Kfr9rihl6ySlMJxON+O9","u60xqB0A28JQWwi28bbFXkPulQ/ExuaK9KiYCcLHIQKBgQD0gAmFcW6PKL1njuKV","2D7wkW9oiaHj4MRWkupn1wsPJOYy7FtHHiE0HCiMaIAihJk4RsMRuFNLKYHiBSDO","Y0LuAG6QR3H5SarkYH14g70qOjQlmsk8DZ+TUNiYGbDcH8b4VkNBVT2kjYQTH4ot","DY/f/G3CAu0XT5qSY6MuJo+BvwKBgQCpad63m6OxxPTsrca+MQj+TlAv8iW26Blq","kwgM/nAFlDCDe08FzZo+MdX4R1ep/i2IBeu3c4md53jgBIb2Nc7YbathVPJv9Nzu","c9fqvDZesytOJw+ncuw0BABq/w3cIoCG9Zl0KYwaTQIrzj0theHLX/nAFaIN/pSs","lrDwFzN28QKBgQDEsdh3DQknjFvLWuy4Ja6EtEuPKuIdRC5Pg4OmJB7WgRXcM78+","2GNX26tXQZ6LpmbpGixGLiZ8GhlOLlf1EW+/roND+OYc6YHcli96a2kb9pULB5oK","gN82kVyeCFT60WmtUSBsB9o+bkapZ78ufXGYfSgDY30/OqAcUqHtN8JNWwKBgHOt","K3r5VeuTTZ2yBotlFfv24z/puqDKmFgx7wRYU4srpXiRoOKYgeJHyw9NP2l+ef5v","9IR96pCcNefYj4LcONGFCMlb5HJXoudayCqquwEsm7wwZbrzeJ8HwHVOlFskX9hH","KLGtkNGAlaPtnc5QpV1lujXTT6T4mPHDrysw3F4xAoGAENJUj6zejLsddubXbq5Y","3Sg8mVaq6RPaOEI40SCQz1weMWWJYqLy0swssGnIzOB/tSLbq0vZ4CVVlJKqGnqo","hLlQb+Tt3ZQrWOXwwmbdq5QztroxJDV5sHn3Yuse1R4Uzean3n2HIb8YeqyBw8NA","siL7t3nAQPxtaltTB1HoDJ4=","-----END PRIVATE KEY-----`;","var prvKey = KEYUTIL.getKey(sPKCS8PEM);","var iss = pm.environment.get(\"client_id\")","var sub = pm.environment.get(\"client_id\")","var joseHeader = '{\"alg\":\"PS256\",\"kid\":\"90210\"}'","var exp = Math.round(new Date().getTime()/1000) + 1200","var iat = Math.round(new Date().getTime()/1000)","console.log(\"time = \" + exp);","var payload = '{\"iss\": \"'+ iss +'\",\"aud\": \"' + pm.environment.get(\"aud_tok\") +'\",\"sub\":\"'+ sub +'\",\"exp\":'+ exp +'}';","var requestJwt = KJUR.jws.JWS.sign(\"PS256\", joseHeader, payload, prvKey);","pm.environment.set(\"client_Assertion\", requestJwt);"],"type":"text/javascript"}}],"id":"7a65968f-c244-44a6-ab78-6c3b26eb45ae","protocolProfileBehavior":{"disableBodyPruning":true},"request":{"method":"POST","header":[{"key":"Content-Type","value":"application/x-www-form-urlencoded"}],"body":{"mode":"urlencoded","urlencoded":[{"key":"grant_type","value":"authorization_code","type":"text"},{"key":"code","value":"{{auth_code}}","type":"text"},{"key":"redirect_uri","value":"https://google.com/","type":"text"},{"key":"client_assertion_type","value":"urn:ietf:params:oauth:client-assertion-type:jwt-bearer","type":"text"},{"key":"client_assertion","value":"{{client_Assertion}}","type":"text"},{"key":"client_id","value":"2aafc2e4-b113-4fe9-aa56-dec270c6fdb4","type":"text","disabled":true}]},"url":{"raw":"{{obie_url_token}}","host":["{{obie_url_token}}"]},"description":"AISP/PISP => ASPSP (HSBC)"},"response":[]},{"name":"11 - Refresh Token (Optional)","event":[{"listen":"test","script":{"exec":["tests[\"Status code is 200\"] = responseCode.code === 200;","","var jsonData = JSON.parse(responseBody);","tests[\"Contain access_token\"] = (typeof jsonData.access_token !== \"undefined\");","","console.log(\"Set access_token = \" + jsonData.access_token);","postman.setGlobalVariable(\"access_token\", jsonData.access_token);","","console.log(\"Set refresh_token = \" + jsonData.refresh_token);","postman.setGlobalVariable(\"refresh_token\", jsonData.refresh_token);"],"type":"text/javascript","id":"0a871d1f-6a78-4549-881c-85533e7f6ebf"}},{"listen":"prerequest","script":{"exec":["var navigator = {};","var window = {};","eval(pm.environment.get(\"module:jsrsasign\"));","var sPKCS8PEM = `-----BEGIN PRIVATE KEY-----","MIIEvQIBADANBgkqhkiG9w0BAQEFAASCBKcwggSjAgEAAoIBAQDWURasZ7txsM9u","qjaJ7Rlb/Nq1Y7UpHi0IhJzkyvhdNyaByHkSZsHxyNRqcHomcNU10JoJAKrPg4He","mcxf4/Uy/tUv1K/YC3QFmdXCVF0O8D5/MBbVMPfkT48xVB29PiLtpLZ7Ef+JD3+d","6FM+70UeseM2WWECT0N1pr4mH1DqBEKjBsxO3DtVpfZYZ6sn9hiGhK18IxMQgQh4","iO2qvc0JhrTpHmuwoUVbEMjtDQ/l4L239VixNJ1i7jKVYAbch7h3yiOV8vAX12hs","yPuvXIwPuw2+eWmJlHFDWKTvWbvRNHLyzBPURtnCrIHEE6/eO4uAaK2MkxPKb0/G","ewUFMGBPAgMBAAECggEBAKtPkhIpsNmF/al2AbZqgdTX33MSymKdrl2as1bnL3RD","e1JOjwi4ftroL3MNiXZkxukHX7lGgULy2cK3qXgU3ZDvxjU/i3fkX8+CUi3OBbzF","KQ+9vuKXC+/B8LH7jPISUxUmjn79ugczDk2IwdISrGuGwhpVg4e3GDNZH7GVYrZL","TvaWwZO1ZmCWhXX/5bkEHT3cmabnSoJYoYXiti/YoJ9cpXsSKpDGekvWpOlmUbyk","0yxEh+hJNwpRWlwukj5vjPl16WHzXCyZorU4hrhPM9O4vZXC72bL+bnu9E3J/9zL","hU1ZhBVqkA/P1UfjiNX8O6b3CyYBDUL8lMD0A5I1QvECgYEA7ucILoW/XNtojKzf","sswdLFz7ElwcALA2KbMY8HIR9Vsdt96bn3H7Q19Wj2nMgwgiLA+k336hG/xbMsdh","SuTqaC6q20WzuyYwBSRoIKEzFNdahokhe1r1BRO7djO9+0PgwxamuBE6+2mlaEJy","Ss6KzyYiUN2Tiz8j4xjAXK4qHIsCgYEA5aeeNW45J0f4SKl7WBE1Bxax3aWMzA6M","3LndRvhi49l3Zn/nRbJaYlb4HgJzGAIed+2SUT00UtnuHX/IOYsZZHQSpp6gqKdi","msXni8cMs4nT1yxtarf76FwtpSBr8P71NH5Gt/ElMcr/jJAF4ifu90+ZQt3LD/8N","0CCYM/vuL80CgYAIPBhxGhUdi0aQSskvLY/33oCdAmXItEo5p729VAFAdtKQavDs","Tw59JQUjzl7JSXd8E1H4jjHZeBpgprS40yktTCaBhmaKledj1fxs24GaP04UgxeP","W/REJ4j3qxLqXU2bC+XVRGrHDb4w2NF9uJ7aQxM9vFWAoD2Jb2n6B9rVvwKBgHRs","bUAZCNBpI+1yPh1/W6qkTrdW3fH0zmR3tT3tXfS0oltMLCqhKEECZfaQt1hMerXB","spOMu6Hk6Vn7Fb5WTiEm1u2xLTFS6iIcgi3SUxYRoVtMIowfiY1abalwrkgWeKiL","+730ei6sArF3sgPcysCFkeTcG72YR6BjZcW0yiNhAoGAc90exhjNfvYPZoAhYCBK","fGVbgPiZ1LUMvU0JyRoqPGIh3Mr1Q6dpvoqzQjk3Wn/cexZtgBo3JqPYSraukN2J","F3lJpzHhE7AHIonkHhJTRUbCWdYhObh+t8Vp6lV0RZKs7ARqWDc7djW5B/CWFk7p","jkW8GhgCHApKwC2+nqh5BPE=","-----END PRIVATE KEY-----`;","var prvKey = KEYUTIL.getKey(sPKCS8PEM);","var iss = postman.getGlobalVariable(\"client_id\")","var sub = postman.getGlobalVariable(\"client_id\")","var joseHeader = '{\"alg\":\"PS256\",\"kid\":\"xM10_DtbwIL3OK48qIfwb-2vGiI\"}'","var exp = Math.round(new Date().getTime()/1000) + 1200","var iat = Math.round(new Date().getTime()/1000)","console.log(\"time = \" + exp);","var payload = '{\"iss\": \"'+ iss +'\",\"aud\": \"' + pm.environment.get(\"aud_tok\") +'\",\"sub\":\"'+ sub +'\",\"exp\":'+ exp +'}';","var requestJwt = KJUR.jws.JWS.sign(\"PS256\", joseHeader, payload, prvKey);","postman.setGlobalVariable(\"client_Assertion\", requestJwt);"],"type":"text/javascript","id":"a8403756-810a-4f9f-8c42-0fb39c44ac2c"}}],"id":"887dc06f-a810-4e2e-b64f-693686e43e26","protocolProfileBehavior":{"disableBodyPruning":true},"request":{"method":"POST","header":[{"key":"Content-Type","value":"application/x-www-form-urlencoded"},{"key":"x-fapi-financial-id","value":"test"}],"body":{"mode":"urlencoded","urlencoded":[{"key":"grant_type","value":"refresh_token","type":"text"},{"key":"refresh_token","value":"qNnZs4ozZb5yZCpeWq7HkuGGqNU","type":"text"},{"key":"client_assertion_type","value":"urn:ietf:params:oauth:client-assertion-type:jwt-bearer","type":"text"},{"key":"client_assertion","value":"{{client_Assertion}}","type":"text"},{"key":"scope","value":"openid accounts","type":"text"},{"key":"client_id","value":"2aafc2e4-b113-4fe9-aa56-dec270c6fdb4","type":"text","disabled":true}]},"url":{"raw":"{{obie_url_token}}","host":["{{obie_url_token}}"]},"description":"AISP/PISP => ASPSP (HSBC)"},"response":[]},{"name":"13 - Get Account List","event":[{"listen":"test","script":{"id":"b835bf94-532f-4b5b-bcdf-b8e8d4f582e1","exec":["var jsonData = JSON.parse(responseBody);","tests[\"Contain AccountId\"] = (typeof jsonData.Data.Account[0].AccountId !== \"undefined\");","","console.log(\"Set account_identification = \" + jsonData.Data.Account[0].AccountId);","pm.environment.set(\"account_identification\", jsonData.Data.Account[0].AccountId);"],"type":"text/javascript"}}],"id":"1fa6d589-67c7-4c33-9a82-8d7ae18c4f6d","protocolProfileBehavior":{"disableBodyPruning":true},"request":{"method":"GET","header":[{"key":"Content-Type","value":"application/json"},{"key":"Accept","value":"application/json"},{"key":"Authorization","value":"Bearer {{access_token}}"},{"key":"x-fapi-financial-id","value":"test"}],"body":{"mode":"raw","raw":""},"url":{"raw":"{{obie_url_aisp}}/accounts","host":["{{obie_url_aisp}}"],"path":["accounts"]},"description":"AISP/PISP => ASPSP (HSBC)"},"response":[]},{"name":"13 - Get Account by accountID","event":[{"listen":"test","script":{"exec":[""],"type":"text/javascript","id":"23bfb77b-50bc-4ccf-a97f-33b30b0d7097"}}],"id":"2517d228-12fa-40f2-a7be-306da2a5fd43","protocolProfileBehavior":{"disableBodyPruning":true},"request":{"method":"GET","header":[{"key":"Content-Type","value":"application/json"},{"key":"Accept","value":"application/json"},{"key":"Authorization","value":"Bearer {{access_token}}"},{"key":"x-fapi-financial-id","value":"test"}],"body":{"mode":"raw","raw":""},"url":{"raw":"{{obie_url_aisp}}/accounts/{{account_identification}}","host":["{{obie_url_aisp}}"],"path":["accounts","{{account_identification}}"]},"description":"AISP/PISP => ASPSP (HSBC)"},"response":[]},{"name":"13 - Get Offers","event":[{"listen":"test","script":{"exec":[""],"type":"text/javascript","id":"442738b7-6b60-45dd-b888-541c8bbd8611"}}],"id":"3fcb5499-7d22-4b95-99b5-cbec24bd445c","protocolProfileBehavior":{"disableBodyPruning":true},"request":{"method":"GET","header":[{"key":"Content-Type","value":"application/json"},{"key":"Accept","value":"application/json"},{"key":"Authorization","value":"Bearer {{access_token}}"},{"key":"x-fapi-financial-id","value":"test"}],"body":{"mode":"raw","raw":""},"url":{"raw":"{{obie_url_aisp}}/accounts/{{account_identification}}/offers","host":["{{obie_url_aisp}}"],"path":["accounts","{{account_identification}}","offers"]},"description":"AISP/PISP => ASPSP (HSBC)"},"response":[]},{"name":"13 - Get Balances","event":[{"listen":"test","script":{"exec":[""],"type":"text/javascript","id":"c23b1690-7cdd-4ca5-800b-f5449ee8f658"}}],"id":"98b3971d-2339-40d4-a4e7-45192ec699aa","protocolProfileBehavior":{"disableBodyPruning":true},"request":{"method":"GET","header":[{"key":"Content-Type","value":"application/json"},{"key":"Accept","value":"application/json"},{"key":"Authorization","value":"Bearer {{access_token}}"},{"key":"x-fapi-financial-id","value":"test"}],"body":{"mode":"raw","raw":""},"url":{"raw":"{{obie_url_aisp}}/accounts/{{account_identification}}/balances","host":["{{obie_url_aisp}}"],"path":["accounts","{{account_identification}}","balances"]},"description":"AISP/PISP => ASPSP (HSBC)"},"response":[]},{"name":"13 - Get Beneficiaries","event":[{"listen":"test","script":{"exec":[""],"type":"text/javascript","id":"e842d2c7-11c7-48e8-88e1-be908b2e0345"}}],"id":"978fc08f-ac99-4d4f-baaf-50ee0dbd08fb","protocolProfileBehavior":{"disableBodyPruning":true},"request":{"method":"GET","header":[{"key":"Content-Type","value":"application/json"},{"key":"Accept","value":"application/json"},{"key":"Authorization","value":"Bearer {{access_token}}"},{"key":"x-fapi-financial-id","value":"test"}],"body":{"mode":"raw","raw":""},"url":{"raw":"{{obie_url_aisp}}/accounts/{{account_identification}}/beneficiaries","host":["{{obie_url_aisp}}"],"path":["accounts","{{account_identification}}","beneficiaries"]},"description":"AISP/PISP => ASPSP (HSBC)"},"response":[]},{"name":"13 - Get Direct Debits List","event":[{"listen":"test","script":{"exec":[""],"type":"text/javascript","id":"abf8804b-afd7-4de3-9a4d-e71d447d4fa7"}}],"id":"99e74e00-c3dd-4cbe-86ea-1b7f6e22109c","protocolProfileBehavior":{"disableBodyPruning":true},"request":{"method":"GET","header":[{"key":"Content-Type","value":"application/json"},{"key":"Accept","value":"application/json"},{"key":"Authorization","value":"Bearer {{access_token}}"},{"key":"x-fapi-financial-id","value":"test"}],"body":{"mode":"raw","raw":""},"url":{"raw":"{{obie_url_aisp}}/accounts/{{account_identification}}/direct-debits","host":["{{obie_url_aisp}}"],"path":["accounts","{{account_identification}}","direct-debits"]},"description":"AISP/PISP => ASPSP (HSBC)"},"response":[]},{"name":"13 - Get Standing Order","event":[{"listen":"test","script":{"exec":[""],"type":"text/javascript","id":"45f0e858-8f23-49f3-a060-91a39b917364"}}],"id":"aa748877-f9b1-4b73-bc3c-3ce1c35e57c1","protocolProfileBehavior":{"disableBodyPruning":true},"request":{"method":"GET","header":[{"key":"Content-Type","value":"application/json"},{"key":"Accept","value":"application/json"},{"key":"Authorization","value":"Bearer {{access_token}}"},{"key":"x-fapi-financial-id","value":"test"}],"body":{"mode":"raw","raw":""},"url":{"raw":"{{obie_url_aisp}}/accounts/{{account_identification}}/standing-orders","host":["{{obie_url_aisp}}"],"path":["accounts","{{account_identification}}","standing-orders"]},"description":"AISP/PISP => ASPSP (HSBC)"},"response":[]},{"name":"13 - Get Products","event":[{"listen":"test","script":{"exec":[""],"type":"text/javascript","id":"56a8fb8c-8e89-48da-bd3f-6ad1530be182"}}],"id":"4acf8901-b733-4c2e-ad10-4960496cf39f","protocolProfileBehavior":{"disableBodyPruning":true},"request":{"method":"GET","header":[{"key":"Content-Type","value":"application/json"},{"key":"Accept","value":"application/json"},{"key":"Authorization","value":"Bearer {{access_token}}"},{"key":"x-fapi-financial-id","value":"test"}],"body":{"mode":"raw","raw":""},"url":{"raw":"{{obie_url_aisp}}/accounts/{{account_identification}}/product","host":["{{obie_url_aisp}}"],"path":["accounts","{{account_identification}}","product"]},"description":"AISP/PISP => ASPSP (HSBC)"},"response":[]},{"name":"13 - Get Scheduled Payments","event":[{"listen":"test","script":{"exec":[""],"type":"text/javascript","id":"06786e47-aa09-4721-890b-b4214f3f7ecf"}}],"id":"785281f4-6544-45ce-85de-c21c6797d732","protocolProfileBehavior":{"disableBodyPruning":true},"request":{"method":"GET","header":[{"key":"Content-Type","value":"application/json"},{"key":"Accept","value":"application/json"},{"key":"Authorization","value":"Bearer {{access_token}}"},{"key":"x-fapi-financial-id","value":"test"}],"body":{"mode":"raw","raw":""},"url":{"raw":"{{obie_url_aisp}}/accounts/{{account_identification}}/scheduled-payments","host":["{{obie_url_aisp}}"],"path":["accounts","{{account_identification}}","scheduled-payments"]},"description":"AISP/PISP => ASPSP (HSBC)"},"response":[]},{"name":"13 - Get Transaction List","event":[{"listen":"test","script":{"exec":[""],"type":"text/javascript","id":"33a14859-5caf-4119-b52f-034f668b7863"}}],"id":"0d43235e-d1cd-4a8e-896d-2ad08e424568","protocolProfileBehavior":{"disableBodyPruning":true},"request":{"method":"GET","header":[{"key":"Content-Type","value":"application/json"},{"key":"Accept","value":"application/json"},{"key":"Authorization","value":"Bearer {{access_token}}"},{"key":"x-fapi-financial-id","value":"test"}],"body":{"mode":"raw","raw":""},"url":{"raw":"{{obie_url_aisp}}/accounts/{{account_identification}}/transactions","host":["{{obie_url_aisp}}"],"path":["accounts","{{account_identification}}","transactions"]},"description":"AISP/PISP => ASPSP (HSBC)"},"response":[]},{"name":"12 - Get Account Access Consent Status","event":[{"listen":"test","script":{"exec":[""],"type":"text/javascript","id":"84b32b36-f61a-4905-8dd8-7205f2047a87"}}],"id":"53c90970-e1ff-4b8f-8bf2-6d222194ebdf","protocolProfileBehavior":{"disableBodyPruning":true},"request":{"method":"GET","header":[{"key":"Content-Type","value":"application/json"},{"key":"Accept","value":"application/json"},{"key":"Authorization","value":"Bearer {{access_token_ccg}}"},{"key":"x-fapi-financial-id","value":"test"}],"body":{"mode":"raw","raw":""},"url":{"raw":"{{obie_url_aisp}}/account-access-consents/{{consent_id}}","host":["{{obie_url_aisp}}"],"path":["account-access-consents","{{consent_id}}"]},"description":"AISP/PISP => ASPSP (HSBC)"},"response":[]},{"name":"12 - Get Account Access Consent Status Copy","event":[{"listen":"test","script":{"exec":[""],"type":"text/javascript","id":"e4842d74-ee02-480d-ac2e-26072dbb29ee"}}],"id":"b375dd10-aef8-42c3-b0b7-b2d04f7e9464","protocolProfileBehavior":{"disableBodyPruning":true},"request":{"method":"DELETE","header":[{"key":"Content-Type","value":"application/json"},{"key":"Accept","value":"application/json"},{"key":"Authorization","value":"Bearer {{access_token_ccg}}"},{"key":"x-fapi-financial-id","value":"test"}],"body":{"mode":"raw","raw":""},"url":{"raw":"{{obie_url_aisp}}/account-access-consents/{{consent_id}}","host":["{{obie_url_aisp}}"],"path":["account-access-consents","{{consent_id}}"]},"description":"AISP/PISP => ASPSP (HSBC)"},"response":[]}],"event":[{"listen":"prerequest","script":{"type":"text/javascript","exec":[""],"id":"83f6d9a8-3e68-4b02-bc98-e430ba251ce6"}},{"listen":"test","script":{"type":"text/javascript","exec":[""],"id":"7430d009-0412-4906-88a3-8e9435d5ee9a"}}]}