{"info":{"_postman_id":"c7252d04-3892-454f-aa26-89b29eee7016","name":"Tools Utilities","schema":"https://schema.getpostman.com/json/collection/v2.1.0/collection.json"},"item":[{"name":"APP","item":[{"name":"Get App","event":[{"listen":"test","script":{"id":"a4f73e21-83d3-40b1-ac08-e77716212a6c","exec":[""],"type":"text/javascript"}},{"listen":"prerequest","script":{"id":"6ffd3120-3413-48c2-8ed6-efb2e6213a86","exec":["var navigator = {};","var window = {};","eval(pm.environment.get(\"module:jsrsasign\"));","var sPKCS8PEM = `-----BEGIN RSA PRIVATE KEY-----","MIIEpAIBAAKCAQEA56KSNONY/PNFlsJiCDqGdySbm4Mi2yjNM/6WlsPJH72Sh9i6","hOaW7J1w/LH+ZWn7ArkunTArAyoqtWXMxoKnQcBZOde7vV9S3kL7TAyZKdQz4GeG","ewG6XHKg4ExQ6lzE+Oz0JDRXPNdp7sXJ8/IYqf1hGVtkCYIHZbwRQVsGDyWFMcTf","QwpWiDSgZwFhjd5zdvydQff4wQNWH0Mj7OJaN/CJMeqpUE4IYYFz98rzqABgbEYZ","KZPIB5a/idaJv7bn7VEy8whNQ9MmKSCayxPYIDTGxyt8KO88D3T4tlxOZPlig0ym","IObJrhv/Jzk3Bg/WNP4EuB+z8yX0zks42cd1vwIDAQABAoIBAEru459qYLJLvJpd","vbrtu+w1EoXHcXI2i9OjK3IQWjMDb7C0ovo1YmOfNxr4NdT26PXjlDnTiEaY0IIo","MYuSXqs9n1+/84L6oGM4hfT/KllGxZV1yCJo17HqfzKwXYjDhBEHDp/bstEC2skc","gQ2Cpwnu5wd98inFP8FgirB60sX4/qpBXlh8McZE1RjcKr+cNwqOtPMvOZ4Kmh13","F40jLZpYGKaoAl15j80rE8DaBlkPy/ciLjRBQ689b5nkYUzZSDxaAt3A47BaadL9","5+kkErJr/yRgwcUtNOuTkULgpVcVQ7XLx62pSrsCzvx+/qD5eeQqZe714/m/tyCw","04vQYqkCgYEA/Ijt15GDK4CCJdJp4nJhkGOni7QlDSXbOs/55GJB/NA6NGvdKkRP","E86fI7SA1LeWVFsCXKIN4VTr3YedVIT1h/IO9xITq6Eol0md0RJsimGbNr4i7Yno","wXZi6TIqAcgLDB6ohKkXq0MUAiFktCd3SNs20OedeHyk7oy5VfFV+YMCgYEA6tA6","Vr/nFoVzMJnp42d5w4njAL8+jvO/YRDLxxdye744cDLgNxMYytWG4iDnI/YTXHBX","MnWuyZp3y70VMsBbbO4hXQb1UHcJ07H0nodgRN0Oc/Tkyhpbz6HLeQJqo1zFDk4j","wbiE0TUfUS5gvExRvAZG1To6A1fWZT6WghiDqhUCgYEA1jK+qm3+OFPUEIiczzn9","jx836cNu+ev2O7hUWWcOWYW1GOm0ujkeacqEKSDddZASrpJTOocqBsqlFU4GIL52","FE04bFCk5prXdxs2BTP/ZJDNum0j6x9ikVX9J5cpEkG/PRR0E7HpJZbLzdLNPBGN","l/p4UFFku+Hdc4lhWohNSEkCgYEAvtneAPJbDhgLZv5Cdt18v2zMP6gxXZlJ/Mfd","CQXKvD8AuljvmnQAG6RvzE238KeqVuDMTqwOE7hkFAmsOCLWbHQkU+s66lrGdvTW","AR/BJFeTzrXGW2oPI3S637ESIZNeauEh+OtTsIL/4EjUwVc6u5tSaS65RkxXatTz","Gex4330CgYBpZx2ZHQqE4weXpdkW+ywd1SymPjgPESFhtWs2KVKflLC6bEeWBJQW","QJMC37/agzFJoDZoeQtgbxrnae35QdkG35wX5wxRQbR430e+GBO8wS243WnvaiaZ","j6Wj0PrHCgF8OBLpraru6SAQziWj7y8FT6xxEEbOfyE/66fdH1Fn4Q==","-----END RSA PRIVATE KEY-----`;","var prvKey = KEYUTIL.getKey(sPKCS8PEM);","","var joseHeader = '{\"alg\":\"RS256\"}';","const iat = new Date().getTime() / 1000.0  | 0;","const exp = iat + (5 * 60)  | 0;","var payload = '{\"iss\": \"' + pm.environment.get(\"GITHUB_APP_ID\") + '\",\"exp\":' + exp + ',\"iat\":' + iat + '}';  ","console.log(\"payload: \" + JSON.stringify(payload));","var requestJwt = KJUR.jws.JWS.sign(\"RS256\", joseHeader, payload, prvKey);","","console.log(\"JWT: \" + requestJwt);","pm.environment.set(\"APP_JWT\", requestJwt);"],"type":"text/javascript"}}],"id":"d49992d2-a21a-4622-85cd-1cf154559815","protocolProfileBehavior":{"disableBodyPruning":true},"request":{"auth":{"type":"noauth"},"method":"GET","header":[{"key":"Authorization","value":"Bearer {{APP_JWT}}","type":"text"},{"key":"User-Agent","value":"Jenkins-OPBK","type":"text","disabled":true},{"key":"Accept","value":"application/vnd.github+json","type":"text"}],"url":{"raw":"https://alm-github.systems.uk.hsbc/api/v3/app","protocol":"https","host":["alm-github","systems","uk","hsbc"],"path":["api","v3","app"]}},"response":[]},{"name":"Update App hook configuration","event":[{"listen":"test","script":{"id":"f90cbdd5-a105-4471-be28-9ca4ce8ea472","exec":[""],"type":"text/javascript"}},{"listen":"prerequest","script":{"id":"9b06141f-f89e-47ad-8be7-cccabd174dc8","exec":["var navigator = {};","var window = {};","eval(pm.environment.get(\"module:jsrsasign\"));","var sPKCS8PEM = `-----BEGIN RSA PRIVATE KEY-----","MIIEpAIBAAKCAQEA56KSNONY/PNFlsJiCDqGdySbm4Mi2yjNM/6WlsPJH72Sh9i6","hOaW7J1w/LH+ZWn7ArkunTArAyoqtWXMxoKnQcBZOde7vV9S3kL7TAyZKdQz4GeG","ewG6XHKg4ExQ6lzE+Oz0JDRXPNdp7sXJ8/IYqf1hGVtkCYIHZbwRQVsGDyWFMcTf","QwpWiDSgZwFhjd5zdvydQff4wQNWH0Mj7OJaN/CJMeqpUE4IYYFz98rzqABgbEYZ","KZPIB5a/idaJv7bn7VEy8whNQ9MmKSCayxPYIDTGxyt8KO88D3T4tlxOZPlig0ym","IObJrhv/Jzk3Bg/WNP4EuB+z8yX0zks42cd1vwIDAQABAoIBAEru459qYLJLvJpd","vbrtu+w1EoXHcXI2i9OjK3IQWjMDb7C0ovo1YmOfNxr4NdT26PXjlDnTiEaY0IIo","MYuSXqs9n1+/84L6oGM4hfT/KllGxZV1yCJo17HqfzKwXYjDhBEHDp/bstEC2skc","gQ2Cpwnu5wd98inFP8FgirB60sX4/qpBXlh8McZE1RjcKr+cNwqOtPMvOZ4Kmh13","F40jLZpYGKaoAl15j80rE8DaBlkPy/ciLjRBQ689b5nkYUzZSDxaAt3A47BaadL9","5+kkErJr/yRgwcUtNOuTkULgpVcVQ7XLx62pSrsCzvx+/qD5eeQqZe714/m/tyCw","04vQYqkCgYEA/Ijt15GDK4CCJdJp4nJhkGOni7QlDSXbOs/55GJB/NA6NGvdKkRP","E86fI7SA1LeWVFsCXKIN4VTr3YedVIT1h/IO9xITq6Eol0md0RJsimGbNr4i7Yno","wXZi6TIqAcgLDB6ohKkXq0MUAiFktCd3SNs20OedeHyk7oy5VfFV+YMCgYEA6tA6","Vr/nFoVzMJnp42d5w4njAL8+jvO/YRDLxxdye744cDLgNxMYytWG4iDnI/YTXHBX","MnWuyZp3y70VMsBbbO4hXQb1UHcJ07H0nodgRN0Oc/Tkyhpbz6HLeQJqo1zFDk4j","wbiE0TUfUS5gvExRvAZG1To6A1fWZT6WghiDqhUCgYEA1jK+qm3+OFPUEIiczzn9","jx836cNu+ev2O7hUWWcOWYW1GOm0ujkeacqEKSDddZASrpJTOocqBsqlFU4GIL52","FE04bFCk5prXdxs2BTP/ZJDNum0j6x9ikVX9J5cpEkG/PRR0E7HpJZbLzdLNPBGN","l/p4UFFku+Hdc4lhWohNSEkCgYEAvtneAPJbDhgLZv5Cdt18v2zMP6gxXZlJ/Mfd","CQXKvD8AuljvmnQAG6RvzE238KeqVuDMTqwOE7hkFAmsOCLWbHQkU+s66lrGdvTW","AR/BJFeTzrXGW2oPI3S637ESIZNeauEh+OtTsIL/4EjUwVc6u5tSaS65RkxXatTz","Gex4330CgYBpZx2ZHQqE4weXpdkW+ywd1SymPjgPESFhtWs2KVKflLC6bEeWBJQW","QJMC37/agzFJoDZoeQtgbxrnae35QdkG35wX5wxRQbR430e+GBO8wS243WnvaiaZ","j6Wj0PrHCgF8OBLpraru6SAQziWj7y8FT6xxEEbOfyE/66fdH1Fn4Q==","-----END RSA PRIVATE KEY-----`;","var prvKey = KEYUTIL.getKey(sPKCS8PEM);","","var joseHeader = '{\"alg\":\"RS256\"}';","const iat = new Date().getTime() / 1000.0  | 0;","const exp = iat + (5 * 60)  | 0;","var payload = '{\"iss\": \"' + pm.environment.get(\"GITHUB_APP_ID\") + '\",\"exp\":' + exp + ',\"iat\":' + iat + '}';  ","console.log(\"payload: \" + JSON.stringify(payload));","var requestJwt = KJUR.jws.JWS.sign(\"RS256\", joseHeader, payload, prvKey);","","console.log(\"JWT: \" + requestJwt);","pm.environment.set(\"APP_JWT\", requestJwt);"],"type":"text/javascript"}}],"id":"d5a3e3fe-e961-43a9-8ed6-9f5364405db9","protocolProfileBehavior":{"disableBodyPruning":true},"request":{"auth":{"type":"noauth"},"method":"PATCH","header":[{"key":"Authorization","value":"Bearer {{APP_JWT}}","type":"text"},{"key":"User-Agent","value":"Jenkins-OPBK","type":"text","disabled":true},{"key":"Accept","value":"application/vnd.github+json","type":"text"}],"body":{"mode":"raw","raw":"{\n    \"content_type\": \"form\"\n}","options":{"raw":{"language":"json"}}},"url":{"raw":"https://alm-github.systems.uk.hsbc/api/v3/app/hook/config","protocol":"https","host":["alm-github","systems","uk","hsbc"],"path":["api","v3","app","hook","config"]}},"response":[]},{"name":"Get App hook configuration","event":[{"listen":"test","script":{"id":"32f976e4-c1ac-483e-920a-37f8031f1d04","exec":[""],"type":"text/javascript"}},{"listen":"prerequest","script":{"id":"856684c0-ca45-4c07-bfd4-1e3ca5df4fbf","exec":["var navigator = {};","var window = {};","eval(pm.environment.get(\"module:jsrsasign\"));","var sPKCS8PEM = `-----BEGIN RSA PRIVATE KEY-----","MIIEpAIBAAKCAQEA56KSNONY/PNFlsJiCDqGdySbm4Mi2yjNM/6WlsPJH72Sh9i6","hOaW7J1w/LH+ZWn7ArkunTArAyoqtWXMxoKnQcBZOde7vV9S3kL7TAyZKdQz4GeG","ewG6XHKg4ExQ6lzE+Oz0JDRXPNdp7sXJ8/IYqf1hGVtkCYIHZbwRQVsGDyWFMcTf","QwpWiDSgZwFhjd5zdvydQff4wQNWH0Mj7OJaN/CJMeqpUE4IYYFz98rzqABgbEYZ","KZPIB5a/idaJv7bn7VEy8whNQ9MmKSCayxPYIDTGxyt8KO88D3T4tlxOZPlig0ym","IObJrhv/Jzk3Bg/WNP4EuB+z8yX0zks42cd1vwIDAQABAoIBAEru459qYLJLvJpd","vbrtu+w1EoXHcXI2i9OjK3IQWjMDb7C0ovo1YmOfNxr4NdT26PXjlDnTiEaY0IIo","MYuSXqs9n1+/84L6oGM4hfT/KllGxZV1yCJo17HqfzKwXYjDhBEHDp/bstEC2skc","gQ2Cpwnu5wd98inFP8FgirB60sX4/qpBXlh8McZE1RjcKr+cNwqOtPMvOZ4Kmh13","F40jLZpYGKaoAl15j80rE8DaBlkPy/ciLjRBQ689b5nkYUzZSDxaAt3A47BaadL9","5+kkErJr/yRgwcUtNOuTkULgpVcVQ7XLx62pSrsCzvx+/qD5eeQqZe714/m/tyCw","04vQYqkCgYEA/Ijt15GDK4CCJdJp4nJhkGOni7QlDSXbOs/55GJB/NA6NGvdKkRP","E86fI7SA1LeWVFsCXKIN4VTr3YedVIT1h/IO9xITq6Eol0md0RJsimGbNr4i7Yno","wXZi6TIqAcgLDB6ohKkXq0MUAiFktCd3SNs20OedeHyk7oy5VfFV+YMCgYEA6tA6","Vr/nFoVzMJnp42d5w4njAL8+jvO/YRDLxxdye744cDLgNxMYytWG4iDnI/YTXHBX","MnWuyZp3y70VMsBbbO4hXQb1UHcJ07H0nodgRN0Oc/Tkyhpbz6HLeQJqo1zFDk4j","wbiE0TUfUS5gvExRvAZG1To6A1fWZT6WghiDqhUCgYEA1jK+qm3+OFPUEIiczzn9","jx836cNu+ev2O7hUWWcOWYW1GOm0ujkeacqEKSDddZASrpJTOocqBsqlFU4GIL52","FE04bFCk5prXdxs2BTP/ZJDNum0j6x9ikVX9J5cpEkG/PRR0E7HpJZbLzdLNPBGN","l/p4UFFku+Hdc4lhWohNSEkCgYEAvtneAPJbDhgLZv5Cdt18v2zMP6gxXZlJ/Mfd","CQXKvD8AuljvmnQAG6RvzE238KeqVuDMTqwOE7hkFAmsOCLWbHQkU+s66lrGdvTW","AR/BJFeTzrXGW2oPI3S637ESIZNeauEh+OtTsIL/4EjUwVc6u5tSaS65RkxXatTz","Gex4330CgYBpZx2ZHQqE4weXpdkW+ywd1SymPjgPESFhtWs2KVKflLC6bEeWBJQW","QJMC37/agzFJoDZoeQtgbxrnae35QdkG35wX5wxRQbR430e+GBO8wS243WnvaiaZ","j6Wj0PrHCgF8OBLpraru6SAQziWj7y8FT6xxEEbOfyE/66fdH1Fn4Q==","-----END RSA PRIVATE KEY-----`;","var prvKey = KEYUTIL.getKey(sPKCS8PEM);","","var joseHeader = '{\"alg\":\"RS256\"}';","const iat = new Date().getTime() / 1000.0  | 0;","const exp = iat + (5 * 60)  | 0;","var payload = '{\"iss\": \"' + pm.environment.get(\"GITHUB_APP_ID\") + '\",\"exp\":' + exp + ',\"iat\":' + iat + '}';  ","console.log(\"payload: \" + JSON.stringify(payload));","var requestJwt = KJUR.jws.JWS.sign(\"RS256\", joseHeader, payload, prvKey);","","console.log(\"JWT: \" + requestJwt);","pm.environment.set(\"APP_JWT\", requestJwt);"],"type":"text/javascript"}}],"id":"0cac4b6d-5f75-4543-aff8-60f124b3737c","protocolProfileBehavior":{"disableBodyPruning":true},"request":{"auth":{"type":"noauth"},"method":"GET","header":[{"key":"Authorization","value":"Bearer {{APP_JWT}}","type":"text"},{"key":"User-Agent","value":"Jenkins-OPBK","type":"text","disabled":true},{"key":"Accept","value":"application/vnd.github+json","type":"text"}],"url":{"raw":"https://alm-github.systems.uk.hsbc/api/v3/app/hook/config","protocol":"https","host":["alm-github","systems","uk","hsbc"],"path":["api","v3","app","hook","config"]}},"response":[]}],"id":"8fee4449-fcd5-44cc-9561-5d4071266623"},{"name":"GithubRepositoryQuery","event":[{"listen":"test","script":{"exec":["var jsonData = JSON.parse(responseBody);","postman.setEnvironmentVariable(\"GITHUB_NODE_ID\", jsonData.node_id);",""],"type":"text/javascript","id":"3aa5ec97-5e23-4f43-9d55-a219af14c07d"}}],"id":"5ad9b1f4-3807-42c0-98f0-e43fa2e3e0ae","protocolProfileBehavior":{"disableBodyPruning":true},"request":{"auth":{"type":"noauth"},"method":"GET","header":[{"key":"Authorization","value":"Bearer {{GITHUB_TOKEN}}","type":"text"},{"key":"User-Agent","value":"Jenkins-OPBK","type":"text"},{"key":"Accept","value":"application/vnd.github+json","type":"text"}],"url":{"raw":"https://alm-github.systems.uk.hsbc/api/v3/repos/{{GITHUB_ORG}}/{{GITHUB_REPO}}","protocol":"https","host":["alm-github","systems","uk","hsbc"],"path":["api","v3","repos","{{GITHUB_ORG}}","{{GITHUB_REPO}}"]}},"response":[]},{"name":"GithubProtectionRules","id":"b28b7934-f38f-4baf-b964-88f5a81864f6","protocolProfileBehavior":{"disableBodyPruning":true},"request":{"auth":{"type":"noauth"},"method":"POST","header":[{"key":"Content-Type","value":"application/json"},{"key":"Authorization","value":"Bearer {{GITHUB_TOKEN}}"}],"body":{"mode":"raw","raw":"{ \"query\" : \"mutation{ createBranchProtectionRule(input:{ repositoryId: \\\"{{GITHUB_NODE_ID}}\\\",requiresApprovingReviews: true, requiredApprovingReviewCount: 1 requiresStatusChecks: true requiredStatusCheckContexts: [\\\"Danger\\\",\\\"SDLC/QualityCheck/Danger/pr-merge\\\",\\\"OPBK-SonatypeIQ\\\",\\\"SonarQube Code Analysis\\\",\\\"ci/jenkins/build-status/pr-merge\\\",\\\"Task Complete Checker\\\"] isAdminEnforced: false pattern: \\\"{{RULE}}\\\", requiresCodeOwnerReviews: true, dismissesStaleReviews: true, requiresStrictStatusChecks: true, }) { branchProtectionRule{ pattern requiresApprovingReviews requiredApprovingReviewCount requiresCodeOwnerReviews requiredStatusCheckContexts  requiresStatusChecks dismissesStaleReviews requiresStrictStatusChecks} } }\"}\r\n\r\n\r\n","options":{"raw":{"language":"json"}}},"url":{"raw":"https://alm-github.systems.uk.hsbc/api/graphql","protocol":"https","host":["alm-github","systems","uk","hsbc"],"path":["api","graphql"]}},"response":[]}]}