{"info":{"_postman_id":"d2013fdd-3c31-4be5-9a8f-684fb8fb058e","name":"DIP open banking API","schema":"https://schema.getpostman.com/json/collection/v2.1.0/collection.json"},"item":[{"name":"DSP service account auth","item":[{"name":"[001] (DSP) User_Authenticate_Request Copy","event":[{"listen":"test","script":{"id":"60e9ca69-0825-4a32-8bc6-c9de14f9a9d3","exec":["var jsonData = JSON.parse(responseBody);","postman.setEnvironmentVariable(\"authId\", jsonData.authId);","postman.setEnvironmentVariable(\"tokenId\", jsonData.tokenId);",""],"type":"text/javascript"}}],"id":"94e2066c-8144-470b-b01d-1d2624f49ce5","protocolProfileBehavior":{"disableBodyPruning":true},"request":{"method":"POST","header":[{"key":"Content-Type","value":"application/json","type":"text"},{"key":"Authorization","value":"Basic b3BlbmFtX2F1dGhfc2c6b3BlbmFtMTIzNA==","type":"text"},{"key":"X-Forwarded-For","value":"175.45.176.46","type":"text","disabled":true}],"url":{"raw":"https://sg-sit.hsbc.com.hk/dsp/json/realms/sg/authenticate?authIndexType=service&authIndexValue=OtpAuthService","protocol":"https","host":["sg-sit","hsbc","com","hk"],"path":["dsp","json","realms","sg","authenticate"],"query":[{"key":"authIndexType","value":"service"},{"key":"authIndexValue","value":"OtpAuthService"}]}},"response":[]},{"name":"[002] (dpcloud) GetOTP","event":[{"listen":"test","script":{"id":"1ef1af70-6e36-45ed-b380-ea19432ab40c","exec":["var jsonData = JSON.parse(responseBody);","postman.setEnvironmentVariable(\"otp\", jsonData.token);"],"type":"text/javascript"}}],"id":"c7cdc947-991c-41cf-8843-8226982d782f","protocolProfileBehavior":{"disableBodyPruning":true},"request":{"method":"GET","header":[],"url":{"raw":"https://testingservices.cn.hsbc:8443/tokenApi/anonymous?username={{username}}&type=1&accessKey=kjacd44rieteuuivgiej7jcnk5&user=anonymous&_=1512995531213","protocol":"https","host":["testingservices","cn","hsbc"],"port":"8443","path":["tokenApi","anonymous"],"query":[{"key":"username","value":"{{username}}"},{"key":"type","value":"1"},{"key":"accessKey","value":"kjacd44rieteuuivgiej7jcnk5"},{"key":"user","value":"anonymous"},{"key":"_","value":"1512995531213"}]}},"response":[]},{"name":"[003] (DSP) User_Authenticate_Response","event":[{"listen":"test","script":{"id":"e6568fc6-222c-41a8-9aad-a07402ae7a05","exec":["var jsonData = JSON.parse(responseBody);","postman.setEnvironmentVariable(\"tokenId\", jsonData.tokenId);"],"type":"text/javascript"}}],"id":"c76fc7d5-09aa-4e49-a3f7-4af7b29cfa29","protocolProfileBehavior":{"disableBodyPruning":true},"request":{"method":"POST","header":[{"key":"Content-Type","name":"Content-Type","type":"text","value":"application/json"},{"key":"X-HSBC-Request-Correlation-Id","type":"text","value":"1"},{"key":"X-HSBC-Session-Correlation-Id","type":"text","value":"1"},{"key":"X-HSBC-Chnl-CountryCode","type":"text","value":"SG"},{"key":"X-HSBC-Chnl-Group-Member","type":"text","value":"HBAP"},{"key":"channel","type":"text","value":"WEB"},{"key":"X-HSBC-Channel-Id","type":"text","value":"WEB"},{"key":"X-HSBC-Locale","type":"text","value":"en_SG"},{"key":"Authorization","type":"text","value":"Basic b3BlbmFtX2F1dGhfc2c6b3BlbmFtMTIzNA=="},{"key":"X-Forwarded-For","type":"text","value":"175.45.176.46","disabled":true}],"body":{"mode":"raw","raw":"{\n    \"authId\": \"{{authId}}\",\n    \"template\": \"\",\n    \"stage\": \"OTPModule\",\n    \"header\": \"OTP Module\",\n    \"callbacks\": [\n        {\n            \"type\": \"NameCallback\",\n            \"output\": [\n                {\n                    \"name\": \"prompt\",\n                    \"value\": \"#USERNAME#\"\n                }\n            ],\n            \"input\": [\n                {\n                    \"name\": \"IDToken1\",\n                    \"value\": \"{{username}}\"\n                }\n            ]\n        },\n        {\n            \"type\": \"PasswordCallback\",\n            \"output\": [\n                {\n                    \"name\": \"prompt\",\n                    \"value\": \"#OTP#\"\n                }\n            ],\n            \"input\": [\n                {\n                    \"name\": \"IDToken2\",\n                    \"value\": \"{{otp}}\"\n                }\n            ]\n        },\n        {\n            \"type\": \"NameCallback\",\n            \"output\": [\n                {\n                    \"name\": \"prompt\",\n                    \"value\": \"#SHOW_INTERSTITIAL_PAGE#\"\n                }\n            ],\n            \"input\": [\n                {\n                    \"name\": \"IDToken3\",\n                    \"value\": \"\"\n                }\n            ]\n        }\n    ]\n}"},"url":{"raw":"https://sg-sit.hsbc.com.hk/dsp/json/realms/sg/authenticate?authIndexType=service&authIndexValue=OtpAuthService","protocol":"https","host":["sg-sit","hsbc","com","hk"],"path":["dsp","json","realms","sg","authenticate"],"query":[{"key":"authIndexType","value":"service"},{"key":"authIndexValue","value":"OtpAuthService"}]}},"response":[]},{"name":"[004] SSO_Token Policy Evaluate","event":[{"listen":"test","script":{"id":"5b79c519-71c3-4c8b-8f0b-ca7b07c97dc2","exec":["var jsonData = JSON.parse(responseBody);","var samlToken = JSON.parse(jsonData[0].attributes.JWTToken);","","postman.setEnvironmentVariable(\"E2E-Trust-Token\", samlToken[\"issued_token\"]);"],"type":"text/javascript"}}],"id":"6c5eadea-4a50-48ff-ae02-cc903c5d07d9","protocolProfileBehavior":{"disableBodyPruning":true},"request":{"method":"POST","header":[{"key":"Content-Type","value":"application/json"},{"key":"dspSession","value":"{{tokenId}}"}],"body":{"mode":"raw","raw":"{\n   \"subject\": {\"ssoToken\": \"{{tokenId}}\"},\n   \"resources\": [\"APIResource\"],\n   \"environment\": {\"ApiCamLevel\": [\"40\"], \"TokenType\": [\"JWT\"]},\n   \"application\": \"DSPAuthorisationPolicySet\"\n  }"},"url":{"raw":"https://sg-sit.hsbc.com.hk/dsp/json/realms/root/realms/sg/policies?_action=evaluate","protocol":"https","host":["sg-sit","hsbc","com","hk"],"path":["dsp","json","realms","root","realms","sg","policies"],"query":[{"key":"_action","value":"evaluate"}]}},"response":[]}],"id":"1d66d2a2-47bc-4675-a773-132f68f54879","event":[{"listen":"prerequest","script":{"id":"52c3ce8d-fd3c-4058-887e-139861d42011","type":"text/javascript","exec":[""]}},{"listen":"test","script":{"id":"c5717d5e-c92c-47df-af45-3ca7f2656e48","type":"text/javascript","exec":[""]}}]},{"name":"DSP staff crededentials auth","item":[{"name":"[DSP] authenticate","event":[{"listen":"test","script":{"id":"c4f03768-53b2-4353-b561-ac0bcb117c2a","exec":["pm.environment.set(\"tokenId\", pm.response.json().tokenId);"],"type":"text/javascript"}}],"id":"cdfc5c4f-5a44-4152-af06-4e9b5f3ac6e2","protocolProfileBehavior":{"disableBodyPruning":true},"request":{"method":"POST","header":[{"key":"X-OpenAM-Password","value":"{{EMPL_PASS}}","type":"text"},{"key":"X-OpenAM-Username","value":"{{EMPL_NAME}}","type":"text"},{"key":"Content-Type","name":"Content-Type","value":"application/json","type":"text"}],"body":{"mode":"raw","raw":""},"url":{"raw":"https://dsp-admin.p2g.netd2.hk.hsbc/dsp/json/authenticate?realm=staff&authIndexType=service&authIndexValue=ldapService","protocol":"https","host":["dsp-admin","p2g","netd2","hk","hsbc"],"path":["dsp","json","authenticate"],"query":[{"key":"realm","value":"staff"},{"key":"authIndexType","value":"service"},{"key":"authIndexValue","value":"ldapService"}]}},"response":[]},{"name":"[DSP] ssotoken to trusttoken","event":[{"listen":"prerequest","script":{"id":"a90bc3c3-87e9-44a3-9847-c989b1eee8d3","exec":[""],"type":"text/javascript"}},{"listen":"test","script":{"id":"fb338eae-b4c7-4ea6-9d00-c7e019a60c72","exec":["pm.environment.set(\"E2E-Trust-Token\", pm.response.json()[0].attributes.JWTToken[0]);"],"type":"text/javascript"}}],"id":"bcd66fa6-f81b-4ab4-bdc2-24471404b4ab","protocolProfileBehavior":{"disableBodyPruning":true},"request":{"method":"POST","header":[{"key":"Content-Type","value":"application/json","type":"text"}],"body":{"mode":"raw","raw":"{\r\n\t\"input_token_state\": {\r\n\t\t\"token_type\": \"SSOTOKEN\",\r\n\t\t\"tokenId\": \"{{tokenId}}\"\r\n\t},\r\n\t\"output_token_state\": {\r\n\t\t\"token_type\": \"SECPJWT\",\r\n\t\t\"subject_confirmation\": \"BEARER\"\r\n\t}\r\n}"},"url":{"raw":"https://dsp-admin.p2g.netd2.hk.hsbc/dsp/rest-sts/staff/v1/ssotoken_to_trusttoken?_action=translate","protocol":"https","host":["dsp-admin","p2g","netd2","hk","hsbc"],"path":["dsp","rest-sts","staff","v1","ssotoken_to_trusttoken"],"query":[{"key":"_action","value":"translate"}]}},"response":[]}],"id":"ac31b881-a9e4-4177-a720-9054ca8086cf"},{"name":"[PISP] create consent","event":[{"listen":"test","script":{"id":"04035167-03fa-47b6-a29d-a38a346621d8","exec":["var jsonData = pm.response.json();","var internalConsentId = jsonData.internalConsentId;","var authorisetionUrl = jsonData.authorisationURL;","var queryString = authorisetionUrl.split(\"?\")[1];","var queryParams = queryString.split(\"&\");","var state = queryParams.find(qp => qp.startsWith('state=')).split(\"=\")[1];","var nonce = queryParams.find(qp => qp.startsWith('nonce=')).split(\"=\")[1];","","pm.environment.set(\"state\", state);","pm.environment.set(\"nonce\", nonce);","pm.environment.set(\"internalConsentId\", internalConsentId);"],"type":"text/javascript"}},{"listen":"prerequest","script":{"id":"2f44e122-4665-412b-8928-28c6b8da34f7","exec":["const flows = JSON.parse(pm.environment.get(\"postman-flows\"));","const flow = pm.environment.get(\"flow\");","","// console.log(\"flows: \" + JSON.stringify(flows));","const selectedFlow = flows[flow];","console.log(\"Selected flow: \" + JSON.stringify(selectedFlow));","const authorityRegistrationId = selectedFlow.authorityRegistrationId;","const orgCode = selectedFlow.orgCode;","const appClientId = selectedFlow.appClientId;","const appClientSecret = selectedFlow.appClientSecret;","","pm.environment.set(\"authorityRegistrationId\", authorityRegistrationId);","pm.environment.set(\"orgCode\", orgCode);","pm.environment.set(\"appClientId\", appClientId);","pm.environment.set(\"appClientSecret\", appClientSecret);"],"type":"text/javascript"}}],"id":"2b8c3c82-7053-4c94-91e0-42b1547a81c2","protocolProfileBehavior":{"disableBodyPruning":true},"request":{"method":"POST","header":[{"key":"Content-Type","value":"application/json","type":"text"},{"key":"X-HSBC-E2E-Trust-Token","value":"{{E2E-Trust-Token}}","type":"text"},{"key":"X-HSBC-Src-UserAgent","value":"Apache-HttpClient/4.5.5 (Java/1.8.0_212)","type":"text"},{"key":"X-HSBC-Chnl-Group-Member","value":"HBEU","type":"text"},{"key":"X-HSBC-Client-Journey","value":"qwe","type":"text"},{"key":"X-Authority-Registration-Organisation-ID","value":"{{authorityRegistrationId}}","type":"text"},{"key":"X-Organisation-Code","value":"{{orgCode}}","type":"text"},{"key":"X-HSBC-Client-Id","value":"{{appClientId}}","type":"text"},{"key":"X-HSBC-Client-Secret","value":"{{appClientSecret}}","type":"text"},{"key":"Authorization","value":"Bearer {{tokenId}}","type":"text","disabled":true},{"key":"X-HSBC-GBGF","value":"RBWM","type":"text"},{"key":"X-HSBC-Request-Correlation-Id","value":"{{$guid}}","type":"text"},{"key":"accept","value":"application/json","type":"text"},{"key":"client-RedirectUrl","value":"https://testing.redirect.url.com","type":"text"}],"body":{"mode":"raw","raw":"{\n  \"initiation\": {\n    \"creationDateTime\": \"2020-04-27T08:00:41.623Z\",\n    \"instructionIdentification\": \"TYVZv4cN60Cmn1xEE64W\",\n    \"endToEndIdentification\": \"U55YIeZJKvaCPANDzSXV\",\n    \"instructedAmount\": {\n      \"amount\": \"0.01\",\n      \"currency\": \"GBP\"\n    },\n    \"paymentTypeInformation\": {\n      \"paymentMethod\": {\n        \"paymentService\": \"domestic\",\n        \"instructedAmount\": {\n          \"amount\": \"5768.2\",\n          \"currency\": \"EUR\"\n        }\n      }\n    }\n  },\n  \"creditor\": {\n    \"name\": \"string\",\n    \"postalAddress\": {\n      \"country\": \"string\",\n      \"addressLine\": [\n        \"string\"\n      ]\n    },\n    \"organisationId\": {\n      \"identification\": \"string\",\n      \"schemeName\": \"string\",\n      \"issuer\": \"string\"\n    },\n    \"privateId\": {\n      \"identification\": \"string\",\n      \"schemeName\": \"string\",\n      \"issuer\": \"string\"\n    }\n  },\n  \"creditorAccount\": {\n    \"schemeName\": \"UK.OBIE.SortCodeAccountNumber\",\n    \"identification\": \"40202221663135\",\n    \"name\": \"IB1620403102\",\n    \"secondaryIdentification\": \"xUO61DyFKvdxX5HxZ42G\"\n  },\n  \"debtorAgent\": {\n    \"bicFi\": \"string\",\n    \"clearingSystemMemberId\": {\n      \"clearingSystemId\": \"string\",\n      \"memberId\": \"string\"\n    },\n    \"name\": \"string\",\n    \"postalAddress\": {\n      \"country\": \"string\",\n      \"addressLine\": [\n        \"string\"\n      ]\n    },\n    \"other\": {\n      \"schemeName\": \"string\",\n      \"identification\": \"string\"\n    }\n  },\n  \"risk\": {\n  }\n}"},"url":{"raw":"{{API_URL}}/open-banking/v1.0/payment-consents","host":["{{API_URL}}"],"path":["open-banking","v1.0","payment-consents"]}},"response":[]},{"name":"[AISP] create consent","event":[{"listen":"test","script":{"id":"372f29c7-e63c-4a83-b396-376ede29ce9f","exec":["var jsonData = pm.response.json();","var internalConsentId = jsonData.internalConsentId;","var authorisetionUrl = jsonData.authorisationURL;","var queryString = authorisetionUrl.split(\"?\")[1];","var queryParams = queryString.split(\"&\");","var state = queryParams.find(qp => qp.startsWith('state=')).split(\"=\")[1];","var nonce = queryParams.find(qp => qp.startsWith('nonce=')).split(\"=\")[1];","","pm.environment.set(\"state\", state);","pm.environment.set(\"nonce\", nonce);","pm.environment.set(\"internalConsentId\", internalConsentId);"],"type":"text/javascript"}},{"listen":"prerequest","script":{"id":"b0fa9fda-7d52-43fa-8fc9-23b470bb0432","exec":["const flows = JSON.parse(pm.environment.get(\"postman-flows\"));","const flow = pm.environment.get(\"flow\");","","// console.log(\"flows: \" + JSON.stringify(flows));","const selectedFlow = flows[flow];","console.log(\"Selected flow: \" + JSON.stringify(selectedFlow));","const authorityRegistrationId = selectedFlow.authorityRegistrationId;","const orgCode = selectedFlow.orgCode;","const appClientId = selectedFlow.appClientId;","const appClientSecret = selectedFlow.appClientSecret;","","pm.environment.set(\"authorityRegistrationId\", authorityRegistrationId);","pm.environment.set(\"orgCode\", orgCode);","pm.environment.set(\"appClientId\", appClientId);","pm.environment.set(\"appClientSecret\", appClientSecret);"],"type":"text/javascript"}}],"id":"93e0a4af-0f1c-4c72-bfea-0f58b3e7bfcc","protocolProfileBehavior":{"disableBodyPruning":true},"request":{"method":"POST","header":[{"key":"Content-Type","value":"application/json","type":"text"},{"key":"X-HSBC-E2E-Trust-Token","value":"{{E2E-Trust-Token}}","type":"text"},{"key":"X-HSBC-Src-UserAgent","value":"Apache-HttpClient/4.5.5 (Java/1.8.0_212)","type":"text"},{"key":"X-HSBC-Chnl-Group-Member","value":"HBEU","type":"text"},{"key":"X-HSBC-Client-Journey","value":"qwe","type":"text"},{"key":"X-Authority-Registration-Organisation-ID","value":"{{authorityRegistrationId}}","type":"text"},{"key":"X-Organisation-Code","value":"{{orgCode}}","type":"text"},{"key":"X-HSBC-Client-Id","value":"{{appClientId}}","type":"text"},{"key":"X-HSBC-Client-Secret","value":"{{appClientSecret}}","type":"text"},{"key":"Authorization","value":"Bearer {{tokenId}}","type":"text","disabled":true},{"key":"X-HSBC-GBGF","value":"RBWM","type":"text"},{"key":"X-HSBC-Request-Correlation-Id","value":"{{$guid}}","type":"text"},{"key":"Accept","value":"application/json","type":"text"},{"key":"client-RedirectUrl","value":"https://testing.redirect.url.com","type":"text"}],"body":{"mode":"raw","raw":"{\n    \"Data\": {\n        \"Permissions\": [\n            \"ReadAccountsBasic\",\n            \"ReadAccountsDetail\"\n        ],\n        \"ExpirationDateTime\": \"2021-10-15T16:55:47.547+02:00\",\n        \"TransactionFromDateTime\": \"2021-04-13T16:55:47.571+02:00\",\n        \"TransactionToDateTime\": \"2021-04-15T16:55:47.571+02:00\"\n    },\n    \"Risk\": {}\n}"},"url":{"raw":"{{API_URL}}/open-banking/v1.0/account-access-consents","host":["{{API_URL}}"],"path":["open-banking","v1.0","account-access-consents"]}},"response":[]},{"name":"token-exchange","event":[{"listen":"prerequest","script":{"id":"0d04e348-6aab-438a-a6d6-1d8015d83665","exec":["var navigator = {};","var window = {};","eval(pm.environment.get(\"module:jsrsasign\"));","","var sPKCS8PEM = `-----BEGIN PRIVATE KEY-----","MIIEvQIBADANBgkqhkiG9w0BAQEFAASCBKcwggSjAgEAAoIBAQCgHIRaymwwJSBF","/JXm2RHjqkfkqp8SmmYYieD3h9O7ETP3tSxa8PNJsN7j7bkc/apR4hZBkYIhC/v+","sPmEmtaVjvhxt9nNYFwW/mzNHIkmWOqyBcK7zDP1AyaFr62WLhOiiH9rGNQPsD64","JQUBsdEMO6DRpieCd6dehmFi6UdShqEKY4kIKqK/4tevTZ8Vt4ka3x8Sc/wEBjPl","Yvr+I6DThJtfti7rMtTHye6M7pBP3b2HZKVEG4jpgtNJv4ljMxni6TW0NP7KTLZh","MBTT59VrB50fykx62LVK5Abj4kOGOdQPJyiDPC+lxhwA+LvfyCBgPZeRNoin/XJq","6Bs1o0/fAgMBAAECggEAbxu7AWItd6+b2NVylPMYBfw5zcZVg0xgAzFTS5MXbF6A","yKoSML26pu21j0h9yE+D7TTOqwu12Qb/BXx8evgUZ08Cu6+Q1oPDBDXk/OWLi2/y","1j1HKJmJiMJ57hW+iVRKTeUZPxHIv2ZX7+PIuKdT4YBTlokOK+yq2d65IDGwS+SF","6GcpakjjXJ+ijVJQNcKeTmWpqFE9vPpmaW4QgHJcAIGoXjTWTfVrVQRPP4GLiAao","wyoXiOSFabD4XHmww5Mrz3H+RpDXM3WJ8QW+8ljTdiR3GTX13/2dPvOunhZEIv/J","tUUxT8L+wtthvpYrqZ6NIQfHBM8MskexQ/iSutMsKQKBgQDVOlX1KjUnni24aLZ6","5YvO7/N3LRREChaz5apE2mnPOc1pEJhSHPAhl+Eon9k1LMFkTi6IVgDg7yw4aiOh","TAjT0pULVX+0N4dZOwF/JDVhvYRA5Y9dqBfsNLCBLyYIJyzpWgm2ktu3FlaXTIeo","sy+M+lpPfWaDitkrY7G6X7k1qwKBgQDAOowSqDeoO9ZTlJSfSajl9gIkrdyOw++g","lJJFiOP4umqNmymz9/p5FRsq95l5L+BMww3w08KeCTJWU7TNXNXU0RDciPbWG7Pp","a4KY59MoQtD+YhDsZE3kJzwkheoFuFZuzs/UXJ7H3LFEWsiuzLA5eM6scby6BYDj","SlJph7YynQKBgAa0n/Fm02ccjVmISXzR7TSjzSdJTqLZIl+j8Ffb+oneynvsXq3u","ZQrZaOZLKJyIfMh3wPTep4ZrXxujEt3Gs1xd+fvyQ2LagDIpLeHetKMPP7J+xaRv","Xdk6yvY1EmAdQ0dPYpDQS4KVfEGj0XxXrj4jvWVUjz3BxxSbPQKccgmjAoGAdvKD","hHP05LQKHnPdN2eUDKAamWnABdN2bu4gSMi5EEsB7hfqSUOUCOKnigHmRNf8OmOk","N7ZBQhs8u7BWO5FLe8HWZjCWVMyVmkV9bXJd9hbKTe6OvEgg7qHclFkNA3cafLya","W7ToR5HnWv22GnvsO9PmR0yl1JHdPEfcERL6Cf0CgYEAyUb29p3K3O+ir+JvVwJk","IFJW2dAKdCJ8rbe3Af7utyI+/AApRTkJSVio8BOS/Ow6rK3fNMyA5xb7SvkdkBAn","yCAvx+cCOoaZLvbcdog+qGJz+VgBdAn12KLZevx+ZxrwwIHlENmj4bVSlVaCMhuY","z8Z15TTYHkgp79J1EeT+LKU=","-----END PRIVATE KEY-----`;","","","var prvKey = KEYUTIL.getKey(sPKCS8PEM);","var now = Math.floor(Date.now()/1000);","var alg = \"PS256\";","var clientId = \"710760e6-18e5-411e-9470-0672ff43e86a\";  // taken from external_org/client_id","","var joseHeader = {","  kid: \"-1FhziPIvV2gkZYIGOSyv8rk-hU\",","  typ: \"JWT\",","  alg: alg","};","","var payload = {","  sub: \"AnsZ1LjkRbCnYan9UXdl6AKO9gW5lge_stjwTdn-bvg=\",","  acr: \"urn:openbanking:psd2:sca\",","  aud: clientId,","  openbanking_intent_id: \"daf459f2-ca1a-4571-a4c7-ad98c245ef72\",","  iss: \"https://testUrl.com\",","  nonce: pm.environment.get(\"nonce\"),","  exp: now+3600,  //valid for one hour","  token_type: \"ID_TOKEN\",","  iat: now,","  jti: \"bb21bf1f-6b0b-435a-a466-bd70e1f2b95a\"","};","","var jws = KJUR.jws.JWS.sign(alg, joseHeader, payload, prvKey);","  ","pm.environment.set(\"ID_TOKEN\", jws); "],"type":"text/javascript"}},{"listen":"test","script":{"id":"6b5e1097-4758-46d2-aa75-050a7eae64eb","exec":["var jsonData = pm.response.json();","var redirectUrl = jsonData.tppRedirectURL;","var queryString = redirectUrl.split(\"#\")[1];","var queryParams = queryString.split(\"&\");","var internalConsentId = queryParams.find(qp => qp.startsWith('internalConsentID=')).split(\"=\")[1];","","pm.environment.set(\"internalConsentId\", internalConsentId);"],"type":"text/javascript"}}],"id":"6e15f254-65ab-4861-abdf-6da61f296dff","protocolProfileBehavior":{"disableBodyPruning":true},"request":{"method":"POST","header":[{"key":"Content-Type","name":"Content-Type","value":"application/json","type":"text"},{"key":"state","value":"{{state}}","type":"text"}],"body":{"mode":"raw","raw":"{\n\t\"authCode\": \"{{$guid}}\",\n\t\"idToken\": \"{{ID_TOKEN}}\"\n}"},"url":{"raw":"{{TOKEN_EXCHANGE_URL}}/open-banking/v1.0/token-exchange","host":["{{TOKEN_EXCHANGE_URL}}"],"path":["open-banking","v1.0","token-exchange"]}},"response":[]},{"name":"[PISP] create payment","event":[{"listen":"prerequest","script":{"id":"a4a8ed6b-d24d-4405-ade0-b302c0466602","exec":["const flows = JSON.parse(pm.environment.get(\"postman-flows\"));","const flow = pm.environment.get(\"flow\");","","// console.log(\"flows: \" + JSON.stringify(flows));","const selectedFlow = flows[flow];","console.log(\"Selected flow: \" + JSON.stringify(selectedFlow));","const authorityRegistrationId = selectedFlow.authorityRegistrationId;","const orgCode = selectedFlow.orgCode;","const appClientId = selectedFlow.appClientId;","const appClientSecret = selectedFlow.appClientSecret;","","pm.environment.set(\"authorityRegistrationId\", authorityRegistrationId);","pm.environment.set(\"orgCode\", orgCode);","pm.environment.set(\"appClientId\", appClientId);","pm.environment.set(\"appClientSecret\", appClientSecret);"],"type":"text/javascript"}}],"id":"cfadbfbf-529b-4ae2-858a-b6f7690fb633","protocolProfileBehavior":{"disableBodyPruning":true},"request":{"method":"POST","header":[{"key":"Content-Type","value":"application/json","type":"text"},{"key":"X-HSBC-E2E-Trust-Token","value":"{{E2E-Trust-Token}}","type":"text"},{"key":"X-HSBC-Src-UserAgent","value":"Apache-HttpClient/4.5.5 (Java/1.8.0_212)","type":"text"},{"key":"X-HSBC-Chnl-Group-Member","value":"HBEU","type":"text"},{"key":"X-HSBC-Client-Journey","value":"qwe","type":"text"},{"key":"X-Authority-Registration-Organisation-ID","value":"{{authorityRegistrationId}}","type":"text"},{"key":"X-Organisation-Code","value":"{{orgCode}}","type":"text"},{"key":"X-HSBC-Client-Id","value":"{{appClientId}}","type":"text"},{"key":"X-HSBC-Client-Secret","value":"{{appClientSecret}}","type":"text"},{"key":"Authorization","value":"{{tokenId}}","type":"text","disabled":true},{"key":"X-HSBC-GBGF","value":"RBWM","type":"text"},{"key":"X-HSBC-Request-Correlation-Id","value":"{{$guid}}","type":"text"},{"key":"accept","value":"application/json","type":"text"}],"body":{"mode":"raw","raw":"{\n\t\"consentId\": \"{{internalConsentId}}\"\n}"},"url":{"raw":"{{API_URL}}/open-banking/v1.0/payments","host":["{{API_URL}}"],"path":["open-banking","v1.0","payments"]}},"response":[]},{"name":"[AISP] accounts","event":[{"listen":"prerequest","script":{"id":"79283e40-4bbb-4356-9dd0-1477e9435d15","exec":["const flows = JSON.parse(pm.environment.get(\"postman-flows\"));","const flow = pm.environment.get(\"flow\");","","// console.log(\"flows: \" + JSON.stringify(flows));","const selectedFlow = flows[flow];","console.log(\"Selected flow: \" + JSON.stringify(selectedFlow));","const authorityRegistrationId = selectedFlow.authorityRegistrationId;","const orgCode = selectedFlow.orgCode;","const appClientId = selectedFlow.appClientId;","const appClientSecret = selectedFlow.appClientSecret;","","pm.environment.set(\"authorityRegistrationId\", authorityRegistrationId);","pm.environment.set(\"orgCode\", orgCode);","pm.environment.set(\"appClientId\", appClientId);","pm.environment.set(\"appClientSecret\", appClientSecret);"],"type":"text/javascript"}}],"id":"2d10d682-e828-4937-b4df-070cb4258aa1","protocolProfileBehavior":{"disableBodyPruning":true},"request":{"method":"GET","header":[{"key":"Content-Type","value":"application/json","type":"text"},{"key":"X-HSBC-E2E-Trust-Token","value":"{{E2E-Trust-Token}}","type":"text"},{"key":"X-HSBC-Src-UserAgent","value":"Apache-HttpClient/4.5.5 (Java/1.8.0_212)","type":"text"},{"key":"X-HSBC-Chnl-Group-Member","value":"HBEU","type":"text"},{"key":"X-HSBC-Client-Journey","value":"qwe","type":"text"},{"key":"X-Authority-Registration-Organisation-ID","value":"{{authorityRegistrationId}}","type":"text"},{"key":"X-Organisation-Code","value":"{{orgCode}}","type":"text"},{"key":"X-HSBC-Client-Id","value":"{{appClientId}}","type":"text"},{"key":"X-HSBC-Client-Secret","value":"{{appClientSecret}}","type":"text"},{"key":"Authorization","value":"{{tokenId}}","type":"text","disabled":true},{"key":"X-HSBC-GBGF","value":"RBWM","type":"text"},{"key":"X-HSBC-Request-Correlation-Id","value":"{{$guid}}","type":"text"},{"key":"accept","value":"application/json","type":"text"}],"url":{"raw":"{{API_URL}}/open-banking/v1.0/accounts?internalConsentId={{internalConsentId}}","host":["{{API_URL}}"],"path":["open-banking","v1.0","accounts"],"query":[{"key":"internalConsentId","value":"{{internalConsentId}}"}]}},"response":[]}]}