{"info":{"_postman_id":"d5384e6d-7f41-4c1b-849d-fe864eae179f","name":"COP Inbound","schema":"https://schema.getpostman.com/json/collection/v2.1.0/collection.json"},"item":[{"name":"01 -  Register","event":[{"listen":"prerequest","script":{"id":"8147ff81-5ff8-49fe-b3f5-960dea465ac5","exec":["var navigator = {};","var window = {};","eval(pm.environment.get(\"module:jsrsasign\"));","","const privateKeySsa = `-----BEGIN PRIVATE KEY-----","MIIEvQIBADANBgkqhkiG9w0BAQEFAASCBKcwggSjAgEAAoIBAQChzaODZAvmrxEa","g+vMSEUoDB3A5X3koN56HbGqpQVH6Mu6BG1NarIh64mEBKI0GvM2nQxogXfZ57Gp","cwGgb5SChwVd/j6zP8aW2exZglDZwsLjctBbbraAEA2LgXh7pat5VdprNBLA9juC","bQRnRD83vhBhI+sIu373OStqIQ7EtCiqosGytkDOyb5LWz/gsTuRzbkCf0Hn2HLX","iDcuDTuQm9TSqx18X1oK3/pTKY2r7uQe2pbrdujn5O31NTTsfIvIQFQn592v7EeY","y6lFiURIx2abhhHo61BnnJIQokgGWNmtL4tgNuO29N6bdYdwtDjKQbpoL4aK9Y5T","aod09C7PAgMBAAECggEASzv8ANcfNYdHk6WtmZItHd7sYsoSzKEEcZGnD+qlVvdm","6zqtvCaVZ3JGwe0JouK5HjbOEzXIDblPAbRpGDlpu3uewkK60swfwfrYjBItF+QY","jHvRaAJFt6w/MBPmes/guI1z/w76fWDA8PdR6dZw8rFcml6CJdBQzBF4H2P5ovpF","zDGuBfsIupgRh32xZLsgn1Y0R4/TlHMK9sDk2hwzFVlfeG+riuW7ljbbZTJZd5Kj","fVFC3Ql1TXAbNe7RQOhPlYhtn+Ni3GrSZJt+GZCyymC+Kfr9rihl6ySlMJxON+O9","u60xqB0A28JQWwi28bbFXkPulQ/ExuaK9KiYCcLHIQKBgQD0gAmFcW6PKL1njuKV","2D7wkW9oiaHj4MRWkupn1wsPJOYy7FtHHiE0HCiMaIAihJk4RsMRuFNLKYHiBSDO","Y0LuAG6QR3H5SarkYH14g70qOjQlmsk8DZ+TUNiYGbDcH8b4VkNBVT2kjYQTH4ot","DY/f/G3CAu0XT5qSY6MuJo+BvwKBgQCpad63m6OxxPTsrca+MQj+TlAv8iW26Blq","kwgM/nAFlDCDe08FzZo+MdX4R1ep/i2IBeu3c4md53jgBIb2Nc7YbathVPJv9Nzu","c9fqvDZesytOJw+ncuw0BABq/w3cIoCG9Zl0KYwaTQIrzj0theHLX/nAFaIN/pSs","lrDwFzN28QKBgQDEsdh3DQknjFvLWuy4Ja6EtEuPKuIdRC5Pg4OmJB7WgRXcM78+","2GNX26tXQZ6LpmbpGixGLiZ8GhlOLlf1EW+/roND+OYc6YHcli96a2kb9pULB5oK","gN82kVyeCFT60WmtUSBsB9o+bkapZ78ufXGYfSgDY30/OqAcUqHtN8JNWwKBgHOt","K3r5VeuTTZ2yBotlFfv24z/puqDKmFgx7wRYU4srpXiRoOKYgeJHyw9NP2l+ef5v","9IR96pCcNefYj4LcONGFCMlb5HJXoudayCqquwEsm7wwZbrzeJ8HwHVOlFskX9hH","KLGtkNGAlaPtnc5QpV1lujXTT6T4mPHDrysw3F4xAoGAENJUj6zejLsddubXbq5Y","3Sg8mVaq6RPaOEI40SCQz1weMWWJYqLy0swssGnIzOB/tSLbq0vZ4CVVlJKqGnqo","hLlQb+Tt3ZQrWOXwwmbdq5QztroxJDV5sHn3Yuse1R4Uzean3n2HIb8YeqyBw8NA","siL7t3nAQPxtaltTB1HoDJ4=","-----END PRIVATE KEY-----`;","const prvKeySsa = KEYUTIL.getKey(privateKeySsa);","var joseHeaderSsa = '{\"alg\":\"PS256\",\"kid\":\"90210\"}'","","var software_client_id = Math.random().toString(22).substring(3, 14) + Math.random().toString(36).substring(3, 14);","","console.log(\"time = \" + software_client_id);","","var payloadSoftwareStatement = '{\"software_mode\": \"Test\", \"software_environment\": \"sandbox\", \"software_client_uri\": \"https://develop.hsbc.com\",\"software_logo_uri\": \"https://develop.hsbc.com\",\"software_policy_uri\": \"https://develop.hsbc.com\",\"software_tos_uri\": \"https://develop.hsbc.com\",\"software_on_behalf_of_org\": \"\",\"software_client_description\": \"CoP Phase 2 Test Client\",\"software_jwks_revoked_endpoint\": \"https://keystore.openbankingtest.org.uk/00158000016i44JAAQ/revoked/gdSZ4eRo1c9Jv5kP8A0ymN.jwks\",\"software_roles\": [\"COPRequester\"],\"org_jwks_endpoint\": \"https://keystore.openbankingtest.org.uk/00158000016i44JAAQ/00158000016i44JAAQ.jwks\",\"org_status\": \"Active\",\"org_contacts\": [],\"organisation_competent_authority_claims\": [],\"org_id\": \"' + pm.environment.get(\"org_id\") + '\",\"org_name\": \"' + pm.environment.get(\"org_name\") + '\",\"org_jwks_revoked_endpoint\": \"https://keystore.openbankingtest.org.uk/00158000016i44JAAQ/revoked/00158000016i44JAAQ.jwks\",\"software_client_name\": \"Open Banking Test\",\"iss\": \"OpenBankingLtd\",\"iat\": 1556445993,\"jti\": \"45903DAE-3174-4E9E-9047-BBAE9C1A723F\",\"software_client_id\": \"' + software_client_id + '\",\"software_redirect_uris\": [\"https://develop.hsbc.com\"],\"software_id\": \"' + software_client_id + '\",\"software_jwks_endpoint\": \"' + pm.environment.get(\"jwks\") +'\"}'","var softwareStatement = KJUR.jws.JWS.sign(\"PS256\", joseHeaderSsa, payloadSoftwareStatement, prvKeySsa);","","","var sPKCS8PEM = pm.environment.get(\"prv_key\");","var prvKey = KEYUTIL.getKey(sPKCS8PEM);","var signingKid = pm.environment.get(\"kid\");","var joseHeader = '{\"alg\":\"PS256\",\"kid\":\"' + signingKid + '\"}'","","var payload = '{\"iss\": \"OpenBankingLtd\",\"aud\": \"' + pm.environment.get(\"register_aud\") +'\",\"scope\": \"name-verification\",\"redirect_uris\": [\"https://develop.hsbc.com\"],\"response_types\": [\"code id_token\"],\"grant_types\": [\"client_credentials\"],\"application_type\": \"web\",\"id_token_signed_response_alg\": \"PS256\",\"request_object_signing_alg\": \"PS256\",\"token_endpoint_auth_method\": \"private_key_jwt\",\"tls_client_auth_subject_dn\":\"'+pm.environment.get(\"subject_dn\")+'\",\"token_endpoint_auth_signing_alg\": \"PS256\",\"software_id\": \"' + software_client_id + '\",\"software_statement\":\"' + softwareStatement + '\",\"exp\": 1678062315,\"iat\": 1555506046,\"jti\": \"45903DAE-3174-4E9E-9047-BBAE9C1A723F\"}'","var requestJwt = KJUR.jws.JWS.sign(\"PS256\", joseHeader, payload, prvKey);","pm.environment.set(\"requestJwt\", requestJwt);"],"type":"text/javascript"}},{"listen":"test","script":{"id":"4260d81d-aa99-40d7-9fe6-fb4e8d77dfcc","exec":["tests[\"Status code is 201\"] = responseCode.code === 201;","","var jsonData = JSON.parse(responseBody);","tests[\"Contain ClientId\"] = (typeof jsonData.client_id !== \"undefined\");","","console.log(\"Set client_id = \" + jsonData.client_id);","pm.environment.set(\"client_id\", jsonData.client_id);","pm.environment.set(\"software_id\", jsonData.software_id);"],"type":"text/javascript"}}],"id":"a626528b-00b3-4281-af05-3d7363028abb","protocolProfileBehavior":{"disableBodyPruning":true},"request":{"auth":{"type":"noauth"},"method":"POST","header":[{"key":"Content-Type","name":"Content-Type","value":"application/jose","type":"text"}],"body":{"mode":"raw","raw":"{{requestJwt}}"},"url":{"raw":"{{register_url}}","host":["{{register_url}}"]}},"response":[]},{"name":"02 - Token","event":[{"listen":"prerequest","script":{"id":"ca8b5d26-f501-499c-b0a4-3cd6aa8eff17","exec":["var navigator = {};","var window = {};","eval(pm.environment.get(\"module:jsrsasign\"));","var sPKCS8PEM = pm.environment.get(\"prv_key\");","var prvKey = KEYUTIL.getKey(sPKCS8PEM);","var signingKid = pm.environment.get(\"kid\");","var joseHeader = '{\"alg\":\"PS256\",\"kid\":\"' + signingKid + '\"}';","var iss = pm.environment.get(\"client_id\")","var sub = pm.environment.get(\"client_id\")","var exp = Math.round(new Date().getTime()/1000) + 1200","var iat = Math.round(new Date().getTime()/1000)","console.log(\"time = \" + exp);","var payload = '{\"iss\": \"'+ iss +'\",\"aud\":  \"' + pm.environment.get(\"token_aud\") +'\",\"sub\":\"'+ sub +'\",\"exp\":'+ exp +'}';","var requestJwt = KJUR.jws.JWS.sign(\"PS256\", joseHeader, payload, prvKey);","pm.environment.set(\"client_Assertion\", requestJwt);"],"type":"text/javascript"}},{"listen":"test","script":{"id":"ac6caea8-9ed9-47e2-827c-4c86f4312a24","exec":["tests[\"Status code is 200\"] = responseCode.code === 200;","","var jsonData = JSON.parse(responseBody);","tests[\"Contain access_token\"] = (typeof jsonData.access_token !== \"undefined\");","","console.log(\"Set token_ccg = \" + jsonData.access_token);","pm.environment.set(\"token_ccg\", jsonData.access_token);"],"type":"text/javascript"}}],"id":"d5c00e57-0902-4726-af0f-ccc4652ab177","protocolProfileBehavior":{"disableBodyPruning":true},"request":{"auth":{"type":"noauth"},"method":"POST","header":[{"key":"Content-Type","name":"Content-Type","value":"application/x-www-form-urlencoded","type":"text"}],"body":{"mode":"urlencoded","urlencoded":[{"key":"grant_type","value":"client_credentials","type":"text"},{"key":"scope","value":"name-verification","type":"text"},{"key":"client_assertion_type","value":"urn:ietf:params:oauth:client-assertion-type:jwt-bearer","type":"text"},{"key":"client_assertion","value":"{{client_Assertion}}","type":"text"},{"key":"client_id","value":"{{client_id}}","type":"text","disabled":true}]},"url":{"raw":"{{token_url}}","host":["{{token_url}}"]}},"response":[]},{"name":"03 - Name Verification","event":[{"listen":"prerequest","script":{"id":"4523c5e3-166b-410c-b704-ca6e83f8b140","exec":["var navigator = {};","var window = {};","eval(pm.environment.get(\"module:jsrsasign\"));","const moment = require('moment');","pm.globals.set(\"timestamp\", moment().add(1, 'day').format(\"YYYY-MM-DD\") + \"T12:45:59+00:00\");","var time = pm.globals.get(\"timestamp\")","console.log(\"time\"+ time)","var iss_org = pm.environment.get(\"org_id\");","var iss_software = pm.environment.get(\"software_id\")","var iss = iss_org + \"/\" + iss_software","var ref = \"NUp2s\" + new Date().getTime();","pm.globals.set(\"Reference\",ref);","var payload = JSON.stringify({\"Data\":{\"SchemeName\":\"SortCodeAccountNumber\",\"AccountType\":\"Personal\",\"Identification\":40052000952559,\"Name\":\"Matthew CobaltQK\",\"SecondaryIdentification\":1}});","","pm.environment.set(\"payload\", payload);","var sPKCS8PEM = pm.environment.get(\"prv_key\");","var prvKey = KEYUTIL.getKey(sPKCS8PEM);","var signingKid = pm.environment.get(\"kid\");","var seconds = Math.floor(new Date() / 1000);","var joseHeader = JSON.stringify({\"alg\":\"PS256\",\"kid\": signingKid,\"typ\":\"JOSE\",\"cty\":\"application/json\",\"crit\":[\"http://openbanking.org.uk/iat\",\"http://openbanking.org.uk/iss\",\"http://openbanking.org.uk/tan\"],\"http://openbanking.org.uk/iat\":seconds,\"http://openbanking.org.uk/iss\": iss,\"http://openbanking.org.uk/tan\":\"openbankingtest.org.uk\"})","var prvKey = KEYUTIL.getKey(sPKCS8PEM);","var jws = KJUR.jws.JWS.sign(\"PS256\", joseHeader, payload, prvKey);","var jwsSplit = jws.split(\".\");","var jwsSignature = jws.replace(payload, \"\")","var jwsSignature = jwsSplit[0] + \"..\" + jwsSplit[2]","pm.environment.set(\"jwsSignature\", jwsSignature);","var idempotency = Math.random().toString(22).substring(3, 13) + Math.random().toString(36).substring(3, 13);","pm.environment.set(\"idempotency\", idempotency);"],"type":"text/javascript"}},{"listen":"test","script":{"id":"ead2c4ba-8dd9-4d5a-b6c2-8059cbe3037e","exec":["tests[\"Status code is 200\"] = responseCode.code === 200;"],"type":"text/javascript"}}],"id":"83335c24-648a-4ea5-b262-00603ac623ba","protocolProfileBehavior":{"disableBodyPruning":true},"request":{"auth":{"type":"noauth"},"method":"POST","header":[{"key":"Content-Type","name":"Content-Type","value":"application/json","type":"text"},{"key":"x-fapi-interaction-id","value":"12b258d1-bd3c-4be5-8731-c3e5e2e3c6f9","type":"text"},{"key":"Authorization","value":"Bearer {{token_ccg}}","type":"text"},{"key":"x-fapi-financial-id","value":"{{org_id}}","type":"text"},{"key":"x-jws-signature","value":"{{jwsSignature}}","type":"text"}],"body":{"mode":"raw","raw":"{\"Data\":{\"SchemeName\":\"SortCodeAccountNumber\",\"AccountType\":\"Personal\",\"Identification\":40052000952559,\"Name\":\"Matthew CobaltQK\",\"SecondaryIdentification\":1}}"},"url":{"raw":"{{name_verification_url}}","host":["{{name_verification_url}}"]}},"response":[]}]}