{"info":{"_postman_id":"d9731869-7bc3-4760-8e3d-966b7e1d016e","name":"RegHub internal (make sure proxy is switch off in postman)","schema":"https://schema.getpostman.com/json/collection/v2.1.0/collection.json"},"item":[{"name":"GET external org by org code","event":[{"listen":"prerequest","script":{"id":"27d668b1-d550-4789-94dd-821f97cfe191","exec":["    pm.environment.set('RESOURCE', '/v1/internal/external-organisations?externalOrganisationCode=HSBC');","    eval(pm.environment.get('AWS4_SIGNATURE_LIB'));","","const hostname = pm.environment.get('API_GATEWAY_DOMAIN');","const path = pm.environment.get('ENV_STAGE') + pm.environment.get('RESOURCE');","const accessKeyId = pm.environment.get('ACCESS_KEY_ID');","const secretAccessKey = pm.environment.get('SECRET_ACCESS_KEY');","const sessionToken = pm.environment.get('SESSION_TOKEN');","","// const requestBody = (!!pm.request.body && !!pm.request.body.raw) ? pm.request.body.raw : {};","// console.log(pm.request);","const signedRequest = sign({","    service: 'execute-api',","    method: 'GET',","    host: hostname,","    path: path","}, {","    accessKeyId: accessKeyId,","    secretAccessKey: secretAccessKey,","    sessionToken: sessionToken,","});","","pm.environment.set('COP-Authorization', signedRequest.headers.Authorization);","pm.environment.set('COP-X-Amz-Date', signedRequest.headers[\"X-Amz-Date\"]);","pm.environment.set('COP-X-Amz-Security-Token', signedRequest.headers[\"X-Amz-Security-Token\"]);"],"type":"text/javascript"}}],"id":"1aa55cb7-c0e2-4b1c-a87d-16a85a10eadb","protocolProfileBehavior":{"disableBodyPruning":true},"request":{"method":"GET","header":[{"key":"Authorization","value":"{{COP-Authorization}}","type":"text"},{"key":"X-Amz-Date","value":"{{COP-X-Amz-Date}}","type":"text"},{"key":"X-Amz-Security-Token","value":"{{COP-X-Amz-Security-Token}}","type":"text"}],"url":{"raw":"{{API_URL}}{{RESOURCE}}","host":["{{API_URL}}{{RESOURCE}}"]}},"response":[]},{"name":"Create external organisation","event":[{"listen":"prerequest","script":{"id":"18392079-428f-4971-9419-63b9cf47574e","exec":["pm.environment.set('RESOURCE', '/v1/internal/external-organisations');","eval(pm.environment.get('AWS4_SIGNATURE_LIB'));","","const hostname = pm.environment.get('API_GATEWAY_DOMAIN');","const path = pm.environment.get('ENV_STAGE') + pm.environment.get('RESOURCE');","const accessKeyId = pm.environment.get('ACCESS_KEY_ID');","const secretAccessKey = pm.environment.get('SECRET_ACCESS_KEY');","const sessionToken = pm.environment.get('SESSION_TOKEN');","","const requestBody = pm.request.body.raw;","// console.log(pm.request);","const signedRequest = sign({","    service: 'execute-api',","    method: 'POST',","    host: hostname,","    path: path,","    body: requestBody","}, {","    accessKeyId: accessKeyId,","    secretAccessKey: secretAccessKey,","    sessionToken: sessionToken,","});","","pm.environment.set('COP-Authorization', signedRequest.headers.Authorization);","pm.environment.set('COP-X-Amz-Date', signedRequest.headers[\"X-Amz-Date\"]);","pm.environment.set('COP-X-Amz-Security-Token', signedRequest.headers[\"X-Amz-Security-Token\"]);"],"type":"text/javascript"}}],"id":"b6e9df39-707c-4d8d-9899-f5fde9662f45","protocolProfileBehavior":{"disableBodyPruning":true},"request":{"method":"POST","header":[{"key":"Authorization","type":"text","value":"{{COP-Authorization}}"},{"key":"X-Amz-Date","type":"text","value":"{{COP-X-Amz-Date}}"},{"key":"X-Amz-Security-Token","type":"text","value":"{{COP-X-Amz-Security-Token}}"}],"body":{"mode":"raw","raw":"{\n  \"orgName\": \"HSBC M&S\",\n  \"orgId\" : \"321\",\n  \"orgCode\": \"HsbcBankCode\",\n  \"standardUuid\": \"e48154f9-3b01-4033-ba95-86c29a27e29c\",\n  \"justification\": \"Because I can\"\n}","options":{"raw":{"language":"json"}}},"url":{"raw":"{{API_URL}}{{RESOURCE}}","host":["{{API_URL}}{{RESOURCE}}"]}},"response":[]},{"name":"Create application registration (one step)","event":[{"listen":"prerequest","script":{"id":"dd0f4a1b-d278-48ef-baeb-c800ab8d3a1e","exec":["pm.environment.set('RESOURCE', '/v1/internal/application-registrations');","eval(pm.environment.get('AWS4_SIGNATURE_LIB'));","","const hostname = pm.environment.get('API_GATEWAY_DOMAIN');","const path = pm.environment.get('ENV_STAGE') + pm.environment.get('RESOURCE');","const accessKeyId = pm.environment.get('ACCESS_KEY_ID');","const secretAccessKey = pm.environment.get('SECRET_ACCESS_KEY');","const sessionToken = pm.environment.get('SESSION_TOKEN');","","const requestBody = pm.request.body.raw;","// console.log(pm.request);","const signedRequest = sign({","    service: 'execute-api',","    method: 'POST',","    host: hostname,","    path: path,","    body: requestBody","}, {","    accessKeyId: accessKeyId,","    secretAccessKey: secretAccessKey,","    sessionToken: sessionToken,","});","","pm.environment.set('COP-Authorization', signedRequest.headers.Authorization);","pm.environment.set('COP-X-Amz-Date', signedRequest.headers[\"X-Amz-Date\"]);","pm.environment.set('COP-X-Amz-Security-Token', signedRequest.headers[\"X-Amz-Security-Token\"]);"],"type":"text/javascript"}}],"id":"b79d0b10-6a0d-4f92-9121-54dd77ed41fb","protocolProfileBehavior":{"disableBodyPruning":true},"request":{"method":"POST","header":[{"key":"Authorization","type":"text","value":"{{COP-Authorization}}"},{"key":"X-Amz-Date","type":"text","value":"{{COP-X-Amz-Date}}"},{"key":"X-Amz-Security-Token","type":"text","value":"{{COP-X-Amz-Security-Token}}"}],"body":{"mode":"raw","raw":"{\n  \"orgName\": \"HSBC M&S\",\n  \"orgId\" : \"321\",\n  \"orgCode\": \"HsbcBankCode\",\n  \"standardUuid\": \"e48154f9-3b01-4033-ba95-86c29a27e29c\",\n  \"justification\": \"Because I can\"\n}","options":{"raw":{"language":"json"}}},"url":{"raw":"{{API_URL}}{{RESOURCE}}","host":["{{API_URL}}{{RESOURCE}}"]}},"response":[]},{"name":"GET registration Data","event":[{"listen":"prerequest","script":{"id":"4dfe84cc-8e38-42c3-82de-241696100296","exec":["    pm.environment.set('RESOURCE', '/v1/internal/registrations-data?externalOrganisationCode=HSBC&applicationClientId=a5afa86e-6f4e-4c95-b6bc-8c7c7a077343&authorityRegistrationOrgId=00158000016i44JAAQ');","    eval(pm.environment.get('AWS4_SIGNATURE_LIB'));","","const hostname = pm.environment.get('API_GATEWAY_DOMAIN');","const path = pm.environment.get('ENV_STAGE') + pm.environment.get('RESOURCE');","const accessKeyId = pm.environment.get('ACCESS_KEY_ID');","const secretAccessKey = pm.environment.get('SECRET_ACCESS_KEY');","const sessionToken = pm.environment.get('SESSION_TOKEN');","","// const requestBody = (!!pm.request.body && !!pm.request.body.raw) ? pm.request.body.raw : {};","// console.log(pm.request);","const signedRequest = sign({","    service: 'execute-api',","    method: 'GET',","    host: hostname,","    path: path","}, {","    accessKeyId: accessKeyId,","    secretAccessKey: secretAccessKey,","    sessionToken: sessionToken,","});","","pm.environment.set('COP-Authorization', signedRequest.headers.Authorization);","pm.environment.set('COP-X-Amz-Date', signedRequest.headers[\"X-Amz-Date\"]);","pm.environment.set('COP-X-Amz-Security-Token', signedRequest.headers[\"X-Amz-Security-Token\"]);"],"type":"text/javascript"}}],"id":"b718a9a6-88d2-477c-bbfc-8e1d39bff51f","protocolProfileBehavior":{"disableBodyPruning":true},"request":{"method":"GET","header":[{"key":"Authorization","type":"text","value":"{{COP-Authorization}}"},{"key":"X-Amz-Date","type":"text","value":"{{COP-X-Amz-Date}}"},{"key":"X-Amz-Security-Token","type":"text","value":"{{COP-X-Amz-Security-Token}}"}],"url":{"raw":"{{API_URL}}{{RESOURCE}}","host":["{{API_URL}}{{RESOURCE}}"]}},"response":[]}],"event":[{"listen":"prerequest","script":{"id":"86394cc8-7ac7-4a27-8499-ab63bfbb5b1a","type":"text/javascript","exec":[""]}},{"listen":"test","script":{"id":"231e6eac-f6ac-4f36-b80b-4cd79b0db9c7","type":"text/javascript","exec":[""]}}]}