{"info":{"_postman_id":"dfee8c5a-e6d0-464f-9b51-a568bdd5e6fa","name":"JIRA","schema":"https://schema.getpostman.com/json/collection/v2.1.0/collection.json"},"item":[{"name":"digital","item":[{"name":"GET ticket status","id":"3bf51afd-474d-46a7-9fb9-78b0cd3fd53a","protocolProfileBehavior":{"disableBodyPruning":true},"request":{"method":"GET","header":[],"url":{"raw":"https://wpb-jira.systems.uk.hsbc/rest/api/latest/issue/OBSSPT-562?fields=status","protocol":"https","host":["wpb-jira","systems","uk","hsbc"],"path":["rest","api","latest","issue","OBSSPT-562"],"query":[{"key":"fields","value":"status"}]}},"response":[]},{"name":"GET ticket type","id":"1293700c-9563-4832-b2a9-d97d2045b4b3","protocolProfileBehavior":{"disableBodyPruning":true},"request":{"method":"GET","header":[],"url":{"raw":"https://wpb-jira.systems.uk.hsbc/rest/api/latest/issue/OBSSPT-562?fields=issuetype","protocol":"https","host":["wpb-jira","systems","uk","hsbc"],"path":["rest","api","latest","issue","OBSSPT-562"],"query":[{"key":"fields","value":"issuetype"}]}},"response":[]},{"name":"GET all issue types","id":"5e04bc96-c87c-4334-81ce-14673a8c2c97","protocolProfileBehavior":{"disableBodyPruning":true},"request":{"method":"GET","header":[],"url":{"raw":"https://wpb-jira.systems.uk.hsbc/rest/api/latest/issuetype","protocol":"https","host":["wpb-jira","systems","uk","hsbc"],"path":["rest","api","latest","issuetype"]}},"response":[]},{"name":"GET all issue statuses","id":"2aeab571-9601-47dc-9a2a-e5ae48314a52","protocolProfileBehavior":{"disableBodyPruning":true},"request":{"method":"GET","header":[],"url":{"raw":"https://wpb-jira.systems.uk.hsbc/rest/api/latest/status","protocol":"https","host":["wpb-jira","systems","uk","hsbc"],"path":["rest","api","latest","status"]}},"response":[]},{"name":"GET all issue status categories","id":"5f8a72ae-ab7e-4960-bf49-fbc84b060f64","protocolProfileBehavior":{"disableBodyPruning":true},"request":{"method":"GET","header":[],"url":{"raw":"https://wpb-jira.systems.uk.hsbc/rest/api/latest/statuscategory","protocol":"https","host":["wpb-jira","systems","uk","hsbc"],"path":["rest","api","latest","statuscategory"]}},"response":[]}],"id":"14bb8e30-af93-4b2c-af9d-41a377811482"},{"name":"alm","item":[{"name":"GET all issue types","id":"35607b36-c2df-4d30-92e7-9cf2de143e4a","protocolProfileBehavior":{"disableBodyPruning":true},"request":{"auth":{"type":"basic","basic":[{"key":"password","value":"50A1-3249A1DD3","type":"string"},{"key":"username","value":"GB-SVC-OPBKOPS","type":"string"}]},"method":"GET","header":[],"url":{"raw":"https://alm-jira.systems.uk.hsbc/jira/rest/api/latest/issuetype","protocol":"https","host":["alm-jira","systems","uk","hsbc"],"path":["jira","rest","api","latest","issuetype"]}},"response":[]},{"name":"GET all issue statuses","id":"6e050188-678e-4b0e-882a-955e9a8833b1","protocolProfileBehavior":{"disableBodyPruning":true},"request":{"auth":{"type":"basic","basic":[{"key":"password","value":"50A1-3249A1DD3","type":"string"},{"key":"username","value":"GB-SVC-OPBKOPS","type":"string"}]},"method":"GET","header":[],"url":{"raw":"https://alm-jira.systems.uk.hsbc/jira/rest/api/latest/status","protocol":"https","host":["alm-jira","systems","uk","hsbc"],"path":["jira","rest","api","latest","status"]}},"response":[]},{"name":"GET ticket type","id":"19d77009-a3da-4c72-a24e-56361a47914c","protocolProfileBehavior":{"disableBodyPruning":true},"request":{"method":"GET","header":[],"url":{"raw":"https://alm-jira.systems.uk.hsbc/jira/rest/api/latest/issue/OBIT-201?fields=issuetype","protocol":"https","host":["alm-jira","systems","uk","hsbc"],"path":["jira","rest","api","latest","issue","OBIT-201"],"query":[{"key":"fields","value":"issuetype"}]}},"response":[]},{"name":"GET ticket status","id":"754a3c93-6174-457f-a8b0-cc171f1e9961","protocolProfileBehavior":{"disableBodyPruning":true},"request":{"method":"GET","header":[],"url":{"raw":"https://alm-jira.systems.uk.hsbc/jira/rest/api/latest/issue/OBIT-201?fields=status","protocol":"https","host":["alm-jira","systems","uk","hsbc"],"path":["jira","rest","api","latest","issue","OBIT-201"],"query":[{"key":"fields","value":"status"}]}},"response":[]},{"name":"GET all issue status categories Copy","id":"f2f4d578-b80d-4cf6-a9c8-4dec2ea64a01","protocolProfileBehavior":{"disableBodyPruning":true},"request":{"method":"GET","header":[],"url":{"raw":"https://wpb-jira.systems.uk.hsbc/rest/api/latest/statuscategory","protocol":"https","host":["wpb-jira","systems","uk","hsbc"],"path":["rest","api","latest","statuscategory"]}},"response":[]}],"id":"5ec43abb-dca1-40ae-9ec3-c43e7bcb4e8e","auth":{"type":"basic","basic":[{"key":"username","value":"GB-SVC-OPBKOPS","type":"string"},{"key":"password","value":"50A1-3249A1DD3","type":"string"}]},"event":[{"listen":"prerequest","script":{"id":"ab9fd484-2d6c-4bb4-b5c0-74908b6d8110","type":"text/javascript","exec":[""]}},{"listen":"test","script":{"id":"3655a538-9381-41c4-b0be-dc6c1ae7eb78","type":"text/javascript","exec":[""]}}]}],"auth":{"type":"bearer","bearer":[{"key":"token","value":"NDQ5Mzg5NTg5ODM2OpcLGbvK3jDXbvF+gRJTb+JYVOeA","type":"string"}]},"event":[{"listen":"prerequest","script":{"id":"9c530210-c7f5-45f9-afb0-9eb889c76e94","type":"text/javascript","exec":[""]}},{"listen":"test","script":{"id":"c45ab765-9932-46df-b3f6-cdfc7a376c60","type":"text/javascript","exec":[""]}}]}