{"info":{"_postman_id":"e369afe2-80af-454e-b986-f3a65445a8fa","name":"COP Outbound","schema":"https://schema.getpostman.com/json/collection/v2.1.0/collection.json"},"item":[{"name":"reference-data","item":[{"name":"reference-data","event":[{"listen":"prerequest","script":{"id":"80047885-90e4-454d-adaa-a35763388d6c","exec":["pm.environment.set('RESOURCE', '/administration/v1/reference-data');","eval(pm.environment.get('AWS4_SIGNATURE_LIB'));","","const hostname = pm.environment.get('API_GATEWAY_DOMAIN');","const path = pm.environment.get('ENV_STAGE') + pm.environment.get('RESOURCE');","const accessKeyId = pm.environment.get('ACCESS_KEY_ID');","const secretAccessKey = pm.environment.get('SECRET_ACCESS_KEY');","const sessionToken = pm.environment.get('SESSION_TOKEN');","","// console.log(pm.request);","const signedRequest = sign({","    service: 'execute-api',","    method: 'GET',","    host: hostname,","    path: path","}, {","    accessKeyId: accessKeyId,","    secretAccessKey: secretAccessKey,","    sessionToken: sessionToken,","});","","pm.environment.set('COP-Authorization', signedRequest.headers.Authorization);","pm.environment.set('COP-X-Amz-Date', signedRequest.headers[\"X-Amz-Date\"]);","pm.environment.set('COP-X-Amz-Security-Token', signedRequest.headers[\"X-Amz-Security-Token\"]);"],"type":"text/javascript"}}],"id":"3c1be8fc-d964-4f91-b47d-979657fc371a","protocolProfileBehavior":{"disableBodyPruning":true},"request":{"method":"GET","header":[{"key":"X-HSBC-Chnl-Group-Member","value":"HBEU","type":"text"},{"key":"X-HSBC-Request-Correlation-Id","value":"{{$guid}}","type":"text"},{"key":"Authorization","value":"{{COP-Authorization}}","type":"text"},{"key":"X-Amz-Date","value":"{{COP-X-Amz-Date}}","type":"text"},{"key":"X-Amz-Security-Token","value":"{{COP-X-Amz-Security-Token}}","type":"text"},{"key":"Content-Type","value":"application/json; charset=UTF-8","type":"text"}],"url":{"raw":"{{API_URL}}{{RESOURCE}}","host":["{{API_URL}}{{RESOURCE}}"]}},"response":[]},{"name":"reference-data-relationship","event":[{"listen":"test","script":{"id":"223e664b-bdd3-4ddb-acde-5580e7b1c704","exec":[""],"type":"text/javascript"}},{"listen":"prerequest","script":{"id":"2a5f8ac4-8e3b-465f-a26e-7362385a4ed1","exec":["pm.environment.set('RESOURCE', '/administration/v1/reference-data-relationship');","eval(pm.environment.get('AWS4_SIGNATURE_LIB'));","","const hostname = pm.environment.get('API_GATEWAY_DOMAIN');","const path = pm.environment.get('ENV_STAGE') + pm.environment.get('RESOURCE');","const accessKeyId = pm.environment.get('ACCESS_KEY_ID');","const secretAccessKey = pm.environment.get('SECRET_ACCESS_KEY');","const sessionToken = pm.environment.get('SESSION_TOKEN');","","// console.log(pm.request);","const signedRequest = sign({","    service: 'execute-api',","    method: 'GET',","    host: hostname,","    path: path","}, {","    accessKeyId: accessKeyId,","    secretAccessKey: secretAccessKey,","    sessionToken: sessionToken,","});","","pm.environment.set('COP-Authorization', signedRequest.headers.Authorization);","pm.environment.set('COP-X-Amz-Date', signedRequest.headers[\"X-Amz-Date\"]);","pm.environment.set('COP-X-Amz-Security-Token', signedRequest.headers[\"X-Amz-Security-Token\"]);"],"type":"text/javascript"}}],"id":"08da75aa-964f-4c37-b648-0054d5336b69","protocolProfileBehavior":{"disableBodyPruning":true},"request":{"method":"GET","header":[{"key":"X-HSBC-Chnl-Group-Member","value":"HBEU","type":"text"},{"key":"X-HSBC-Request-Correlation-Id","value":"{{$guid}}","type":"text"},{"key":"Authorization","value":"{{COP-Authorization}}","type":"text"},{"key":"X-Amz-Date","value":"{{COP-X-Amz-Date}}","type":"text"},{"key":"X-Amz-Security-Token","value":"{{COP-X-Amz-Security-Token}}","type":"text"},{"key":"Content-Type","value":"application/json; charset=UTF-8","type":"text"}],"url":{"raw":"{{API_URL}}{{RESOURCE}}","host":["{{API_URL}}{{RESOURCE}}"]}},"response":[]},{"name":"reference-data-relationship","event":[{"listen":"prerequest","script":{"id":"dd574f6f-560a-463b-b335-754682c9e09e","exec":["pm.environment.set('RESOURCE', '/administration/v1/reference-data-relationship');","eval(pm.environment.get('AWS4_SIGNATURE_LIB'));","","const hostname = pm.environment.get('API_GATEWAY_DOMAIN');","const path = pm.environment.get('ENV_STAGE') + pm.environment.get('RESOURCE');","const accessKeyId = pm.environment.get('ACCESS_KEY_ID');","const secretAccessKey = pm.environment.get('SECRET_ACCESS_KEY');","const sessionToken = pm.environment.get('SESSION_TOKEN');","","const requestBody = pm.request.body.raw;","// console.log(pm.request);","const signedRequest = sign({","    service: 'execute-api',","    method: 'POST',","    host: hostname,","    path: path,","    body: requestBody","}, {","    accessKeyId: accessKeyId,","    secretAccessKey: secretAccessKey,","    sessionToken: sessionToken,","});","","pm.environment.set('COP-Authorization', signedRequest.headers.Authorization);","pm.environment.set('COP-X-Amz-Date', signedRequest.headers[\"X-Amz-Date\"]);","pm.environment.set('COP-X-Amz-Security-Token', signedRequest.headers[\"X-Amz-Security-Token\"]);"],"type":"text/javascript"}}],"id":"af6260cb-1b9e-486f-bed0-0c013a70a37c","protocolProfileBehavior":{"disableBodyPruning":true},"request":{"method":"POST","header":[{"key":"X-HSBC-Chnl-Group-Member","value":"HBEU","type":"text"},{"key":"X-HSBC-Request-Correlation-Id","value":"{{$guid}}","type":"text"},{"key":"Authorization","value":"{{COP-Authorization}}","type":"text"},{"key":"X-Amz-Date","value":"{{COP-X-Amz-Date}}","type":"text"},{"key":"X-Amz-Security-Token","value":"{{COP-X-Amz-Security-Token}}","type":"text"},{"key":"Content-Type","value":"application/json; charset=UTF-8","type":"text"}],"body":{"mode":"raw","raw":"{\n\t\"referenceData\": \"0990\",\n    \"referenceDataDescription\": \"PrePay bank code mapping\",\n    \"referenceDataType\": \"BankCode\",\n    \"relReferenceData\": \"PrepayTechnologiesLtd\",\n    \"relReferenceDataDescription\": \"PrePay bank code mapping\",\n    \"relReferenceDataType\": \"OrgCode\"\n}"},"url":{"raw":"{{API_URL}}{{RESOURCE}}","host":["{{API_URL}}{{RESOURCE}}"]}},"response":[]},{"name":"reference-data-type","event":[{"listen":"test","script":{"id":"e089fb7e-a282-4adf-9a0e-e4a1552bfb1d","exec":[""],"type":"text/javascript"}},{"listen":"prerequest","script":{"id":"156e1475-7cd3-4bc3-bc49-9a51292410b1","exec":["pm.environment.set('RESOURCE', '/administration/v1/reference-data-type');","eval(pm.environment.get('AWS4_SIGNATURE_LIB'));","","const hostname = pm.environment.get('API_GATEWAY_DOMAIN');","const path = pm.environment.get('ENV_STAGE') + pm.environment.get('RESOURCE');","const accessKeyId = pm.environment.get('ACCESS_KEY_ID');","const secretAccessKey = pm.environment.get('SECRET_ACCESS_KEY');","const sessionToken = pm.environment.get('SESSION_TOKEN');","","// console.log(pm.request);","const signedRequest = sign({","    service: 'execute-api',","    method: 'GET',","    host: hostname,","    path: path","}, {","    accessKeyId: accessKeyId,","    secretAccessKey: secretAccessKey,","    sessionToken: sessionToken,","});","","pm.environment.set('COP-Authorization', signedRequest.headers.Authorization);","pm.environment.set('COP-X-Amz-Date', signedRequest.headers[\"X-Amz-Date\"]);","pm.environment.set('COP-X-Amz-Security-Token', signedRequest.headers[\"X-Amz-Security-Token\"]);"],"type":"text/javascript"}}],"id":"09bb5e48-0e93-4cc8-a76d-7405b28797e8","protocolProfileBehavior":{"disableBodyPruning":true},"request":{"method":"GET","header":[{"key":"X-HSBC-Chnl-Group-Member","value":"HBEU","type":"text"},{"key":"X-HSBC-Request-Correlation-Id","value":"{{$guid}}","type":"text"},{"key":"Authorization","value":"{{COP-Authorization}}","type":"text"},{"key":"X-Amz-Date","value":"{{COP-X-Amz-Date}}","type":"text"},{"key":"X-Amz-Security-Token","value":"{{COP-X-Amz-Security-Token}}","type":"text"},{"key":"Content-Type","value":"application/json; charset=UTF-8","type":"text"}],"url":{"raw":"{{API_URL}}{{RESOURCE}}","host":["{{API_URL}}{{RESOURCE}}"]}},"response":[]},{"name":"reference-data-type","event":[{"listen":"prerequest","script":{"id":"6174a0ec-51a4-4ee4-bf9b-64c64d01f023","exec":["pm.environment.set('RESOURCE', '/administration/v1/reference-data-type');","eval(pm.environment.get('AWS4_SIGNATURE_LIB'));","","const hostname = pm.environment.get('API_GATEWAY_DOMAIN');","const path = pm.environment.get('ENV_STAGE') + pm.environment.get('RESOURCE');","const accessKeyId = pm.environment.get('ACCESS_KEY_ID');","const secretAccessKey = pm.environment.get('SECRET_ACCESS_KEY');","const sessionToken = pm.environment.get('SESSION_TOKEN');","","const requestBody = pm.request.body.raw;","// console.log(pm.request);","const signedRequest = sign({","    service: 'execute-api',","    method: 'GET',","    host: hostname,","    path: path,","    body: requestBody","}, {","    accessKeyId: accessKeyId,","    secretAccessKey: secretAccessKey,","    sessionToken: sessionToken,","});","","pm.environment.set('COP-Authorization', signedRequest.headers.Authorization);","pm.environment.set('COP-X-Amz-Date', signedRequest.headers[\"X-Amz-Date\"]);","pm.environment.set('COP-X-Amz-Security-Token', signedRequest.headers[\"X-Amz-Security-Token\"]);"],"type":"text/javascript"}}],"id":"238cc844-0dc7-417b-9832-70335f22a37d","protocolProfileBehavior":{"disableBodyPruning":true},"request":{"method":"POST","header":[{"key":"X-HSBC-Chnl-Group-Member","value":"HBEU","type":"text"},{"key":"X-HSBC-Request-Correlation-Id","value":"{{$guid}}","type":"text"},{"key":"Authorization","value":"{{COP-Authorization}}","type":"text"},{"key":"X-Amz-Date","value":"{{COP-X-Amz-Date}}","type":"text"},{"key":"X-Amz-Security-Token","value":"{{COP-X-Amz-Security-Token}}","type":"text"},{"key":"Content-Type","value":"application/json; charset=UTF-8","type":"text"}],"body":{"mode":"raw","raw":"{\n\t\"refTypeCode\": \"refTypeCode\",\n\t\"refTypeDescription\": \"refTypeDescription\"\n}"},"url":{"raw":"{{API_URL}}{{RESOURCE}}","host":["{{API_URL}}{{RESOURCE}}"]}},"response":[]}],"id":"a47761c2-45f7-4989-af83-259df0734064"},{"name":"[DSP] authenticate","event":[{"listen":"test","script":{"id":"af5e7301-5c44-4ee7-a33c-1a52b1d8e477","exec":["pm.environment.set(\"tokenId\", pm.response.json().tokenId);"],"type":"text/javascript"}}],"id":"c435f341-1a04-4e8c-a0dd-d26b22145b57","protocolProfileBehavior":{"disableBodyPruning":true},"request":{"method":"POST","header":[{"key":"X-OpenAM-Password","value":"{{EMPL_PASS}}","type":"text"},{"key":"X-OpenAM-Username","value":"{{EMPL_NAME}} ","type":"text"},{"key":"Content-Type","name":"Content-Type","value":"application/json","type":"text"}],"body":{"mode":"raw","raw":""},"url":{"raw":"https://dsp-admin.p2g.netd2.hk.hsbc/dsp/json/authenticate?realm=staff&authIndexType=service&authIndexValue=ldapService","protocol":"https","host":["dsp-admin","p2g","netd2","hk","hsbc"],"path":["dsp","json","authenticate"],"query":[{"key":"realm","value":"staff"},{"key":"authIndexType","value":"service"},{"key":"authIndexValue","value":"ldapService"}]}},"response":[]},{"name":"[DSP] ssotoken to trusttoken","event":[{"listen":"prerequest","script":{"id":"72a967ae-61cf-45f1-91e7-4b103e9cad6e","exec":[""],"type":"text/javascript"}},{"listen":"test","script":{"id":"c9de5ffa-4f7c-4a9e-9133-a92b6b57e03d","exec":["pm.environment.set(\"SAMLToken\", pm.response.json()[0].attributes.SAMLToken[0]);"],"type":"text/javascript"}}],"id":"a3146045-86bd-403b-85e8-fc147e8eaf61","protocolProfileBehavior":{"disableBodyPruning":true},"request":{"method":"POST","header":[{"key":"Content-Type","value":"application/json","type":"text"}],"body":{"mode":"raw","raw":"{\r\n\t\"input_token_state\": {\r\n\t\t\"token_type\": \"SSOTOKEN\",\r\n\t\t\"tokenId\": \"{{tokenId}}\"\r\n\t},\r\n\t\"output_token_state\": {\r\n\t\t\"token_type\": \"SECPSAML3\",\r\n\t\t\"subject_confirmation\": \"BEARER\"\r\n\t}\r\n}"},"url":{"raw":"https://dsp-admin.p2g.netd2.hk.hsbc/dsp/rest-sts/staff/v1/ssotoken_to_trusttoken?_action=translate","protocol":"https","host":["dsp-admin","p2g","netd2","hk","hsbc"],"path":["dsp","rest-sts","staff","v1","ssotoken_to_trusttoken"],"query":[{"key":"_action","value":"translate"}]}},"response":[]},{"name":"[MTLS] name verification","id":"6cbd2879-e732-4182-a97f-8510049dde82","protocolProfileBehavior":{"disableBodyPruning":true},"request":{"method":"POST","header":[{"key":"X-HSBC-Chnl-Group-Member","value":"FSDT"},{"key":"X-HSBC-Request-Correlation-Id","value":"81f054d8-2a3c-4499-ae21-520270a184cd"},{"key":"X-HSBC-Saml3","value":"{{SAMLToken}}"},{"key":"Content-Type","value":"application/json; charset=UTF-8"},{"key":"X-HSBC-Client-Id","value":"COP2","type":"text"},{"key":"X-HSBC-Src-UserAgent","value":"test user agent","type":"text"}],"body":{"mode":"raw","raw":"{\n    \"accountType\": \"Personal\",\n    \"sortCode\": \"304050\",\n    \"accountNumber\": \"55124568\",\n    \"name\": \"Max Holding\",\n    \"secondaryIdentification\": \"does not matter\",\n    \"bankCode\": \"0935\"\n}","options":{"raw":{"language":"json"}}},"url":{"raw":"{{MTLS_API_URL}}/v2/external-confirmation-of-payee","host":["{{MTLS_API_URL}}"],"path":["v2","external-confirmation-of-payee"]},"description":"This API is secured by custom AWS authorizer. Please provide one of the following request headers\n* X-HSBC-E2E-Trust-Token\n* X-HSBC-Saml3\n* X-HSBC-Saml2\n\nMore details about API trust model can be found [here](https://digital-confluence.systems.uk.hsbc/confluence/display/ingestion/DIP+High+Level+design#DIPHighLeveldesign-APITrustmodel)\n\nAPI also requires two more headers:\n* X-HSBC-Chnl-Group-Member\n* X-HSBC-Request-Correlation-Id\n\nFor more details about COP outbound API request, headers, etc. please check our [documentation](https://digital-confluence.systems.uk.hsbc/confluence/display/ingestion/API+Specification+-+1.0+-+external-confirmation-of-payee)"},"response":[]},{"name":"[MTLS] get secondary reference accounts","id":"4587f758-273b-45ca-8259-9c940f0b5601","protocolProfileBehavior":{"disableBodyPruning":true},"request":{"method":"GET","header":[{"key":"X-HSBC-Chnl-Group-Member","value":"HBEU"},{"key":"X-HSBC-Request-Correlation-Id","value":"475a2a70-13bc-4535-91e0-a3a4c8ac32e0"},{"key":"X-HSBC-Saml3","value":"{{SAMLToken}}"},{"key":"Content-Type","value":"application/json; charset=UTF-8"},{"key":"X-HSBC-Client-Id","value":"COP2","type":"text"},{"key":"X-HSBC-Src-UserAgent","value":"test user agent","type":"text"}],"url":{"raw":"{{MTLS_API_URL}}/v2/secondary-reference-accounts","host":["{{MTLS_API_URL}}"],"path":["v2","secondary-reference-accounts"]},"description":"This API is secured by custom AWS authorizer. Please provide one of the following request headers\n* X-HSBC-E2E-Trust-Token\n* X-HSBC-Saml3\n* X-HSBC-Saml2\n\nMore details about API trust model can be found [here](https://digital-confluence.systems.uk.hsbc/confluence/display/ingestion/DIP+High+Level+design#DIPHighLeveldesign-APITrustmodel)\n\nAPI also requires two more headers:\n* X-HSBC-Chnl-Group-Member\n* X-HSBC-Request-Correlation-Id\n\nFor more details about COP outbound API request, headers, etc. please check our [documentation](https://digital-confluence.systems.uk.hsbc/confluence/display/ingestion/API+Specification+-+1.0+-+external-confirmation-of-payee)"},"response":[]},{"name":"[MTLS] check secondary reference accounts","id":"faefbd19-1f9b-4998-bfb1-bb2159e1c0c2","protocolProfileBehavior":{"disableBodyPruning":true},"request":{"method":"POST","header":[{"key":"X-HSBC-Chnl-Group-Member","value":"HBEU"},{"key":"X-HSBC-Request-Correlation-Id","value":"d329b37a-fb7c-11ec-b939-0242ac120002"},{"key":"X-HSBC-Saml3","value":"{{SAMLToken}}"},{"key":"Content-Type","value":"application/json; charset=UTF-8"},{"key":"X-HSBC-Client-Id","value":"COP2","type":"text"},{"key":"X-HSBC-Src-UserAgent","value":"test user agent","type":"text"}],"body":{"mode":"raw","raw":"[\n    {\n        \"sortCode\": \"123456\",\n        \"accountNumber\": \"09090909\"\n    },\n    {\n        \"sortCode\": \"564564\",\n        \"accountNumber\": \"12345678\"\n    },\n    {\n        \"sortCode\": \"676767\",\n        \"accountNumber\": \"01010101\"\n    },\n    {\n        \"sortCode\": \"400555\",\n        \"accountNumber\": \"07070707\"\n    }\n]"},"url":{"raw":"{{MTLS_API_URL}}/v2/secondary-reference-account-statuses","host":["{{MTLS_API_URL}}"],"path":["v2","secondary-reference-account-statuses"]},"description":"This API is secured by custom AWS authorizer. Please provide one of the following request headers\n* X-HSBC-E2E-Trust-Token\n* X-HSBC-Saml3\n* X-HSBC-Saml2\n\nMore details about API trust model can be found [here](https://digital-confluence.systems.uk.hsbc/confluence/display/ingestion/DIP+High+Level+design#DIPHighLeveldesign-APITrustmodel)\n\nAPI also requires two more headers:\n* X-HSBC-Chnl-Group-Member\n* X-HSBC-Request-Correlation-Id\n\nFor more details about COP outbound API request, headers, etc. please check our [documentation](https://digital-confluence.systems.uk.hsbc/confluence/display/ingestion/API+Specification+-+1.0+-+external-confirmation-of-payee)"},"response":[]},{"name":"name verification","id":"14c63ca7-e018-4d72-b2cb-89fe0032c23a","protocolProfileBehavior":{"disableBodyPruning":true},"request":{"method":"POST","header":[{"key":"X-HSBC-Chnl-Group-Member","value":"FSDT"},{"key":"X-HSBC-Request-Correlation-Id","value":"71a4905a-dbf3-11ec-9d64-0242ac120002"},{"key":"X-HSBC-Saml3","value":"{{SAMLToken}}"},{"key":"Content-Type","value":"application/json; charset=UTF-8"}],"body":{"mode":"raw","raw":"{\n    \"accountType\": \"Personal\",\n    \"sortCode\": \"304050\",\n    \"accountNumber\": \"55124568\",\n    \"name\": \"Max Holding\",\n    \"secondaryIdentification\": \"does not matter\",\n    \"bankCode\": \"0936\"\n}"},"url":{"raw":"{{API_URL}}/v1/external-confirmation-of-payee","host":["{{API_URL}}"],"path":["v1","external-confirmation-of-payee"]},"description":"This API is secured by custom AWS authorizer. Please provide one of the following request headers\n* X-HSBC-E2E-Trust-Token\n* X-HSBC-Saml3\n* X-HSBC-Saml2\n\nMore details about API trust model can be found [here](https://digital-confluence.systems.uk.hsbc/confluence/display/ingestion/DIP+High+Level+design#DIPHighLeveldesign-APITrustmodel)\n\nAPI also requires two more headers:\n* X-HSBC-Chnl-Group-Member\n* X-HSBC-Request-Correlation-Id\n\nFor more details about COP outbound API request, headers, etc. please check our [documentation](https://digital-confluence.systems.uk.hsbc/confluence/display/ingestion/API+Specification+-+1.0+-+external-confirmation-of-payee)"},"response":[]},{"name":"(LEGACY) JSON Administration API template (CUSTOM AWS SIGNATURE)","event":[{"listen":"prerequest","script":{"id":"3273babd-4c43-4efd-a1a9-ce6a5e81f757","exec":["//Please set RESOURCE environment value to withouth including API Gateway stage","pm.environment.set('RESOURCE', '/v1.0/json-test');","eval(pm.environment.get('AWS4_SIGNATURE_LIB'));","","const hostname = pm.environment.get('API_GATEWAY_DOMAIN');","const path = pm.environment.get('ENV_STAGE') + pm.environment.get('RESOURCE');","const accessKeyId = pm.environment.get('ACCESS_KEY_ID');","const secretAccessKey = pm.environment.get('SECRET_ACCESS_KEY');","const sessionToken = pm.environment.get('SESSION_TOKEN');","","const requestBody = pm.request.body.raw;","// console.log(pm.request);","const signedRequest = sign({","    service: 'execute-api',","    method: 'POST',","    host: hostname,","    path: path,","    body: requestBody","}, {","    accessKeyId: accessKeyId,","    secretAccessKey: secretAccessKey,","    sessionToken: sessionToken,","});","","pm.environment.set('COP-Authorization', signedRequest.headers.Authorization);","pm.environment.set('COP-X-Amz-Date', signedRequest.headers[\"X-Amz-Date\"]);","pm.environment.set('COP-X-Amz-Security-Token', signedRequest.headers[\"X-Amz-Security-Token\"]);"],"type":"text/javascript"}}],"id":"441cfdb0-6734-4e84-a45d-09262450554d","protocolProfileBehavior":{"disableBodyPruning":true},"request":{"auth":{"type":"noauth"},"method":"POST","header":[{"key":"Authorization","type":"text","value":"{{COP-Authorization}}"},{"key":"X-Amz-Date","type":"text","value":"{{COP-X-Amz-Date}}"},{"key":"X-Amz-Security-Token","type":"text","value":"{{COP-X-Amz-Security-Token}}"},{"key":"Content-Type","name":"Content-Type","type":"text","value":"application/json"}],"body":{"mode":"raw","raw":"{\n\t\"test\" : \"json\"\n}"},"url":{"raw":"{{API_URL}}{{RESOURCE}}","host":["{{API_URL}}{{RESOURCE}}"]},"description":"* DIP administration API(s) are secured using [AWS IAM authorization](https://docs.aws.amazon.com/apigateway/latest/developerguide/api-gateway-control-access-using-iam-policies-to-invoke-api.html). In order to successfully invoke this API, request need to be signed. Therefore please set values for `ACCESS_KEY_ID`, `SECRET_ACCESS_KEY` & `SESSION_TOKEN` environment variables which are used during signing process.\n* please view Pre-request-Script instructions"},"response":[]},{"name":"(LEGACY) load COP participants","event":[{"listen":"prerequest","script":{"id":"6b4f22a6-5733-43ed-be0e-533367b381fb","exec":["pm.environment.set('RESOURCE', pm.environment.get('COP_URL'));","eval(pm.environment.get('AWS4_SIGNATURE_LIB'));","","const hostname = pm.environment.get('API_GATEWAY_DOMAIN');","const path = pm.environment.get('ENV_STAGE') + pm.environment.get('RESOURCE');","const accessKeyId = pm.environment.get('ACCESS_KEY_ID');","const secretAccessKey = pm.environment.get('SECRET_ACCESS_KEY');","const sessionToken = pm.environment.get('SESSION_TOKEN');","","const requestBody = pm.request.body.raw;","// console.log(pm.request);","const signedRequest = sign({","    service: 'execute-api',","    method: 'POST',","    host: hostname,","    path: path,","    body: requestBody","}, {","    accessKeyId: accessKeyId,","    secretAccessKey: secretAccessKey,","    sessionToken: sessionToken,","});","","pm.environment.set('COP-Authorization', signedRequest.headers.Authorization);","pm.environment.set('COP-X-Amz-Date', signedRequest.headers[\"X-Amz-Date\"]);","pm.environment.set('COP-X-Amz-Security-Token', signedRequest.headers[\"X-Amz-Security-Token\"]);"],"type":"text/javascript"}}],"id":"ce962f7b-c0c4-41ca-a9e8-84864e451ef8","protocolProfileBehavior":{"disableBodyPruning":true},"request":{"auth":{"type":"noauth"},"method":"POST","header":[{"key":"Authorization","type":"text","value":"{{COP-Authorization}}"},{"key":"X-Amz-Date","type":"text","value":"{{COP-X-Amz-Date}}"},{"key":"X-Amz-Security-Token","type":"text","value":"{{COP-X-Amz-Security-Token}}"},{"key":"Content-Type","type":"text","value":"text/csv"}],"body":{"mode":"raw","raw":"Participant Name,OB Org ID,Bank code(S),CoP endpoint URL,Respond live date,Respond end date,Send live date,Send end date,Change indicator\nAdditional bank cross check report 1,OB/2019/240,0240,https://03x5v9n1fe.execute-api.eu-west-1.amazonaws.com/dev/aspsp-cop-stub/0240/open-banking/v3.1/confirmation-payee/accounts/name-verification,01/11/2019,,01/11/2019,,\nAmber Bank,OB/2019/200,0200,https://03x5v9n1fe.execute-api.eu-west-1.amazonaws.com/dev/aspsp-cop-stub/0200/open-banking/v3.1/confirmation-payee/accounts/name-verification,01/11/2019,,01/11/2019,,\nSantruder Bank,OB/2019/201,0201,https://03x5v9n1fe.execute-api.eu-west-1.amazonaws.com/dev/aspsp-cop-stub/0201/open-banking/v3.1/confirmation-payee/accounts/name-verification,01/11/2019,,01/11/2019,,\nPOK BP,OB/2019/202,0202,https://03x5v9n1fe.execute-api.eu-west-1.amazonaws.com/dev/aspsp-cop-stub/0202/open-banking/v3.1/confirmation-payee/accounts/name-verification,01/11/2019,,01/11/2019,,\nnBank,OB/2019/203,0203,https://03x5v9n1fe.execute-api.eu-west-1.amazonaws.com/dev/aspsp-cop-stub/0203/open-banking/v3.1/confirmation-payee/accounts/name-verification,01/11/2019,,01/11/2019,,\nBOSS Bank,OB/2019/204,0204,https://03x5v9n1fe.execute-api.eu-west-1.amazonaws.com/dev/aspsp-cop-stub/0204/open-banking/v3.1/confirmation-payee/accounts/name-verification,01/11/2019,,01/11/2019,,\nBGZ,OB/2019/205,0205,https://03x5v9n1fe.execute-api.eu-west-1.amazonaws.com/dev/aspsp-cop-stub/0205/open-banking/v3.1/confirmation-payee/accounts/name-verification,01/11/2019,,01/11/2019,,\nPeKaWu SA,OB/2019/206,0206,https://03x5v9n1fe.execute-api.eu-west-1.amazonaws.com/dev/aspsp-cop-stub/0206/open-banking/v3.1/confirmation-payee/accounts/name-verification,01/11/2019,,01/11/2019,,\nINH Bank Rolski,OB/2019/207,0207,https://03x5v9n1fe.execute-api.eu-west-1.amazonaws.com/dev/aspsp-cop-stub/0207/open-banking/v3.1/confirmation-payee/accounts/name-verification,01/11/2019,,01/11/2019,,\nBank Millenials,OB/2019/208,0208,https://03x5v9n1fe.execute-api.eu-west-1.amazonaws.com/dev/aspsp-cop-stub/0208/open-banking/v3.1/confirmation-payee/accounts/name-verification,01/11/2019,,01/11/2019,,\nBank BNR Raribas,OB/2019/209,0209,https://03x5v9n1fe.execute-api.eu-west-1.amazonaws.com/dev/aspsp-cop-stub/0209/open-banking/v3.1/confirmation-payee/accounts/name-verification,01/11/2019,,01/11/2019,,\nLetin Noble Bank,OB/2019/210,0210,https://03x5v9n1fe.execute-api.eu-west-1.amazonaws.com/dev/aspsp-cop-stub/0210/open-banking/v3.1/confirmation-payee/accounts/name-verification,01/11/2019,,01/11/2019,,\nRaisen Bank International,OB/2019/224,0224,https://03x5v9n1fe.execute-api.eu-west-1.amazonaws.com/dev/aspsp-cop-stub/0224/open-banking/v3.1/confirmation-payee/accounts/name-verification,01/11/2019,,01/11/2019,,\nTiti Handlowy,OB/2019/212,0212,https://03x5v9n1fe.execute-api.eu-west-1.amazonaws.com/dev/aspsp-cop-stub/0212/open-banking/v3.1/confirmation-payee/accounts/name-verification,01/11/2019,,01/11/2019,,\nVery slow bank,OB/2019/213,0213,https://03x5v9n1fe.execute-api.eu-west-1.amazonaws.com/dev/aspsp-cop-stub/0213/open-banking/v3.1/confirmation-payee/accounts/name-verification,01/11/2019,,01/11/2019,,\nJust slow bank,OB/2019/214,0214,https://03x5v9n1fe.execute-api.eu-west-1.amazonaws.com/dev/aspsp-cop-stub/0214/open-banking/v3.1/confirmation-payee/accounts/name-verification,01/11/2019,,01/11/2019,,\nNo match bank,OB/2019/215,0215,https://03x5v9n1fe.execute-api.eu-west-1.amazonaws.com/dev/aspsp-cop-stub/0215/open-banking/v3.1/confirmation-payee/accounts/name-verification,01/11/2019,,01/11/2019,,\nNo report bank,OB/2019/216,0216,https://03x5v9n1fe.execute-api.eu-west-1.amazonaws.com/dev/aspsp-cop-stub/0216/open-banking/v3.1/confirmation-payee/accounts/name-verification,01/11/2019,,01/11/2019,,\ncorrupted bank,OB/2019/217,0217,https://03x5v9n1fe.execute-api.eu-west-1.amazonaws.com/dev/aspsp-cop-stub/0217/open-banking/v3.1/confirmation-payee/accounts/name-verification,01/11/2019,,01/11/2019,,\nunknown reason bank,OB/2019/218,0218,https://03x5v9n1fe.execute-api.eu-west-1.amazonaws.com/dev/aspsp-cop-stub/0218/open-banking/v3.1/confirmation-payee/accounts/name-verification,01/11/2019,,01/11/2019,,\ninactive external org bank,OB/2019/225,0225,https://03x5v9n1fe.execute-api.eu-west-1.amazonaws.com/dev/aspsp-cop-stub/0225/open-banking/v3.1/confirmation-payee/accounts/name-verification,01/11/2019,,01/11/2019,,\ninactive application registration bank,OB/2019/226,0226,https://03x5v9n1fe.execute-api.eu-west-1.amazonaws.com/dev/aspsp-cop-stub/0226/open-banking/v3.1/confirmation-payee/accounts/name-verification,01/11/2019,,01/11/2019,,\nThe same org id bank 1,OB/2019/250,0250,https://03x5v9n1fe.execute-api.eu-west-1.amazonaws.com/dev/aspsp-cop-stub/0250/open-banking/v3.1/confirmation-payee/accounts/name-verification,01/11/2019,,01/11/2019,,\nThe same org id bank 2,OB/2019/250,0251,https://03x5v9n1fe.execute-api.eu-west-1.amazonaws.com/dev/aspsp-cop-stub/0251/open-banking/v3.1/confirmation-payee/accounts/name-verification,01/11/2019,,01/11/2019,,\nAdditional bank cross check report 2,OB/2019/241,0241,https://03x5v9n1fe.execute-api.eu-west-1.amazonaws.com/dev/aspsp-cop-stub/0241/open-banking/v3.1/confirmation-payee/accounts/name-verification,01/11/2019,,01/11/2019,,\nBad Idea Bank,OB/2019/400,0400,https://03x5v9n1fe.execute-api.eu-west-1.amazonaws.com/dev/aspsp-cop-stub/0400/open-banking/v3.1/confirmation-payee/accounts/name-verification,01/11/2019,,01/11/2019,,\nBad Moment Bank,OB/2019/402,0402,https://03x5v9n1fe.execute-api.eu-west-1.amazonaws.com/dev/aspsp-cop-stub/0402/open-banking/v3.1/confirmation-payee/accounts/name-verification,01/11/2019,,01/11/2019,,\nCredit All,OB/2019/401,0401,https://03x5v9n1fe.execute-api.eu-west-1.amazonaws.com/dev/aspsp-cop-stub/0401/open-banking/v3.1/confirmation-payee/accounts/name-verification,01/11/2019,,01/11/2019,,\nFraud Bank,OB/2019/403,0403,https://03x5v9n1fe.execute-api.eu-west-1.amazonaws.com/dev/aspsp-cop-stub/0403/open-banking/v3.1/confirmation-payee/accounts/name-verification,01/11/2019,,01/11/2019,,\nBank Not Fund,OB/2019/404,0404,https://03x5v9n1fe.execute-api.eu-west-1.amazonaws.com/dev/aspsp-cop-stub/0404/open-banking/v3.1/confirmation-payee/accounts/name-verification,01/11/2019,,01/11/2019,,\nMoney Not Allowed Bank,OB/2019/405,0405,https://03x5v9n1fe.execute-api.eu-west-1.amazonaws.com/dev/aspsp-cop-stub/0405/open-banking/v3.1/confirmation-payee/accounts/name-verification,01/11/2019,,01/11/2019,,\nUnacceptable Bank,OB/2019/406,0406,https://03x5v9n1fe.execute-api.eu-west-1.amazonaws.com/dev/aspsp-cop-stub/0406/open-banking/v3.1/confirmation-payee/accounts/name-verification,01/11/2019,,01/11/2019,,\nProxy Bank,OB/2019/407,0407,https://03x5v9n1fe.execute-api.eu-west-1.amazonaws.com/dev/aspsp-cop-stub/0407/open-banking/v3.1/confirmation-payee/accounts/name-verification,01/11/2019,,01/11/2019,,\nToo much Bank,OB/2019/429,0429,https://03x5v9n1fe.execute-api.eu-west-1.amazonaws.com/dev/aspsp-cop-stub/0429/open-banking/v3.1/confirmation-payee/accounts/name-verification,01/11/2019,,01/11/2019,,\nUnavailable Bank 2,OB/2019/009,0009,https://03x5v9n1fe.execute-api.eu-west-1.amazonaws.com/dev/aspsp-cop-stub/0009/open-banking/v3.1/confirmation-payee/accounts/name-verification,01/11/2019,,01/11/2019,,\nTimeout Bank 2,OB/2019/010,0010,https://03x5v9n1fe.execute-api.eu-west-1.amazonaws.com/dev/aspsp-cop-stub/0010/open-banking/v3.1/confirmation-payee/accounts/name-verification,01/11/2019,,01/11/2019,,\nInternal Crisis Bank,OB/2019/500,0500,https://03x5v9n1fe.execute-api.eu-west-1.amazonaws.com/dev/aspsp-cop-stub/0500/open-banking/v3.1/confirmation-payee/accounts/name-verification,01/11/2019,,01/11/2019,,\nInternal Bank,OB/2019/502,0502,https://03x5v9n1fe.execute-api.eu-west-1.amazonaws.com/dev/aspsp-cop-stub/0502/open-banking/v3.1/confirmation-payee/accounts/name-verification,01/11/2019,,01/11/2019,,\nUnavailable Bank,OB/2019/503,0503,https://03x5v9n1fe.execute-api.eu-west-1.amazonaws.com/dev/aspsp-cop-stub/0503/open-banking/v3.1/confirmation-payee/accounts/name-verification,01/11/2019,,01/11/2019,,\nTimeout Bank,OB/2019/504,0504,https://03x5v9n1fe.execute-api.eu-west-1.amazonaws.com/dev/aspsp-cop-stub/0504/open-banking/v3.1/confirmation-payee/accounts/name-verification,01/11/2019,,01/11/2019,,\nBroken message Bank,OB/2019/505,0505,https://03x5v9n1fe.execute-api.eu-west-1.amazonaws.com/dev/aspsp-cop-stub/0505/open-banking/v3.1/confirmation-payee/accounts/name-verification,01/11/2019,,01/11/2019,,\nNot live yet Bank,OB/2019/601,0601,https://03x5v9n1fe.execute-api.eu-west-1.amazonaws.com/dev/aspsp-cop-stub/0601/open-banking/v3.1/confirmation-payee/accounts/name-verification,01/11/2035,,01/11/2019,,\nNot live anymore Bank,OB/2019/602,0602,https://03x5v9n1fe.execute-api.eu-west-1.amazonaws.com/dev/aspsp-cop-stub/0602/open-banking/v3.1/confirmation-payee/accounts/name-verification,01/11/2019,02/11/2019,01/11/2019,,\nNot single live yet Bank,OB/2019/603,0603 0604 0605,https://03x5v9n1fe.execute-api.eu-west-1.amazonaws.com/dev/aspsp-cop-stub/0601/open-banking/v3.1/confirmation-payee/accounts/name-verification,01/11/2035,,01/11/2019,,\nNot single live anymore Bank,OB/2019/606,0606 0607 0608,https://03x5v9n1fe.execute-api.eu-west-1.amazonaws.com/dev/aspsp-cop-stub/0606/open-banking/v3.1/confirmation-payee/accounts/name-verification,01/11/2019,02/11/2019,01/11/2019,,\nBank code not a known bank,OB/2019/609,0609,https://03x5v9n1fe.execute-api.eu-west-1.amazonaws.com/dev/aspsp-cop-stub/0609/open-banking/v3.1/confirmation-payee/accounts/name-verification,01/11/2019,,01/11/2019,,\nBank code not registered,OB/2019/610,0610,https://03x5v9n1fe.execute-api.eu-west-1.amazonaws.com/dev/aspsp-cop-stub/0610/open-banking/v3.1/confirmation-payee/accounts/name-verification,01/11/2019,,01/11/2019,,\nWellKnown missing,OB/2019/700,0700,https://03x5v9n1fe.execute-api.eu-west-1.amazonaws.com/dev/aspsp-cop-stub/0700/open-banking/v3.1/confirmation-payee/accounts/name-verification,01/11/2019,,01/11/2019,,\nWellKnown broken1,OB/2019/701,0701,https://03x5v9n1fe.execute-api.eu-west-1.amazonaws.com/dev/aspsp-cop-stub/0701/open-banking/v3.1/confirmation-payee/accounts/name-verification,01/11/2019,,01/11/2019,,\nWellKnown broken2,OB/2019/702,0702,https://03x5v9n1fe.execute-api.eu-west-1.amazonaws.com/dev/aspsp-cop-stub/0702/open-banking/v3.1/confirmation-payee/accounts/name-verification,01/11/2019,,01/11/2019,,\nWellKnown broken3,OB/2019/703,0703,https://03x5v9n1fe.execute-api.eu-west-1.amazonaws.com/dev/aspsp-cop-stub/0703/open-banking/v3.1/confirmation-payee/accounts/name-verification,01/11/2019,,01/11/2019,,\nWellKnown broken4,OB/2019/704,0704,https://03x5v9n1fe.execute-api.eu-west-1.amazonaws.com/dev/aspsp-cop-stub/0704/open-banking/v3.1/confirmation-payee/accounts/name-verification,01/11/2019,,01/11/2019,,\nWellKnown broken5,OB/2019/705,0705,https://03x5v9n1fe.execute-api.eu-west-1.amazonaws.com/dev/aspsp-cop-stub/0705/open-banking/v3.1/confirmation-payee/accounts/name-verification,01/11/2019,,01/11/2019,,\nWellKnown broken6,OB/2019/706,0706,https://03x5v9n1fe.execute-api.eu-west-1.amazonaws.com/dev/aspsp-cop-stub/0706/open-banking/v3.1/confirmation-payee/accounts/name-verification,01/11/2019,,01/11/2019,,\nWellKnown broken7,OB/2019/707,0707,https://03x5v9n1fe.execute-api.eu-west-1.amazonaws.com/dev/aspsp-cop-stub/0707/open-banking/v3.1/confirmation-payee/accounts/name-verification,01/11/2019,,01/11/2019,,\nTN_PKJWT,OB/2019/801,0801,https://03x5v9n1fe.execute-api.eu-west-1.amazonaws.com/dev/aspsp-cop-stub/0801/open-banking/v3.1/confirmation-payee/accounts/name-verification,01/11/2019,,01/11/2019,,\nTN_MTLS,OB/2019/802,0802,https://03x5v9n1fe.execute-api.eu-west-1.amazonaws.com/dev/aspsp-cop-stub/0802/open-banking/v3.1/confirmation-payee/accounts/name-verification,01/11/2019,,01/11/2019,,\nTN_ERR_200,OB/2019/8200,8200,https://03x5v9n1fe.execute-api.eu-west-1.amazonaws.com/dev/aspsp-cop-stub/8200/open-banking/v3.1/confirmation-payee/accounts/name-verification,01/11/2019,,01/11/2019,,\nTN_ERR_200_2,OB/2019/8201,8201,https://03x5v9n1fe.execute-api.eu-west-1.amazonaws.com/dev/aspsp-cop-stub/8201/open-banking/v3.1/confirmation-payee/accounts/name-verification,01/11/2019,,01/11/2019,,\nTN_ERR_TIMEOUT,OB/2019/8202,8202,https://03x5v9n1fe.execute-api.eu-west-1.amazonaws.com/dev/aspsp-cop-stub/8202/open-banking/v3.1/confirmation-payee/accounts/name-verification,01/11/2019,,01/11/2019,,\nTN_ERR_400_3,OB/2019/8399,8399,https://03x5v9n1fe.execute-api.eu-west-1.amazonaws.com/dev/aspsp-cop-stub/8399/open-banking/v3.1/confirmation-payee/accounts/name-verification,01/11/2019,,01/11/2019,,\nTN_ERR_400,OB/2019/8400,8400,https://03x5v9n1fe.execute-api.eu-west-1.amazonaws.com/dev/aspsp-cop-stub/8400/open-banking/v3.1/confirmation-payee/accounts/name-verification,01/11/2019,,01/11/2019,,\nTN_ERR_401,OB/2019/8401,8401,https://03x5v9n1fe.execute-api.eu-west-1.amazonaws.com/dev/aspsp-cop-stub/8401/open-banking/v3.1/confirmation-payee/accounts/name-verification,01/11/2019,,01/11/2019,,\nTN_ERR_400_2,OB/2019/8402,8402,https://03x5v9n1fe.execute-api.eu-west-1.amazonaws.com/dev/aspsp-cop-stub/8402/open-banking/v3.1/confirmation-payee/accounts/name-verification,01/11/2019,,01/11/2019,,\nTN_ERR_403,OB/2019/8403,8403,https://03x5v9n1fe.execute-api.eu-west-1.amazonaws.com/dev/aspsp-cop-stub/8403/open-banking/v3.1/confirmation-payee/accounts/name-verification,01/11/2019,,01/11/2019,,\nTN_ERR_404,OB/2019/8404,8404,https://03x5v9n1fe.execute-api.eu-west-1.amazonaws.com/dev/aspsp-cop-stub/8404/open-banking/v3.1/confirmation-payee/accounts/name-verification,01/11/2019,,01/11/2019,,\nTN_ERR_405,OB/2019/8405,8405,https://03x5v9n1fe.execute-api.eu-west-1.amazonaws.com/dev/aspsp-cop-stub/8405/open-banking/v3.1/confirmation-payee/accounts/name-verification,01/11/2019,,01/11/2019,,\nTN_ERR_406,OB/2019/8406,8406,https://03x5v9n1fe.execute-api.eu-west-1.amazonaws.com/dev/aspsp-cop-stub/8406/open-banking/v3.1/confirmation-payee/accounts/name-verification,01/11/2019,,01/11/2019,,\nTN_ERR_407,OB/2019/8407,8407,https://03x5v9n1fe.execute-api.eu-west-1.amazonaws.com/dev/aspsp-cop-stub/8407/open-banking/v3.1/confirmation-payee/accounts/name-verification,01/11/2019,,01/11/2019,,\nLowercase error model bank,OB/2019/408,0408,https://03x5v9n1fe.execute-api.eu-west-1.amazonaws.com/dev/aspsp-cop-stub/0408/open-banking/v3.1/confirmation-payee/accounts/name-verification,01/11/2019,,01/11/2019,,\nTN_ERR_408,OB/2019/8408,8408,https://03x5v9n1fe.execute-api.eu-west-1.amazonaws.com/dev/aspsp-cop-stub/8408/open-banking/v3.1/confirmation-payee/accounts/name-verification,01/11/2019,,01/11/2019,,\nTN_ERR_429,OB/2019/8429,8429,https://03x5v9n1fe.execute-api.eu-west-1.amazonaws.com/dev/aspsp-cop-stub/8429/open-banking/v3.1/confirmation-payee/accounts/name-verification,01/11/2019,,01/11/2019,,\nTN_ERR_500,OB/2019/8500,8500,https://03x5v9n1fe.execute-api.eu-west-1.amazonaws.com/dev/aspsp-cop-stub/8500/open-banking/v3.1/confirmation-payee/accounts/name-verification,01/11/2019,,01/11/2019,,\nTN_ERR_501,OB/2019/8501,8501,https://03x5v9n1fe.execute-api.eu-west-1.amazonaws.com/dev/aspsp-cop-stub/8501/open-banking/v3.1/confirmation-payee/accounts/name-verification,01/11/2019,,01/11/2019,,\nTN_ERR_502,OB/2019/8502,8502,https://03x5v9n1fe.execute-api.eu-west-1.amazonaws.com/dev/aspsp-cop-stub/8502/open-banking/v3.1/confirmation-payee/accounts/name-verification,01/11/2019,,01/11/2019,,\nTN_ERR_503,OB/2019/8503,8503,https://03x5v9n1fe.execute-api.eu-west-1.amazonaws.com/dev/aspsp-cop-stub/8503/open-banking/v3.1/confirmation-payee/accounts/name-verification,01/11/2019,,01/11/2019,,\nTN_ERR_504,OB/2019/8504,8504,https://03x5v9n1fe.execute-api.eu-west-1.amazonaws.com/dev/aspsp-cop-stub/8504/open-banking/v3.1/confirmation-payee/accounts/name-verification,01/11/2019,,01/11/2019,,\nHSBC,00158000016i44JAAQ,0919 0934 0772 0393 0547 0137 0679 0827 0211 0411,https://nginx-pub-test-1203020834.eu-west-1.elb.amazonaws.com/open-banking/v3.1/confirmation-payee/accounts/name-verification,01/11/2019,,01/11/2019,,\nHSBC_PKJWT,OB/2019/920,0920,https://03x5v9n1fe.execute-api.eu-west-1.amazonaws.com/dev/aspsp-cop-stub/0920/open-banking/v3.1/confirmation-payee/accounts/name-verification,01/11/2019,,01/11/2019,,\nHSBC_MTLS,OB/2019/921,0921,https://03x5v9n1fe.execute-api.eu-west-1.amazonaws.com/dev/aspsp-cop-stub/0921/open-banking/v3.1/confirmation-payee/accounts/name-verification,01/11/2019,,01/11/2019,,\nHSBC_BASIC,OB/2019/922,0922,https://03x5v9n1fe.execute-api.eu-west-1.amazonaws.com/dev/aspsp-cop-stub/0922/open-banking/v3.1/confirmation-payee/accounts/name-verification,01/11/2019,,01/11/2019,,\nAdditional bank cross check report 3,OB/2019/242,0242,https://03x5v9n1fe.execute-api.eu-west-1.amazonaws.com/dev/aspsp-cop-stub/0242/open-banking/v3.1/confirmation-payee/accounts/name-verification,01/11/2019,,01/11/2019,,\nNot live yet Bank 2,OB/2019/006,0006,https://03x5v9n1fe.execute-api.eu-west-1.amazonaws.com/dev/aspsp-cop-stub/0006/open-banking/v3.1/confirmation-payee/accounts/name-verification,01/11/2035,,01/11/2019,,\nBank code not a known bank 2,OB/2019/013,0013,https://03x5v9n1fe.execute-api.eu-west-1.amazonaws.com/dev/aspsp-cop-stub/0013/open-banking/v3.1/confirmation-payee/accounts/name-verification,01/11/2019,,01/11/2019,,\nBank code not registered 2,OB/2019/021,0021,https://03x5v9n1fe.execute-api.eu-west-1.amazonaws.com/dev/aspsp-cop-stub/0021/open-banking/v3.1/confirmation-payee/accounts/name-verification,01/11/2019,,01/11/2019,,\nPerformance test entry bank,OB/2019/999,9999,https://wiremock-nlb-c6939fc6a044b644.elb.eu-west-1.amazonaws.com/open-banking/v3.1/confirmation-payee/accounts/name-verification,01/11/2019,,01/11/2019,,\nRBS,0015800000jfwB4AAI,0100,https://03x5v9n1fe.execute-api.eu-west-1.amazonaws.com/dev/aspsp-cop-stub/0100/open-banking/v3.1/confirmation-payee/accounts/name-verification,01/11/2019,,01/11/2019,,\nNATWEST,0015800000jfwxXAAQ,0060,https://03x5v9n1fe.execute-api.eu-west-1.amazonaws.com/dev/aspsp-cop-stub/0060/open-banking/v3.1/confirmation-payee/accounts/name-verification,01/11/2019,,01/11/2019,,\nPrepay Technologies Ltd.,0015800001ZEc1gAAD,0990,https://matls-rs-ob.pps.edenred.com/open-banking/v3.1/confirmation-payee/accounts/name-verification,03/11/2020,,,,"},"url":{"raw":"{{API_URL}}{{RESOURCE}}","host":["{{API_URL}}{{RESOURCE}}"]},"description":"* Please copy-paste content from participants csv file into **Body** tab as described  [here](https://learning.getpostman.com/docs/postman/sending-api-requests/requests/#raw-data)\n* COP administration API is secured using [AWS IAM authorization](https://docs.aws.amazon.com/apigateway/latest/developerguide/api-gateway-control-access-using-iam-policies-to-invoke-api.html). In order to successfully invoke this API, request need to be signed. Therefore please set values for `ACCESS_KEY_ID`, `SECRET_ACCESS_KEY` & `SESSION_TOKEN` environment variables which are used during signing process."},"response":[]}],"event":[{"listen":"prerequest","script":{"id":"4ab111fa-3914-4e03-9256-a5a5477c015c","type":"text/javascript","exec":[""]}},{"listen":"test","script":{"id":"78053010-b233-48b8-b29e-c527870a8417","type":"text/javascript","exec":[""]}}]}