{"info":{"_postman_id":"e7ab1ba6-bb6b-47be-867a-9b6ac2aff14e","name":"Registration Hub","schema":"https://schema.getpostman.com/json/collection/v2.1.0/collection.json"},"item":[{"name":"external organisation","item":[{"name":"staging","item":[{"name":"Approve external organisation","event":[{"listen":"prerequest","script":{"exec":[""],"type":"text/javascript","id":"fb2b5c02-a81b-4560-a7db-06f5c2f9f2da"}}],"id":"0f37391f-ca79-4f3c-9229-e5b5c7f3a67c","protocolProfileBehavior":{"disableBodyPruning":true},"request":{"auth":{"type":"bearer","bearer":[{"key":"token","value":"{{cognito_token}}","type":"string"}]},"method":"PUT","header":[],"body":{"mode":"raw","raw":""},"url":{"raw":"https://{{api-gw-id}}.execute-api.eu-west-1.amazonaws.com/{{ENV_STAGE}}/external-organisations/:uuid/approve","protocol":"https","host":["{{api-gw-id}}","execute-api","eu-west-1","amazonaws","com"],"path":["{{ENV_STAGE}}","external-organisations",":uuid","approve"],"variable":[{"id":"7748a060-c075-4e49-8992-480dd2421178","key":"uuid","value":"08664a7e-f699-4817-a239-631dcaa55d28"}]}},"response":[]},{"name":"Acknowledge external organisation","event":[{"listen":"prerequest","script":{"exec":[""],"type":"text/javascript","id":"df7a7986-f877-44b1-acdf-bad2e11c14ba"}}],"id":"6e12edb6-0a88-424f-891f-74ea55dac6de","protocolProfileBehavior":{"disableBodyPruning":true},"request":{"auth":{"type":"bearer","bearer":[{"key":"token","value":"{{cognito_token}}","type":"string"}]},"method":"PUT","header":[],"body":{"mode":"raw","raw":""},"url":{"raw":"https://{{api-gw-id}}.execute-api.eu-west-1.amazonaws.com/{{ENV_STAGE}}/external-organisations/:uuid/acknowledge","protocol":"https","host":["{{api-gw-id}}","execute-api","eu-west-1","amazonaws","com"],"path":["{{ENV_STAGE}}","external-organisations",":uuid","acknowledge"],"variable":[{"id":"44346c42-c0a4-4ed0-9d43-6c53b94fb1b4","key":"uuid","value":"08664a7e-f699-4817-a239-631dcaa55d28"}]}},"response":[]},{"name":"Abandon external organisation","event":[{"listen":"prerequest","script":{"exec":[""],"type":"text/javascript","id":"c685fec9-477b-4407-b218-d9f970cd78ea"}}],"id":"0cf0511a-6b40-4e49-a48a-7b2880faee99","protocolProfileBehavior":{"disableBodyPruning":true},"request":{"auth":{"type":"bearer","bearer":[{"key":"token","value":"{{cognito_token}}","type":"string"}]},"method":"PUT","header":[],"body":{"mode":"raw","raw":""},"url":{"raw":"https://{{api-gw-id}}.execute-api.eu-west-1.amazonaws.com/{{ENV_STAGE}}/external-organisations/:uuid/abandon","protocol":"https","host":["{{api-gw-id}}","execute-api","eu-west-1","amazonaws","com"],"path":["{{ENV_STAGE}}","external-organisations",":uuid","abandon"],"variable":[{"id":"63e51884-e671-4d93-8230-4358baa22eae","key":"uuid","value":"08664a7e-f699-4817-a239-631dcaa55d28"}]}},"response":[]},{"name":"Reject external organisation","event":[{"listen":"prerequest","script":{"exec":[""],"type":"text/javascript","id":"872288bc-f4d1-4568-9433-33284276c2e8"}}],"id":"1e4dfca0-202b-4731-947b-e8a133375d6e","protocolProfileBehavior":{"disableBodyPruning":true},"request":{"auth":{"type":"bearer","bearer":[{"key":"token","value":"{{cognito_token}}","type":"string"}]},"method":"PUT","header":[],"body":{"mode":"raw","raw":""},"url":{"raw":"https://{{api-gw-id}}.execute-api.eu-west-1.amazonaws.com/{{ENV_STAGE}}/external-organisations/:uuid/reject","protocol":"https","host":["{{api-gw-id}}","execute-api","eu-west-1","amazonaws","com"],"path":["{{ENV_STAGE}}","external-organisations",":uuid","reject"],"variable":[{"id":"f11d3020-4a7d-4cd9-9f22-b2d4e605c647","key":"uuid","value":"08664a7e-f699-4817-a239-631dcaa55d28"}]}},"response":[]},{"name":"Reactivate external organisation","event":[{"listen":"prerequest","script":{"exec":[""],"type":"text/javascript","id":"fc79e4ff-6586-472c-bdda-e26ac783ff46"}}],"id":"894c0894-3ee1-4e30-a149-df4cee7d5ee6","protocolProfileBehavior":{"disableBodyPruning":true},"request":{"auth":{"type":"bearer","bearer":[{"key":"token","value":"{{cognito_token}}","type":"string"}]},"method":"PUT","header":[],"body":{"mode":"raw","raw":""},"url":{"raw":"https://{{api-gw-id}}.execute-api.eu-west-1.amazonaws.com/{{ENV_STAGE}}/external-organisations/:uuid/reactivate","protocol":"https","host":["{{api-gw-id}}","execute-api","eu-west-1","amazonaws","com"],"path":["{{ENV_STAGE}}","external-organisations",":uuid","reactivate"],"variable":[{"id":"1442abfb-d745-4369-9fe6-4ce51e018455","key":"uuid","value":"08664a7e-f699-4817-a239-631dcaa55d28"}]}},"response":[]},{"name":"Suspend external organisation","event":[{"listen":"prerequest","script":{"exec":[""],"type":"text/javascript","id":"9e500a76-38d6-4a19-87ba-cf629acd4327"}}],"id":"15b38126-be72-465c-83d6-1a6a1aae3378","protocolProfileBehavior":{"disableBodyPruning":true},"request":{"auth":{"type":"bearer","bearer":[{"key":"token","value":"{{cognito_token}}","type":"string"}]},"method":"PUT","header":[],"body":{"mode":"raw","raw":""},"url":{"raw":"https://{{api-gw-id}}.execute-api.eu-west-1.amazonaws.com/{{ENV_STAGE}}/external-organisations/:uuid/suspend","protocol":"https","host":["{{api-gw-id}}","execute-api","eu-west-1","amazonaws","com"],"path":["{{ENV_STAGE}}","external-organisations",":uuid","suspend"],"variable":[{"id":"e98cfd35-1a09-468d-b30b-0e9416dc01c5","key":"uuid","value":"08664a7e-f699-4817-a239-631dcaa55d28"}]}},"response":[]},{"name":"Revoke external organisation","event":[{"listen":"prerequest","script":{"exec":[""],"type":"text/javascript","id":"9f5aff26-9a69-4b4b-8e4a-a4761cf3396a"}}],"id":"2fd12c11-03da-468f-b18e-d562cfc52f84","protocolProfileBehavior":{"disableBodyPruning":true},"request":{"auth":{"type":"bearer","bearer":[{"key":"token","value":"{{cognito_token}}","type":"string"}]},"method":"PUT","header":[],"body":{"mode":"raw","raw":""},"url":{"raw":"https://{{api-gw-id}}.execute-api.eu-west-1.amazonaws.com/{{ENV_STAGE}}/external-organisations/:uuid/revoke","protocol":"https","host":["{{api-gw-id}}","execute-api","eu-west-1","amazonaws","com"],"path":["{{ENV_STAGE}}","external-organisations",":uuid","revoke"],"variable":[{"id":"e90d5459-671b-4614-9246-142592d40955","key":"uuid","value":"08664a7e-f699-4817-a239-631dcaa55d28"}]}},"response":[]}],"id":"821c4046-9c8b-4281-9b57-bf83f09d6ecb"},{"name":"Get external organisations","event":[{"listen":"prerequest","script":{"exec":[""],"type":"text/javascript","id":"f7236258-4ca1-4d67-a935-5d9bcf24759c"}}],"id":"82ae614e-e94a-414c-97ad-486a45a6fe1d","protocolProfileBehavior":{"disableBodyPruning":true},"request":{"auth":{"type":"bearer","bearer":[{"key":"token","value":"{{cognito_token}}","type":"string"}]},"method":"GET","header":[],"url":{"raw":"https://{{api-gw-id}}.execute-api.eu-west-1.amazonaws.com/{{ENV_STAGE}}/external-organisations","protocol":"https","host":["{{api-gw-id}}","execute-api","eu-west-1","amazonaws","com"],"path":["{{ENV_STAGE}}","external-organisations"]}},"response":[]},{"name":"Save external organisation","event":[{"listen":"prerequest","script":{"exec":[""],"type":"text/javascript","id":"0492ce19-232a-4262-af4b-2d2b36dde85b"}}],"id":"0f1f42e5-197d-492b-8a46-a5fdcfc5fe7e","protocolProfileBehavior":{"disableBodyPruning":true},"request":{"auth":{"type":"bearer","bearer":[{"key":"token","value":"{{cognito_token}}","type":"string"}]},"method":"POST","header":[{"key":"Content-Type","name":"Content-Type","value":"application/json","type":"text"}],"body":{"mode":"raw","raw":"{\n\t\"orgName\": \"HSBC M&S\",\n    \"orgId\" : \"321\",\n    \"orgCode\": \"someOrgCode\",\n    \"standardUuid\": \"88d776e3-b529-11ea-b3ce-061f768b0164\",\n   \t\"justification\": \"Because I can\"\n}"},"url":{"raw":"https://{{api-gw-id}}.execute-api.eu-west-1.amazonaws.com/{{ENV_STAGE}}/external-organisations","protocol":"https","host":["{{api-gw-id}}","execute-api","eu-west-1","amazonaws","com"],"path":["{{ENV_STAGE}}","external-organisations"]}},"response":[]},{"name":"Get external organisation by UUID","event":[{"listen":"prerequest","script":{"exec":[""],"type":"text/javascript","id":"d08e9514-c3c4-420a-b5cf-7b772e914599"}}],"id":"da41ad2d-1bd5-457f-8a3a-fb8a609f0f9c","protocolProfileBehavior":{"disableBodyPruning":true},"request":{"auth":{"type":"bearer","bearer":[{"key":"token","value":"{{cognito_token}}","type":"string"}]},"method":"GET","header":[],"url":{"raw":"https://{{api-gw-id}}.execute-api.eu-west-1.amazonaws.com/{{ENV_STAGE}}/external-organisations/:uuid","protocol":"https","host":["{{api-gw-id}}","execute-api","eu-west-1","amazonaws","com"],"path":["{{ENV_STAGE}}","external-organisations",":uuid"],"variable":[{"id":"2255475d-5c30-4cdd-9ac3-f876fc6fa21b","key":"uuid","value":"678bac56-79a2-4b22-9ccf-1af7654fda66"}]}},"response":[]},{"name":"Update external organisation","id":"a8b13403-eb42-4bc1-be38-c64525c41a47","protocolProfileBehavior":{"disableBodyPruning":true},"request":{"auth":{"type":"bearer","bearer":[{"key":"token","value":"{{cognito_token}}","type":"string"}]},"method":"PUT","header":[{"key":"Content-Type","name":"Content-Type","value":"application/json","type":"text"}],"body":{"mode":"raw","raw":"{\n\t\"orgName\": \"Trolo Name\",\n\t\"orgId\" : \"321\", \n\t\"orgCode\": \"someOrgCode\",\n\t\"standardUuid\": \"88d776e3-b529-11ea-b3ce-061f768b0164\"\n}"},"url":{"raw":"https://{{api-gw-id}}.execute-api.eu-west-1.amazonaws.com/{{ENV_STAGE}}/external-organisations/:uuid","protocol":"https","host":["{{api-gw-id}}","execute-api","eu-west-1","amazonaws","com"],"path":["{{ENV_STAGE}}","external-organisations",":uuid"],"variable":[{"id":"b66c341d-837f-4047-801f-6bf07ee09dd3","key":"uuid","value":"08664a7e-f699-4817-a239-631dcaa55d28"}]}},"response":[]}],"id":"d37522ab-3f93-4b2d-9b18-12343f742cb9"},{"name":"registration template","item":[{"name":"staging","item":[{"name":"Suspend registration template","event":[{"listen":"prerequest","script":{"exec":[""],"type":"text/javascript","id":"99f58b08-7c40-4298-b6e1-8b41d00cd066"}}],"id":"7e86e979-348d-41ef-9e71-aea3f4bb9ed4","protocolProfileBehavior":{"disableBodyPruning":true},"request":{"auth":{"type":"bearer","bearer":[{"key":"token","value":"{{cognito_token}}","type":"string"}]},"method":"PUT","header":[{"key":"Content-Type","name":"Content-Type","type":"text","value":"application/json"}],"body":{"mode":"raw","raw":""},"url":{"raw":"https://{{api-gw-id}}.execute-api.eu-west-1.amazonaws.com/{{ENV_STAGE}}/registration-templates/:uuid/suspend","protocol":"https","host":["{{api-gw-id}}","execute-api","eu-west-1","amazonaws","com"],"path":["{{ENV_STAGE}}","registration-templates",":uuid","suspend"],"variable":[{"id":"1c5a21e2-f252-480a-bf84-f523a63ca16e","key":"uuid","value":"a2bb93c9-5ee3-42be-b0d5-9adba98de443"}]}},"response":[]},{"name":"Reject awaiting request for registration template","event":[{"listen":"prerequest","script":{"exec":[""],"type":"text/javascript","id":"2565f83b-d964-4bb5-9677-eb46e7859384"}}],"id":"721bc207-b32d-4394-8016-4130155bed13","protocolProfileBehavior":{"disableBodyPruning":true},"request":{"auth":{"type":"bearer","bearer":[{"key":"token","value":"{{cognito_token}}","type":"string"}]},"method":"PUT","header":[{"key":"Content-Type","name":"Content-Type","type":"text","value":"application/json"}],"body":{"mode":"raw","raw":""},"url":{"raw":"https://{{api-gw-id}}.execute-api.eu-west-1.amazonaws.com/{{ENV_STAGE}}/registration-templates/:uuid/reject","protocol":"https","host":["{{api-gw-id}}","execute-api","eu-west-1","amazonaws","com"],"path":["{{ENV_STAGE}}","registration-templates",":uuid","reject"],"variable":[{"id":"8ebf6923-2498-4c5d-a359-3a986b1b50f7","key":"uuid","value":"a2bb93c9-5ee3-42be-b0d5-9adba98de443"}]}},"response":[]},{"name":"Reactivate suspended registration template","event":[{"listen":"prerequest","script":{"exec":[""],"type":"text/javascript","id":"8420e87c-2f1b-4acb-b387-ebf22eab6077"}}],"id":"36539d53-6430-4be2-8a7f-0e278a6beb9c","protocolProfileBehavior":{"disableBodyPruning":true},"request":{"auth":{"type":"bearer","bearer":[{"key":"token","value":"{{cognito_token}}","type":"string"}]},"method":"PUT","header":[{"key":"Content-Type","name":"Content-Type","type":"text","value":"application/json"}],"body":{"mode":"raw","raw":""},"url":{"raw":"https://{{api-gw-id}}.execute-api.eu-west-1.amazonaws.com/{{ENV_STAGE}}/registration-templates/:uuid/reactivate","protocol":"https","host":["{{api-gw-id}}","execute-api","eu-west-1","amazonaws","com"],"path":["{{ENV_STAGE}}","registration-templates",":uuid","reactivate"],"variable":[{"id":"b8d6a41f-0910-4700-bdf1-36053508c1b2","key":"uuid","value":"a2bb93c9-5ee3-42be-b0d5-9adba98de443"}]}},"response":[]},{"name":"Acknowledge rejected request for registration template","event":[{"listen":"prerequest","script":{"exec":[""],"type":"text/javascript","id":"11ff42f4-e48b-47be-b960-4f80ff29206d"}}],"id":"be9f92e6-3349-4b82-bbeb-a5789f56b486","protocolProfileBehavior":{"disableBodyPruning":true},"request":{"auth":{"type":"bearer","bearer":[{"key":"token","value":"{{cognito_token}}","type":"string"}]},"method":"PUT","header":[{"key":"Content-Type","name":"Content-Type","type":"text","value":"application/json"}],"body":{"mode":"raw","raw":""},"url":{"raw":"https://{{api-gw-id}}.execute-api.eu-west-1.amazonaws.com/{{ENV_STAGE}}/registration-templates/:uuid/acknowledge","protocol":"https","host":["{{api-gw-id}}","execute-api","eu-west-1","amazonaws","com"],"path":["{{ENV_STAGE}}","registration-templates",":uuid","acknowledge"],"variable":[{"id":"d82667bf-38a1-4456-9974-0ca4adb5b27e","key":"uuid","value":"a2bb93c9-5ee3-42be-b0d5-9adba98de443"}]}},"response":[]},{"name":"Revoke suspended registration template","event":[{"listen":"prerequest","script":{"exec":[""],"type":"text/javascript","id":"8cbc5fd0-8280-48cc-823d-8e96aac58cac"}}],"id":"3b2bd615-e42b-4383-a38d-a00b15005db7","protocolProfileBehavior":{"disableBodyPruning":true},"request":{"auth":{"type":"bearer","bearer":[{"key":"token","value":"{{cognito_token}}","type":"string"}]},"method":"PUT","header":[{"key":"Content-Type","name":"Content-Type","type":"text","value":"application/json"}],"body":{"mode":"raw","raw":""},"url":{"raw":"https://{{api-gw-id}}.execute-api.eu-west-1.amazonaws.com/{{ENV_STAGE}}/registration-templates/:uuid/revoke","protocol":"https","host":["{{api-gw-id}}","execute-api","eu-west-1","amazonaws","com"],"path":["{{ENV_STAGE}}","registration-templates",":uuid","revoke"],"variable":[{"id":"0d79d9f8-dc06-40b7-abe4-8dd3645fb666","key":"uuid","value":"a2bb93c9-5ee3-42be-b0d5-9adba98de443"}]}},"response":[]},{"name":"Abandon rejected request for registration template","event":[{"listen":"prerequest","script":{"exec":[""],"type":"text/javascript","id":"040511c2-f3b7-498d-b6ad-4d7db75f503f"}}],"id":"49bc0f0a-5552-48b6-a0c8-5787d12ea9ce","protocolProfileBehavior":{"disableBodyPruning":true},"request":{"auth":{"type":"bearer","bearer":[{"key":"token","value":"{{cognito_token}}","type":"string"}]},"method":"PUT","header":[{"key":"Content-Type","name":"Content-Type","type":"text","value":"application/json"}],"body":{"mode":"raw","raw":""},"url":{"raw":"https://{{api-gw-id}}.execute-api.eu-west-1.amazonaws.com/{{ENV_STAGE}}/registration-templates/:uuid/abandon","protocol":"https","host":["{{api-gw-id}}","execute-api","eu-west-1","amazonaws","com"],"path":["{{ENV_STAGE}}","registration-templates",":uuid","abandon"],"variable":[{"id":"e897772a-55f5-4598-85ba-5784a29fad08","key":"uuid","value":"a2bb93c9-5ee3-42be-b0d5-9adba98de443"}]}},"response":[]},{"name":"Approve awaiting request for registration template","event":[{"listen":"prerequest","script":{"exec":[""],"type":"text/javascript","id":"53f582e2-cbc6-414c-837b-25962d883165"}}],"id":"023c8c34-ab2d-4872-a4b8-6e97482f910a","protocolProfileBehavior":{"disableBodyPruning":true},"request":{"auth":{"type":"bearer","bearer":[{"key":"token","value":"{{cognito_token}}","type":"string"}]},"method":"PUT","header":[{"key":"Content-Type","name":"Content-Type","type":"text","value":"application/json"}],"body":{"mode":"raw","raw":""},"url":{"raw":"https://{{api-gw-id}}.execute-api.eu-west-1.amazonaws.com/{{ENV_STAGE}}/registration-templates/:uuid/approve","protocol":"https","host":["{{api-gw-id}}","execute-api","eu-west-1","amazonaws","com"],"path":["{{ENV_STAGE}}","registration-templates",":uuid","approve"],"variable":[{"id":"59c00fef-3c80-436f-bc11-293bb401dc08","key":"uuid","value":"a2bb93c9-5ee3-42be-b0d5-9adba98de443"}]}},"response":[]},{"name":"Resubmit registration template to new awaiting approval","event":[{"listen":"prerequest","script":{"exec":[""],"type":"text/javascript","id":"daea57a2-55de-4892-abd7-4ae35845e364"}}],"id":"2dbbff11-bce1-4281-9291-225591040011","protocolProfileBehavior":{"disableBodyPruning":true},"request":{"auth":{"type":"bearer","bearer":[{"key":"token","value":"{{cognito_token}}","type":"string"}]},"method":"PUT","header":[{"key":"Content-Type","name":"Content-Type","type":"text","value":"application/json"}],"body":{"mode":"raw","raw":"{\r\n\t\"aud\": \"https://hsbctest.io\",\r\n\t\"certificateTypesPair\": \"obwac&obseal\",\r\n\t\"tokenEndpointAuthMethod\": \"private_key_jwt\",\r\n\t\"tokenEndpointAuthSigningAlg\": \"RS256\",\r\n\t\"idTokenSignedResponseAlg\": \"PS256\",\r\n\t\"requestObjectSigningAlg\": \"PS256\",\r\n\t\"grantTypes\": [\"authorization_code\"],\r\n\t\"responseTypes\": [\"code\", \"code id_token\"]\r\n}\r\n"},"url":{"raw":"https://{{api-gw-id}}.execute-api.eu-west-1.amazonaws.com/{{ENV_STAGE}}/registration-templates/:uuid","protocol":"https","host":["{{api-gw-id}}","execute-api","eu-west-1","amazonaws","com"],"path":["{{ENV_STAGE}}","registration-templates",":uuid"],"variable":[{"id":"22d7ee82-9959-45ee-948b-9d8839e54745","key":"uuid","value":"c4966e6e-ace0-4fed-b08c-529328834527"}]}},"response":[]}],"id":"96a9e039-1080-401e-b637-94224ede1aea"},{"name":"Get registration templates","event":[{"listen":"prerequest","script":{"exec":[""],"type":"text/javascript","id":"37ed5ade-d488-435e-bca1-ce064bbb5154"}}],"id":"2dddcb48-2238-4e59-bddf-cb35e4a35b92","protocolProfileBehavior":{"disableBodyPruning":true},"request":{"auth":{"type":"bearer","bearer":[{"key":"token","value":"{{cognito_token}}","type":"string"}]},"method":"GET","header":[],"url":{"raw":"https://{{api-gw-id}}.execute-api.eu-west-1.amazonaws.com/{{ENV_STAGE}}/registration-templates","protocol":"https","host":["{{api-gw-id}}","execute-api","eu-west-1","amazonaws","com"],"path":["{{ENV_STAGE}}","registration-templates"],"query":[{"key":"status","value":"ACTIVE","disabled":true}]}},"response":[]},{"name":"Get data for step 1 registration template creation","event":[{"listen":"prerequest","script":{"exec":[""],"type":"text/javascript","id":"6926c8fe-1b42-48a2-91e9-11467fb477bc"}}],"id":"d7608410-b7e8-4678-b213-8c0c7a645bf7","protocolProfileBehavior":{"disableBodyPruning":true},"request":{"auth":{"type":"bearer","bearer":[{"key":"token","value":"{{cognito_token}}","type":"string"}]},"method":"GET","header":[],"url":{"raw":"https://{{api-gw-id}}.execute-api.eu-west-1.amazonaws.com/{{ENV_STAGE}}/registration-templates/step-1","protocol":"https","host":["{{api-gw-id}}","execute-api","eu-west-1","amazonaws","com"],"path":["{{ENV_STAGE}}","registration-templates","step-1"],"query":[{"key":"status","value":"ACTIVE","disabled":true}]}},"response":[]},{"name":"Save registration template","event":[{"listen":"prerequest","script":{"exec":[""],"type":"text/javascript","id":"c8ea9476-f305-4ba2-93dc-bbce0f8062f0"}}],"id":"0e5b5f6f-7dac-40e7-a340-ebf07e0ec9ae","protocolProfileBehavior":{"disableBodyPruning":true},"request":{"auth":{"type":"bearer","bearer":[{"key":"token","value":"{{cognito_token}}","type":"string"}]},"method":"POST","header":[{"key":"Content-Type","name":"Content-Type","type":"text","value":"application/json"}],"body":{"mode":"raw","raw":"{\r\n\t\"externalOrgUuid\": \"19211a70-afc9-4064-907c-666d328246ba\",\r\n\t\"templateName\" : \"test-template\",\r\n\t\"aud\": \"https://ob.ulsterni.useinfinite.io\",\r\n\t\"certificateTypesPair\": \"obwac&obseal\",\r\n\t\"wellKnownEndpointUrl\": \"https://yhmm2gezh0.execute-api.eu-west-1.amazonaws.com/{{ENV_STAGE}}/aspsp-wkep-stub/.well-known/rbs\",\r\n\t\"tokenEndpointAuthMethod\": \"private_key_jwt\",\r\n\t\"tokenEndpointAuthSigningAlg\": \"RS256\",\r\n\t\"idTokenSignedResponseAlg\": \"PS256\",\r\n\t\"requestObjectSigningAlg\": \"PS256\",\r\n\t\"grantTypes\": [\"authorization_code\"],\r\n\t\"responseTypes\": [\"code\", \"code id_token\"],\r\n\t\"dcrVersionUuid\": \"581ba9f9-aeef-11ea-b3ce-061f768b0164\",\r\n    \"justification\": \"Because I can\"\r\n}\r\n"},"url":{"raw":"https://{{api-gw-id}}.execute-api.eu-west-1.amazonaws.com/{{ENV_STAGE}}/registration-templates","protocol":"https","host":["{{api-gw-id}}","execute-api","eu-west-1","amazonaws","com"],"path":["{{ENV_STAGE}}","registration-templates"]}},"response":[]},{"name":"Get registration template by UUID","event":[{"listen":"prerequest","script":{"exec":[""],"type":"text/javascript","id":"d6957a37-1e7a-4bc1-8dd0-85a082138221"}}],"id":"e9ec11c1-1d10-4525-9008-26abc820d53f","protocolProfileBehavior":{"disableBodyPruning":true},"request":{"auth":{"type":"bearer","bearer":[{"key":"token","value":"{{cognito_token}}","type":"string"}]},"method":"GET","header":[],"url":{"raw":"https://{{api-gw-id}}.execute-api.eu-west-1.amazonaws.com/{{ENV_STAGE}}/registration-templates/:uuid","protocol":"https","host":["{{api-gw-id}}","execute-api","eu-west-1","amazonaws","com"],"path":["{{ENV_STAGE}}","registration-templates",":uuid"],"variable":[{"id":"5a6b4e2c-aa0c-4f89-a9c3-fefd5b2bfb47","key":"uuid","value":"3b4b9acb-13d7-4255-b323-be575e749413"}]}},"response":[]}],"id":"3852911e-ed53-4ae5-a851-ac3589087c9f"},{"name":"application zone","item":[{"name":"Get application zones","event":[{"listen":"prerequest","script":{"exec":[""],"type":"text/javascript","id":"9152670b-0f3d-487c-bf50-5fbb92c33fa0"}}],"id":"85d44510-b139-4896-83a3-9bf0d9a51a26","protocolProfileBehavior":{"disableBodyPruning":true},"request":{"auth":{"type":"bearer","bearer":[{"key":"token","value":"{{cognito_token}}","type":"string"}]},"method":"GET","header":[],"url":{"raw":"https://{{api-gw-id}}.execute-api.eu-west-1.amazonaws.com/{{ENV_STAGE}}/application-zones","protocol":"https","host":["{{api-gw-id}}","execute-api","eu-west-1","amazonaws","com"],"path":["{{ENV_STAGE}}","application-zones"]}},"response":[]},{"name":"Save application zone","event":[{"listen":"prerequest","script":{"exec":[""],"type":"text/javascript","id":"e6e878f3-b9ca-4417-a892-649f98feeb1d"}}],"id":"324b5ad8-5bba-4c09-8273-ccbec20d67b0","protocolProfileBehavior":{"disableBodyPruning":true},"request":{"auth":{"type":"bearer","bearer":[{"key":"token","value":"{{cognito_token}}","type":"string"}]},"method":"POST","header":[{"key":"Content-Type","name":"Content-Type","value":"application/json","type":"text"}],"body":{"mode":"raw","raw":"{\r\n  \"applicationZoneName\": \"M&S zone\",\r\n  \"adfsMakerGroupName\": \"M&SMaker\",\r\n  \"adfsCheckerGroupName\": \"M&SChecker\",\r\n  \"workflowData\": {\r\n    \"justification\": \"Because I can\"\r\n  }\r\n}\r\n"},"url":{"raw":"https://{{api-gw-id}}.execute-api.eu-west-1.amazonaws.com/{{ENV_STAGE}}/application-zones","protocol":"https","host":["{{api-gw-id}}","execute-api","eu-west-1","amazonaws","com"],"path":["{{ENV_STAGE}}","application-zones"]}},"response":[]},{"name":"Get application zone by UUID","event":[{"listen":"prerequest","script":{"exec":[""],"type":"text/javascript","id":"15c1b6b0-a744-4da2-8425-c1d4cb01452f"}}],"id":"0f80de81-2084-450a-a62d-516c7006c509","protocolProfileBehavior":{"disableBodyPruning":true},"request":{"auth":{"type":"bearer","bearer":[{"key":"token","value":"{{cognito_token}}","type":"string"}]},"method":"GET","header":[],"url":{"raw":"https://{{api-gw-id}}.execute-api.eu-west-1.amazonaws.com/{{ENV_STAGE}}/application-zones/:uuid","protocol":"https","host":["{{api-gw-id}}","execute-api","eu-west-1","amazonaws","com"],"path":["{{ENV_STAGE}}","application-zones",":uuid"],"variable":[{"id":"c69fff74-b284-4f70-b69f-d59992d458c2","key":"uuid","value":"58005234-fa55-4a68-b4f9-846e26bc68bf"}]}},"response":[]}],"id":"b4f7faa5-d9b9-4224-9678-1ded6c307648"},{"name":"application","item":[{"name":"staging","item":[{"name":"Suspend application","event":[{"listen":"prerequest","script":{"exec":[""],"type":"text/javascript","id":"a02f41d7-12a2-423d-99db-e87688a99de0"}}],"id":"42ff8a46-cc00-4a95-b8ca-2313fcde2b30","protocolProfileBehavior":{"disableBodyPruning":true},"request":{"auth":{"type":"bearer","bearer":[{"key":"token","value":"{{cognito_token}}","type":"string"}]},"method":"PUT","header":[{"key":"Content-Type","name":"Content-Type","type":"text","value":"application/json"}],"body":{"mode":"raw","raw":"{\r\n\t\"name\": \"new app name\",\r\n\t\"applicationType\": \"WEB\",\r\n\t\"redirectUris\": [\"http://localhost/qwe\", \"http://localhost/asd\"],\r\n\t\"clientUri\": \"http://localhost/qwe\",\r\n\t\"logoUri\": \"http://localhost/qwe\",\r\n\t\"termsOfServiceUri\": \"http://localhost/qwe\",\r\n\t\"policyUri\": \"http://localhost/qwe\",\r\n\t\"version\": \"1\",\r\n\t\"description\": \"my app\" \r\n}"},"url":{"raw":"https://{{api-gw-id}}.execute-api.eu-west-1.amazonaws.com/{{ENV_STAGE}}/applications/:uuid/suspend","protocol":"https","host":["{{api-gw-id}}","execute-api","eu-west-1","amazonaws","com"],"path":["{{ENV_STAGE}}","applications",":uuid","suspend"],"variable":[{"id":"9a6083f5-7baa-410e-9a8c-19c1392d5fe5","key":"uuid","value":"be3072bb-a5ad-4660-b3b9-16195a5d178a"}]}},"response":[]},{"name":"Reject application","event":[{"listen":"prerequest","script":{"exec":[""],"type":"text/javascript","id":"ea2e6666-be82-4acc-9675-c229be87af05"}}],"id":"c075816d-1946-4c3e-9906-cd3184fd3451","protocolProfileBehavior":{"disableBodyPruning":true},"request":{"auth":{"type":"bearer","bearer":[{"key":"token","value":"{{cognito_token}}","type":"string"}]},"method":"PUT","header":[{"key":"Content-Type","name":"Content-Type","type":"text","value":"application/json"}],"body":{"mode":"raw","raw":"{\r\n\t\"name\": \"new app name\",\r\n\t\"applicationType\": \"WEB\",\r\n\t\"redirectUris\": [\"http://localhost/qwe\", \"http://localhost/asd\"],\r\n\t\"clientUri\": \"http://localhost/qwe\",\r\n\t\"logoUri\": \"http://localhost/qwe\",\r\n\t\"termsOfServiceUri\": \"http://localhost/qwe\",\r\n\t\"policyUri\": \"http://localhost/qwe\",\r\n\t\"version\": \"1\",\r\n\t\"description\": \"my app\" \r\n}"},"url":{"raw":"https://{{api-gw-id}}.execute-api.eu-west-1.amazonaws.com/{{ENV_STAGE}}/applications/:uuid/reject","protocol":"https","host":["{{api-gw-id}}","execute-api","eu-west-1","amazonaws","com"],"path":["{{ENV_STAGE}}","applications",":uuid","reject"],"variable":[{"id":"76cdce47-ff19-42a5-8391-65afc9ca6235","key":"uuid","value":"be3072bb-a5ad-4660-b3b9-16195a5d178a"}]}},"response":[]},{"name":"Acknowledge application","event":[{"listen":"prerequest","script":{"exec":[""],"type":"text/javascript","id":"a8c74b67-507c-47e4-a8ae-bb38940dea11"}}],"id":"75e79459-7f52-4fac-9482-760d5db772df","protocolProfileBehavior":{"disableBodyPruning":true},"request":{"auth":{"type":"bearer","bearer":[{"key":"token","value":"{{cognito_token}}","type":"string"}]},"method":"PUT","header":[{"key":"Content-Type","name":"Content-Type","type":"text","value":"application/json"}],"body":{"mode":"raw","raw":"{\r\n\t\"name\": \"new app name\",\r\n\t\"applicationType\": \"WEB\",\r\n\t\"redirectUris\": [\"http://localhost/qwe\", \"http://localhost/asd\"],\r\n\t\"clientUri\": \"http://localhost/qwe\",\r\n\t\"logoUri\": \"http://localhost/qwe\",\r\n\t\"termsOfServiceUri\": \"http://localhost/qwe\",\r\n\t\"policyUri\": \"http://localhost/qwe\",\r\n\t\"version\": \"1\",\r\n\t\"description\": \"my app\" \r\n}"},"url":{"raw":"https://{{api-gw-id}}.execute-api.eu-west-1.amazonaws.com/{{ENV_STAGE}}/applications/:uuid/acknowledge","protocol":"https","host":["{{api-gw-id}}","execute-api","eu-west-1","amazonaws","com"],"path":["{{ENV_STAGE}}","applications",":uuid","acknowledge"],"variable":[{"id":"ab5af916-3c6e-4ae1-bc7a-fc8ac8b73da8","key":"uuid","value":"be3072bb-a5ad-4660-b3b9-16195a5d178a"}]}},"response":[]},{"name":"Reactivate application","event":[{"listen":"prerequest","script":{"exec":[""],"type":"text/javascript","id":"bd494ade-50ad-49c6-8448-4402c7fe16f6"}}],"id":"8572f735-d484-46af-ba44-4faff97ea2f3","protocolProfileBehavior":{"disableBodyPruning":true},"request":{"auth":{"type":"bearer","bearer":[{"key":"token","value":"{{cognito_token}}","type":"string"}]},"method":"PUT","header":[{"key":"Content-Type","name":"Content-Type","type":"text","value":"application/json"}],"body":{"mode":"raw","raw":"{\r\n\t\"name\": \"new app name\",\r\n\t\"applicationType\": \"WEB\",\r\n\t\"redirectUris\": [\"http://localhost/qwe\", \"http://localhost/asd\"],\r\n\t\"clientUri\": \"http://localhost/qwe\",\r\n\t\"logoUri\": \"http://localhost/qwe\",\r\n\t\"termsOfServiceUri\": \"http://localhost/qwe\",\r\n\t\"policyUri\": \"http://localhost/qwe\",\r\n\t\"version\": \"1\",\r\n\t\"description\": \"my app\" \r\n}"},"url":{"raw":"https://{{api-gw-id}}.execute-api.eu-west-1.amazonaws.com/{{ENV_STAGE}}/applications/:uuid/reactivate","protocol":"https","host":["{{api-gw-id}}","execute-api","eu-west-1","amazonaws","com"],"path":["{{ENV_STAGE}}","applications",":uuid","reactivate"],"variable":[{"id":"b45fe9da-dcb3-4b35-9ff2-dfe89eaf2592","key":"uuid","value":"be3072bb-a5ad-4660-b3b9-16195a5d178a"}]}},"response":[]},{"name":"Approve application","event":[{"listen":"prerequest","script":{"exec":[""],"type":"text/javascript","id":"94a484e2-8c99-4961-b00c-634366a31040"}}],"id":"b6bbe9c0-ec96-4351-999f-e51d4b95815d","protocolProfileBehavior":{"disableBodyPruning":true},"request":{"auth":{"type":"bearer","bearer":[{"key":"token","value":"{{cognito_token}}","type":"string"}]},"method":"PUT","header":[{"key":"Content-Type","name":"Content-Type","type":"text","value":"application/json"}],"body":{"mode":"raw","raw":"{\r\n\t\"name\": \"new app name\",\r\n\t\"applicationType\": \"WEB\",\r\n\t\"redirectUris\": [\"http://localhost/qwe\", \"http://localhost/asd\"],\r\n\t\"clientUri\": \"http://localhost/qwe\",\r\n\t\"logoUri\": \"http://localhost/qwe\",\r\n\t\"termsOfServiceUri\": \"http://localhost/qwe\",\r\n\t\"policyUri\": \"http://localhost/qwe\",\r\n\t\"version\": \"1\",\r\n\t\"description\": \"my app\" \r\n}"},"url":{"raw":"https://{{api-gw-id}}.execute-api.eu-west-1.amazonaws.com/{{ENV_STAGE}}/applications/:uuid/approve","protocol":"https","host":["{{api-gw-id}}","execute-api","eu-west-1","amazonaws","com"],"path":["{{ENV_STAGE}}","applications",":uuid","approve"],"variable":[{"id":"7c92e407-ba42-4b4d-bede-db7ac80e0ca4","key":"uuid","value":"be3072bb-a5ad-4660-b3b9-16195a5d178a"}]}},"response":[]},{"name":"Revoke application","event":[{"listen":"prerequest","script":{"exec":[""],"type":"text/javascript","id":"31c2a4b6-363d-44c5-8c25-2adedd563473"}}],"id":"c8485ac9-bb44-492d-8071-465bd756d759","protocolProfileBehavior":{"disableBodyPruning":true},"request":{"auth":{"type":"bearer","bearer":[{"key":"token","value":"{{cognito_token}}","type":"string"}]},"method":"PUT","header":[{"key":"Content-Type","name":"Content-Type","type":"text","value":"application/json"}],"body":{"mode":"raw","raw":"{\r\n\t\"name\": \"new app name\",\r\n\t\"applicationType\": \"WEB\",\r\n\t\"redirectUris\": [\"http://localhost/qwe\", \"http://localhost/asd\"],\r\n\t\"clientUri\": \"http://localhost/qwe\",\r\n\t\"logoUri\": \"http://localhost/qwe\",\r\n\t\"termsOfServiceUri\": \"http://localhost/qwe\",\r\n\t\"policyUri\": \"http://localhost/qwe\",\r\n\t\"version\": \"1\",\r\n\t\"description\": \"my app\" \r\n}"},"url":{"raw":"https://{{api-gw-id}}.execute-api.eu-west-1.amazonaws.com/{{ENV_STAGE}}/applications/:uuid/revoke","protocol":"https","host":["{{api-gw-id}}","execute-api","eu-west-1","amazonaws","com"],"path":["{{ENV_STAGE}}","applications",":uuid","revoke"],"variable":[{"id":"f8c3a2b0-4e7b-4a12-8545-b04c9ad0d7c1","key":"uuid","value":"be3072bb-a5ad-4660-b3b9-16195a5d178a"}]}},"response":[]}],"id":"73077d9b-dcde-400f-8e67-ef8b6956b030"},{"name":"Get applications","id":"4c5e1842-8fb6-4580-913d-91100ba66662","protocolProfileBehavior":{"disableBodyPruning":true},"request":{"auth":{"type":"noauth"},"method":"GET","header":[],"url":{"raw":"https://{{api-gw-id}}.execute-api.eu-west-1.amazonaws.com/{{ENV_STAGE}}/applications","protocol":"https","host":["{{api-gw-id}}","execute-api","eu-west-1","amazonaws","com"],"path":["{{ENV_STAGE}}","applications"]}},"response":[]},{"name":"Get application by UUID","event":[{"listen":"prerequest","script":{"exec":[""],"type":"text/javascript","id":"31bf6624-225f-4d92-af45-d5044c3fe5d4"}}],"id":"ce0a9ff2-bcf4-4e70-8bf0-08047dca237c","protocolProfileBehavior":{"disableBodyPruning":true},"request":{"auth":{"type":"bearer","bearer":[{"key":"token","value":"{{cognito_token}}","type":"string"}]},"method":"GET","header":[],"url":{"raw":"https://{{api-gw-id}}.execute-api.eu-west-1.amazonaws.com/{{ENV_STAGE}}/applications/:uuid","protocol":"https","host":["{{api-gw-id}}","execute-api","eu-west-1","amazonaws","com"],"path":["{{ENV_STAGE}}","applications",":uuid"],"variable":[{"id":"729ed164-980d-4460-954c-bfdf7de941bb","key":"uuid","value":"9b8d51a0-0aaa-480b-994a-23c2e0719e2b"}]}},"response":[]},{"name":"Get application registrations","id":"d2505f23-ca83-48d8-9b20-0fe726a02139","protocolProfileBehavior":{"disableBodyPruning":true},"request":{"auth":{"type":"bearer","bearer":[{"key":"token","value":"{{cognito_token}}","type":"string"}]},"method":"GET","header":[],"url":{"raw":"https://{{api-gw-id}}.execute-api.eu-west-1.amazonaws.com/{{ENV_STAGE}}/applications/:uuid/registrations","protocol":"https","host":["{{api-gw-id}}","execute-api","eu-west-1","amazonaws","com"],"path":["{{ENV_STAGE}}","applications",":uuid","registrations"],"variable":[{"id":"c2a6c89d-7de6-4335-9ad3-742551f48060","key":"uuid","value":"9b8d51a0-0aaa-480b-994a-23c2e0719e2b"}]}},"response":[]},{"name":"Save application","event":[{"listen":"prerequest","script":{"exec":[""],"type":"text/javascript","id":"2c434980-0174-4852-b20b-516eefd2d529"}}],"id":"87cf9689-b2e4-40d5-8e5f-4e36d33c3da3","protocolProfileBehavior":{"disableBodyPruning":true},"request":{"auth":{"type":"bearer","bearer":[{"key":"token","value":"{{cognito_token}}","type":"string"}]},"method":"POST","header":[{"key":"Content-Type","name":"Content-Type","type":"text","value":"application/json"}],"body":{"mode":"raw","raw":"{\r\n  \"name\": \"My application\",\r\n  \"applicationZoneUuid\": \"67876f47-ced3-4c53-87d1-1ce96e746ff0\",\r\n  \"applicationType\": \"WEB\",\r\n  \"redirectUris\": [\"https://localhost\"],\r\n  \"clientUri\": \"https://localhost\",\r\n  \"logoUri\": \"https://localhost\",\r\n  \"termsOfServiceUri\": \"https://localhost\",\r\n  \"policyUri\": \"https://localhost\",\r\n  \"version\": \"1.0\",\r\n  \"description\": \"Because I can\",\r\n  \"justification\": \"testdrive\"\r\n}"},"url":{"raw":"https://{{api-gw-id}}.execute-api.eu-west-1.amazonaws.com/{{ENV_STAGE}}/applications","protocol":"https","host":["{{api-gw-id}}","execute-api","eu-west-1","amazonaws","com"],"path":["{{ENV_STAGE}}","applications"]}},"response":[]},{"name":"Get application SSA","id":"83479181-74ed-47ff-9897-0ef3a2aa0839","protocolProfileBehavior":{"disableBodyPruning":true},"request":{"auth":{"type":"bearer","bearer":[{"key":"token","value":"{{cognito_token}}","type":"string"}]},"method":"GET","header":[],"url":{"raw":"https://{{api-gw-id}}.execute-api.eu-west-1.amazonaws.com/{{ENV_STAGE}}/applications/:uuid/ssa?authorityRegistrationUuid=5741f55a-e3fd-4826-b1fe-400ff512ddf5","protocol":"https","host":["{{api-gw-id}}","execute-api","eu-west-1","amazonaws","com"],"path":["{{ENV_STAGE}}","applications",":uuid","ssa"],"query":[{"key":"authorityRegistrationUuid","value":"5741f55a-e3fd-4826-b1fe-400ff512ddf5"}],"variable":[{"id":"ed29a003-6f54-4199-9eb1-1b12f813efeb","key":"uuid","value":"5741f55a-e3fd-4826-b1fe-400ff512ddf5"}]}},"response":[]},{"name":"Update application","event":[{"listen":"prerequest","script":{"exec":[""],"type":"text/javascript","id":"2ff2bbde-1eb8-454e-9184-e0aeafd03118"}}],"id":"baeff715-53d2-49a0-982c-8e3c18315d37","protocolProfileBehavior":{"disableBodyPruning":true},"request":{"auth":{"type":"bearer","bearer":[{"key":"token","value":"{{cognito_token}}","type":"string"}]},"method":"PUT","header":[{"key":"Content-Type","name":"Content-Type","value":"application/json","type":"text"}],"body":{"mode":"raw","raw":"{\r\n\t\"name\": \"new app name\",\r\n\t\"applicationType\": \"WEB\",\r\n\t\"redirectUris\": [\"https://www.whatever.com/qwe\", \"https://www.whatever.com/asd\"],\r\n\t\"clientUri\": \"https://www.whatever.com/qwe\",\r\n\t\"logoUri\": \"https://www.whatever.com/qwe\",\r\n\t\"termsOfServiceUri\": \"https://www.whatever.com/qwe\",\r\n\t\"policyUri\": \"https://www.whatever.com/qwe\",\r\n\t\"version\": \"1\",\r\n\t\"description\": \"my app\" \r\n}"},"url":{"raw":"https://{{api-gw-id}}.execute-api.eu-west-1.amazonaws.com/{{ENV_STAGE}}/applications/:uuid","protocol":"https","host":["{{api-gw-id}}","execute-api","eu-west-1","amazonaws","com"],"path":["{{ENV_STAGE}}","applications",":uuid"],"variable":[{"id":"c4689c9f-a8e8-427a-bc3d-3e3a8468e84e","key":"uuid","value":"be3072bb-a5ad-4660-b3b9-16195a5d178a"}]}},"response":[]}],"id":"4fb4c841-bb36-4f86-b379-2024a20a3173"},{"name":"authority-registrations","item":[{"name":"Get available scopes","event":[{"listen":"prerequest","script":{"exec":[""],"type":"text/javascript","id":"5ba77df1-a3d8-42b7-9f0b-cad1f9b45464"}}],"id":"96a580b4-077f-46e6-9bc8-555ff4eb25df","protocolProfileBehavior":{"disableBodyPruning":true},"request":{"auth":{"type":"bearer","bearer":[{"key":"token","value":"{{cognito_token}}","type":"string"}]},"method":"GET","header":[],"url":{"raw":"https://{{api-gw-id}}.execute-api.eu-west-1.amazonaws.com/{{ENV_STAGE}}/authority-registrations/:authorityUuid/templates/:regTemplateUuid/scopes","protocol":"https","host":["{{api-gw-id}}","execute-api","eu-west-1","amazonaws","com"],"path":["{{ENV_STAGE}}","authority-registrations",":authorityUuid","templates",":regTemplateUuid","scopes"],"variable":[{"id":"48880f9b-da1f-4949-a982-dde0c8d8a238","key":"authorityUuid","value":"3abbef88-3d16-48a7-a37d-882e94c4ce2a"},{"id":"b28b0c5d-5c56-434f-9864-006ba3d9df7f","key":"regTemplateUuid","value":"3b4b9acb-13d7-4255-b323-be575e749413"}]},"description":"Intersection between app roles mapped to scopes and wkep scopes"},"response":[]},{"name":"Get All Authority Registrations","id":"4febffa7-8c9f-452a-90bf-5b4c6769e721","protocolProfileBehavior":{"disableBodyPruning":true},"request":{"auth":{"type":"bearer","bearer":[{"key":"token","value":"{{cognito_token}}","type":"string"}]},"method":"GET","header":[],"url":{"raw":"https://{{api-gw-id}}.execute-api.eu-west-1.amazonaws.com/{{ENV_STAGE}}/authority-registrations","protocol":"https","host":["{{api-gw-id}}","execute-api","eu-west-1","amazonaws","com"],"path":["{{ENV_STAGE}}","authority-registrations"]}},"response":[]},{"name":"Get Authority Registration By Uuid","id":"133e3145-f00b-4957-9610-2e10d1ce2cc6","protocolProfileBehavior":{"disableBodyPruning":true},"request":{"auth":{"type":"bearer","bearer":[{"key":"token","value":"{{cognito_token}}","type":"string"}]},"method":"GET","header":[],"url":{"raw":"https://{{api-gw-id}}.execute-api.eu-west-1.amazonaws.com/{{ENV_STAGE}}/authority-registrations/:authorityUuid","protocol":"https","host":["{{api-gw-id}}","execute-api","eu-west-1","amazonaws","com"],"path":["{{ENV_STAGE}}","authority-registrations",":authorityUuid"],"variable":[{"id":"bc3ba3fe-de44-403c-8ca0-7b2b1b524689","key":"authorityUuid","value":"3abbef88-3d16-48a7-a37d-882e94c4ce2a"}]}},"response":[]},{"name":"Create Authority Registration","id":"27cbba04-46b5-4f47-9426-217c948b13e6","protocolProfileBehavior":{"disableBodyPruning":true},"request":{"auth":{"type":"bearer","bearer":[{"key":"token","value":"{{cognito_token}}","type":"string"}]},"method":"POST","header":[{"key":"Content-Type","name":"Content-Type","value":"application/json","type":"text"}],"body":{"mode":"raw","raw":"{\n  \"standardUuid\": \"d4a2726b-cb33-11ea-b3ce-061f768b0164\",\n  \"orgId\": \"00158000016i44JAAQ\",\n  \"orgName\": \"HSBC UK Bank Plc\",\n  \"authorityTokenUrl\": \"https://matls-sso.openbankingtest.org.uk/as/token.oauth2\",\n  \"authorityUrl\": \"https://matls-dirapi.openbankingtest.org.uk\",\n  \"roles\": [\"PISP\", \"AISP\", \"CBPII\"],\n  \"ncaId\": \"GB-FCA\",\n  \"ncaName\": \"Financial Conduct Authority\",\n  \"ncaOrganisationId\": \"PSDGB-FCA-765112\",\n  \"countryCode\": \"GB\"\n}"},"url":{"raw":"https://{{api-gw-id}}.execute-api.eu-west-1.amazonaws.com/{{ENV_STAGE}}/authority-registrations","protocol":"https","host":["{{api-gw-id}}","execute-api","eu-west-1","amazonaws","com"],"path":["{{ENV_STAGE}}","authority-registrations"]}},"response":[]},{"name":"Update Authority Registration","id":"3e5bcef0-35a8-4597-909e-c2c80e0bb4d2","protocolProfileBehavior":{"disableBodyPruning":true},"request":{"auth":{"type":"bearer","bearer":[{"key":"token","value":"{{cognito_token}}","type":"string"}]},"method":"PUT","header":[{"key":"Content-Type","name":"Content-Type","value":"application/json","type":"text"}],"body":{"mode":"raw","raw":"{\n  \"standardUuid\": \"d4a2726b-cb33-11ea-b3ce-061f768b0164\",\n  \"orgId\": \"00158000016i44JAAQ\",\n  \"orgName\": \"HSBC UK Bank Plc\",\n  \"authorityTokenUrl\": \"https://matls-sso.openbankingtest.org.uk/as/token.oauth2\",\n  \"authorityUrl\": \"https://matls-dirapi.openbankingtest.org.uk\",\n  \"roles\": [\"PISP\", \"AISP\", \"CBPII\"],\n  \"ncaId\": \"GB-FCA\",\n  \"ncaName\": \"Financial Conduct Authority\",\n  \"ncaOrganisationId\": \"PSDGB-FCA-765112\",\n  \"countryCode\": \"GB\"\n}"},"url":{"raw":"https://{{api-gw-id}}.execute-api.eu-west-1.amazonaws.com/{{ENV_STAGE}}/authority-registrations/:authorityUuid","protocol":"https","host":["{{api-gw-id}}","execute-api","eu-west-1","amazonaws","com"],"path":["{{ENV_STAGE}}","authority-registrations",":authorityUuid"],"variable":[{"id":"cd515a1d-f948-4572-a1ad-eceb3c72b999","key":"authorityUuid","value":"da7c0ab1-4350-4ad0-871b-e75c19049d6f"}]}},"response":[]},{"name":"Create Authority Credential","id":"641d5d7f-b0e7-423b-95db-e6bd761e2e37","protocolProfileBehavior":{"disableBodyPruning":true},"request":{"auth":{"type":"bearer","bearer":[{"key":"token","value":"{{cognito_token}}","type":"string"}]},"method":"POST","header":[{"key":"Content-Type","name":"Content-Type","value":"application/json","type":"text"}],"body":{"mode":"raw","raw":"{\n  \"privateKeyLocation\": \"s3://auth-creds-key.key\",\n  \"certificateLocation\": \"s3://auth-creds-cert.pem\",\n  \"certificateType\": \"OBWAC\",\n  \"publicKeyId\": \"KID\"\n}"},"url":{"raw":"https://{{api-gw-id}}.execute-api.eu-west-1.amazonaws.com/{{ENV_STAGE}}/authority-registrations/:authorityUuid/credentials","protocol":"https","host":["{{api-gw-id}}","execute-api","eu-west-1","amazonaws","com"],"path":["{{ENV_STAGE}}","authority-registrations",":authorityUuid","credentials"],"variable":[{"id":"9f3e80a0-cb54-4521-9260-c20de49937d8","key":"authorityUuid","value":"3abbef88-3d16-48a7-a37d-882e94c4ce2a"}]}},"response":[]},{"name":"Update Authority Credential","id":"376f768f-2971-4d81-9be0-eb02548737b4","protocolProfileBehavior":{"disableBodyPruning":true},"request":{"auth":{"type":"bearer","bearer":[{"key":"token","value":"{{cognito_token}}","type":"string"}]},"method":"PUT","header":[{"key":"Content-Type","name":"Content-Type","value":"application/json","type":"text"}],"body":{"mode":"raw","raw":"{\n  \"privateKeyLocation\": \"s3://auth-creds-key.key\",\n  \"certificateLocation\": \"s3://auth-creds-cert.pem\",\n  \"certificateType\": \"OBWAC\",\n  \"publicKeyId\": \"KID\"\n}"},"url":{"raw":"https://{{api-gw-id}}.execute-api.eu-west-1.amazonaws.com/{{ENV_STAGE}}/authority-registrations/:authorityUuid/credentials","protocol":"https","host":["{{api-gw-id}}","execute-api","eu-west-1","amazonaws","com"],"path":["{{ENV_STAGE}}","authority-registrations",":authorityUuid","credentials"],"variable":[{"id":"ab5328d2-82f3-4cc2-b416-3294655adce2","key":"authorityUuid","value":"3abbef88-3d16-48a7-a37d-882e94c4ce2a"}]}},"response":[]}],"id":"39e8ce2c-b0ca-4ce2-bba5-a51c97a7db39"},{"name":"application registration","item":[{"name":"staging","item":[{"name":"Abandon application registration","id":"49dbc56a-80f1-41f4-b851-046fffc14f91","protocolProfileBehavior":{"disableBodyPruning":true},"request":{"auth":{"type":"bearer","bearer":[{"key":"token","value":"{{cognito_token}}","type":"string"}]},"method":"PUT","header":[{"key":"Content-Type","type":"text","value":"application/json"}],"body":{"mode":"raw","raw":""},"url":{"raw":"https://{{api-gw-id}}.execute-api.eu-west-1.amazonaws.com/{{ENV_STAGE}}/application-registrations/:uuid/abandon","protocol":"https","host":["{{api-gw-id}}","execute-api","eu-west-1","amazonaws","com"],"path":["{{ENV_STAGE}}","application-registrations",":uuid","abandon"],"variable":[{"id":"1733352b-d1f0-42b3-ade1-09141702de48","key":"uuid","value":"cac69cdb-b94a-4917-baf4-2514a0956806"}]}},"response":[]},{"name":"Acknowledge application registration","id":"344ba092-bff1-4378-822d-d32af88e0eb9","protocolProfileBehavior":{"disableBodyPruning":true},"request":{"auth":{"type":"bearer","bearer":[{"key":"token","value":"{{cognito_token}}","type":"string"}]},"method":"PUT","header":[{"key":"Content-Type","type":"text","value":"application/json"}],"body":{"mode":"raw","raw":""},"url":{"raw":"https://{{api-gw-id}}.execute-api.eu-west-1.amazonaws.com/{{ENV_STAGE}}/application-registrations/:uuid/acknowledge","protocol":"https","host":["{{api-gw-id}}","execute-api","eu-west-1","amazonaws","com"],"path":["{{ENV_STAGE}}","application-registrations",":uuid","acknowledge"],"variable":[{"id":"28cab36c-8f5d-4c59-9a64-2264bc10858b","key":"uuid","value":"479098c1-db65-4fad-b8ec-cd555664d7bd"}]}},"response":[]},{"name":"Approve application registration","id":"4f21360e-7a8f-4172-82c5-168429154adb","protocolProfileBehavior":{"disableBodyPruning":true},"request":{"auth":{"type":"bearer","bearer":[{"key":"token","value":"{{cognito_token}}","type":"string"}]},"method":"PUT","header":[{"key":"Content-Type","type":"text","value":"application/json"}],"body":{"mode":"raw","raw":""},"url":{"raw":"https://{{api-gw-id}}.execute-api.eu-west-1.amazonaws.com/{{ENV_STAGE}}/application-registrations/:uuid/approve","protocol":"https","host":["{{api-gw-id}}","execute-api","eu-west-1","amazonaws","com"],"path":["{{ENV_STAGE}}","application-registrations",":uuid","approve"],"variable":[{"id":"857e13e9-0b9b-45ef-bd12-8124568ebd01","key":"uuid","value":"479098c1-db65-4fad-b8ec-cd555664d7bd"}]}},"response":[]},{"name":"Reactivate application registration","id":"2de02f3c-2a3d-4fce-be75-bc92cc375595","protocolProfileBehavior":{"disableBodyPruning":true},"request":{"auth":{"type":"bearer","bearer":[{"key":"token","value":"{{cognito_token}}","type":"string"}]},"method":"PUT","header":[{"key":"Content-Type","type":"text","value":"application/json"}],"body":{"mode":"raw","raw":""},"url":{"raw":"https://{{api-gw-id}}.execute-api.eu-west-1.amazonaws.com/{{ENV_STAGE}}/application-registrations/:uuid/reactivate","protocol":"https","host":["{{api-gw-id}}","execute-api","eu-west-1","amazonaws","com"],"path":["{{ENV_STAGE}}","application-registrations",":uuid","reactivate"],"variable":[{"id":"68e292c7-82fd-451b-8062-ca39e39b54d8","key":"uuid","value":"479098c1-db65-4fad-b8ec-cd555664d7bd"}]}},"response":[]},{"name":"Reject application registration","id":"120833ac-018a-4920-9d14-c98cf1b19a47","protocolProfileBehavior":{"disableBodyPruning":true},"request":{"auth":{"type":"bearer","bearer":[{"key":"token","value":"{{cognito_token}}","type":"string"}]},"method":"PUT","header":[{"key":"Content-Type","type":"text","value":"application/json"}],"body":{"mode":"raw","raw":""},"url":{"raw":"https://{{api-gw-id}}.execute-api.eu-west-1.amazonaws.com/{{ENV_STAGE}}/application-registrations/:uuid/reject","protocol":"https","host":["{{api-gw-id}}","execute-api","eu-west-1","amazonaws","com"],"path":["{{ENV_STAGE}}","application-registrations",":uuid","reject"],"variable":[{"id":"8e4fbf90-4df5-433b-9a61-6f676c9508e1","key":"uuid","value":"479098c1-db65-4fad-b8ec-cd555664d7bd"}]}},"response":[]},{"name":"Retry application registration","id":"2df05183-1caf-4395-b134-dbf877140f57","protocolProfileBehavior":{"disableBodyPruning":true},"request":{"auth":{"type":"bearer","bearer":[{"key":"token","value":"{{cognito_token}}","type":"string"}]},"method":"PUT","header":[{"key":"Content-Type","type":"text","value":"application/json"}],"body":{"mode":"raw","raw":""},"url":{"raw":"https://{{api-gw-id}}.execute-api.eu-west-1.amazonaws.com/{{ENV_STAGE}}/application-registrations/:uuid/retry","protocol":"https","host":["{{api-gw-id}}","execute-api","eu-west-1","amazonaws","com"],"path":["{{ENV_STAGE}}","application-registrations",":uuid","retry"],"variable":[{"id":"6cbe920c-92e7-4ee0-9e5e-352cd5972d89","key":"uuid","value":"cac69cdb-b94a-4917-baf4-2514a0956806"}]}},"response":[]},{"name":"Suspend application registration","id":"dcfad28c-7306-4619-a44d-0c62d45f64e3","protocolProfileBehavior":{"disableBodyPruning":true},"request":{"auth":{"type":"bearer","bearer":[{"key":"token","value":"{{cognito_token}}","type":"string"}]},"method":"PUT","header":[{"key":"Content-Type","type":"text","value":"application/json"}],"body":{"mode":"raw","raw":""},"url":{"raw":"https://{{api-gw-id}}.execute-api.eu-west-1.amazonaws.com/{{ENV_STAGE}}/application-registrations/:uuid/suspend","protocol":"https","host":["{{api-gw-id}}","execute-api","eu-west-1","amazonaws","com"],"path":["{{ENV_STAGE}}","application-registrations",":uuid","suspend"],"variable":[{"id":"3556e8e3-4a2f-4156-931d-9fdca829e69f","key":"uuid","value":"479098c1-db65-4fad-b8ec-cd555664d7bd"}]}},"response":[]}],"id":"48b6f0bf-cc68-4310-9510-37f46e30c184"},{"name":"Get application registration by UUID","id":"d9bb3205-163f-4fb6-a3f1-916edd7e8f12","protocolProfileBehavior":{"disableBodyPruning":true},"request":{"auth":{"type":"bearer","bearer":[{"key":"token","value":"{{cognito_token}}","type":"string"}]},"method":"GET","header":[],"url":{"raw":"https://{{api-gw-id}}.execute-api.eu-west-1.amazonaws.com/{{ENV_STAGE}}/application-registrations/:uuid","protocol":"https","host":["{{api-gw-id}}","execute-api","eu-west-1","amazonaws","com"],"path":["{{ENV_STAGE}}","application-registrations",":uuid"],"variable":[{"id":"c688a358-c858-4134-a282-8f7eee424dbb","key":"uuid","value":"cac69cdb-b94a-4917-baf4-2514a0956806"}]}},"response":[]},{"name":"Save manual registration","id":"23601066-e8e9-458d-9583-db9bb76c55c2","protocolProfileBehavior":{"disableBodyPruning":true},"request":{"auth":{"type":"bearer","bearer":[{"key":"token","value":"{{cognito_token}}","type":"string"}]},"method":"POST","header":[{"key":"Content-Type","value":"application/json","type":"text"}],"body":{"mode":"raw","raw":"{\r\n  \"applicationUuid\": \"e7120c00-12dc-4015-804d-486aa0eea8e3\",\r\n  \"registrationTemplateUuid\": \"242aa24f-dc42-47e9-bda5-3a7279d718f9\",\r\n  \"authorityRegistrationUuid\": \"3abbef88-3d16-48a7-a37d-882e94c4ce2a\",\r\n  \"registrationDisplayName\": \"Manual Registration display name\",\r\n  \"clientId\": \"generatedByAspspClientId\",\r\n  \"clientSecret\": \"generatedByAspspClientSecret\",\r\n  \"scopes\": [\"payments\", \"accounts\"],\r\n  \"redirectUris\": [\"https://localhost\"],\r\n  \"justification\": \"Because I can\"\r\n}\r\n"},"url":{"raw":"https://{{api-gw-id}}.execute-api.eu-west-1.amazonaws.com/{{ENV_STAGE}}/application-registrations/manual","protocol":"https","host":["{{api-gw-id}}","execute-api","eu-west-1","amazonaws","com"],"path":["{{ENV_STAGE}}","application-registrations","manual"]}},"response":[]},{"name":"Save dynamic registration","id":"27d33a97-01a2-4721-9ad2-aff0cabf1f10","protocolProfileBehavior":{"disableBodyPruning":true},"request":{"auth":{"type":"bearer","bearer":[{"key":"token","value":"{{cognito_token}}","type":"string"}]},"method":"POST","header":[{"key":"Content-Type","type":"text","value":"application/json"}],"body":{"mode":"raw","raw":"{\r\n\t\"applicationUuid\": \"fe9096a5-73ac-44c2-871f-01a48e227ab6\",\r\n\t\"registrationTemplateUuid\": \"2d4d4a12-5886-4da9-94ec-89f39c87103f\",\r\n\t\"authorityRegistrationUuid\": \"3abbef88-3d16-48a7-a37d-882e94c4ce2a\",\r\n\t\"name\": \"Registration display name\",\r\n\t\"scopes\": [\"accounts\"],\r\n\t\"redirectUris\": [\"https://localhost\"],\r\n\t\"justification\": \"Because I can\"\r\n}\r\n"},"url":{"raw":"https://{{api-gw-id}}.execute-api.eu-west-1.amazonaws.com/{{ENV_STAGE}}/application-registrations/dynamic","protocol":"https","host":["{{api-gw-id}}","execute-api","eu-west-1","amazonaws","com"],"path":["{{ENV_STAGE}}","application-registrations","dynamic"]}},"response":[]},{"name":"Update dynamic registration","id":"59295c01-fd59-41d4-b882-795e89bc5c73","protocolProfileBehavior":{"disableBodyPruning":true},"request":{"auth":{"type":"bearer","bearer":[{"key":"token","value":"{{cognito_token}}","type":"string"}]},"method":"PUT","header":[{"key":"Content-Type","type":"text","value":"application/json"}],"body":{"mode":"raw","raw":"{\r\n\t\"name\": \"Registration display name 2\",\r\n\t\"scopes\": [\"accounts\"],\r\n\t\"redirectUris\": [\"https://localhost\"]\r\n}\r\n"},"url":{"raw":"https://{{api-gw-id}}.execute-api.eu-west-1.amazonaws.com/{{ENV_STAGE}}/application-registrations/dynamic/:uuid","protocol":"https","host":["{{api-gw-id}}","execute-api","eu-west-1","amazonaws","com"],"path":["{{ENV_STAGE}}","application-registrations","dynamic",":uuid"],"variable":[{"id":"63cacba7-2f02-4b56-a213-d8bc1b2891e1","key":"uuid","value":"cac69cdb-b94a-4917-baf4-2514a0956806"}]}},"response":[]}],"id":"f2c7a9f4-5015-4806-abdd-643325bbd53f"},{"name":"application-authorities","item":[{"name":"Get application authorities","event":[{"listen":"prerequest","script":{"exec":[""],"type":"text/javascript","id":"10046d23-d29c-4bca-a7c9-c9dddfa9ce1d"}}],"id":"ce2d5aec-a852-4687-b885-657499dd31b3","protocolProfileBehavior":{"disableBodyPruning":true},"request":{"auth":{"type":"bearer","bearer":[{"key":"token","value":"{{cognito_token}}","type":"string"}]},"method":"GET","header":[],"url":{"raw":"https://{{api-gw-id}}.execute-api.eu-west-1.amazonaws.com/{{ENV_STAGE}}/application-authorities/:uuid?withNotRegistered=true","protocol":"https","host":["{{api-gw-id}}","execute-api","eu-west-1","amazonaws","com"],"path":["{{ENV_STAGE}}","application-authorities",":uuid"],"query":[{"key":"withNotRegistered","value":"true"}],"variable":[{"id":"c100c7f1-ba38-41cd-9f70-502ac92198f4","key":"uuid","value":"9b8d51a0-0aaa-480b-994a-23c2e0719e2b"}]},"description":"Get Acive/Not registered aithorities for a given application"},"response":[]},{"name":"Reject application authority","event":[{"listen":"prerequest","script":{"exec":[""],"type":"text/javascript","id":"29a4eeee-4740-4506-a575-2177dfd2a0f3"}}],"id":"59df5465-27ff-45b3-a921-3cae062fa949","protocolProfileBehavior":{"disableBodyPruning":true},"request":{"auth":{"type":"bearer","bearer":[{"key":"token","value":"{{cognito_token}}","type":"string"}]},"method":"PUT","header":[],"body":{"mode":"raw","raw":""},"url":{"raw":"https://{{api-gw-id}}.execute-api.eu-west-1.amazonaws.com/{{ENV_STAGE}}/application-authorities/:uuid/reject","protocol":"https","host":["{{api-gw-id}}","execute-api","eu-west-1","amazonaws","com"],"path":["{{ENV_STAGE}}","application-authorities",":uuid","reject"],"variable":[{"id":"ece2d1d9-8ba6-447e-bbb3-8cd5fdfc39ce","key":"uuid","value":"9b8d51a0-0aaa-480b-994a-23c2e0719e2b"}]},"description":"Get Acive/Not registered aithorities for a given application"},"response":[]},{"name":"Abandon application authority request","event":[{"listen":"prerequest","script":{"exec":[""],"type":"text/javascript","id":"0ce0d5c1-6411-4ed2-b269-f31fb78d7729"}}],"id":"8d46a63d-4da1-44df-a0b6-708bc2a18590","protocolProfileBehavior":{"disableBodyPruning":true},"request":{"auth":{"type":"bearer","bearer":[{"key":"token","value":"{{cognito_token}}","type":"string"}]},"method":"PUT","header":[],"body":{"mode":"raw","raw":""},"url":{"raw":"https://{{api-gw-id}}.execute-api.eu-west-1.amazonaws.com/{{ENV_STAGE}}/application-authorities/:uuid/abandon","protocol":"https","host":["{{api-gw-id}}","execute-api","eu-west-1","amazonaws","com"],"path":["{{ENV_STAGE}}","application-authorities",":uuid","abandon"],"variable":[{"id":"159eb4ee-b3b2-44ba-a47f-dab88d1cf72c","key":"uuid","value":"9b8d51a0-0aaa-480b-994a-23c2e0719e2b"}]},"description":"Get Acive/Not registered aithorities for a given application"},"response":[]},{"name":"Approve application authority request","event":[{"listen":"prerequest","script":{"exec":[""],"type":"text/javascript","id":"44636ebb-8625-4064-9e2a-4d3abb24cc0d"}}],"id":"b8a6d2fa-c890-4116-a16c-351be64eb058","protocolProfileBehavior":{"disableBodyPruning":true},"request":{"auth":{"type":"bearer","bearer":[{"key":"token","value":"{{cognito_token}}","type":"string"}]},"method":"PUT","header":[],"body":{"mode":"raw","raw":""},"url":{"raw":"https://{{api-gw-id}}.execute-api.eu-west-1.amazonaws.com/{{ENV_STAGE}}/application-authorities/:uuid/approve","protocol":"https","host":["{{api-gw-id}}","execute-api","eu-west-1","amazonaws","com"],"path":["{{ENV_STAGE}}","application-authorities",":uuid","approve"],"variable":[{"id":"8f0e783c-9d90-4aad-9fae-092d24141e7a","key":"uuid","value":"9b8d51a0-0aaa-480b-994a-23c2e0719e2b"}]},"description":"Get Acive/Not registered aithorities for a given application"},"response":[]},{"name":"Retry application authority request","event":[{"listen":"prerequest","script":{"exec":[""],"type":"text/javascript","id":"c04856b4-c35a-4562-97d3-71166493a2a0"}}],"id":"cfda6679-0d69-4355-9e1a-7af56aff5f8f","protocolProfileBehavior":{"disableBodyPruning":true},"request":{"auth":{"type":"bearer","bearer":[{"key":"token","value":"{{cognito_token}}","type":"string"}]},"method":"PUT","header":[],"body":{"mode":"raw","raw":""},"url":{"raw":"https://{{api-gw-id}}.execute-api.eu-west-1.amazonaws.com/{{ENV_STAGE}}/application-authorities/:uuid/retry","protocol":"https","host":["{{api-gw-id}}","execute-api","eu-west-1","amazonaws","com"],"path":["{{ENV_STAGE}}","application-authorities",":uuid","retry"],"variable":[{"id":"9bcf0f83-f73a-4b6d-b0b1-265daaf808e0","key":"uuid","value":"9b8d51a0-0aaa-480b-994a-23c2e0719e2b"}]},"description":"Get Acive/Not registered aithorities for a given application"},"response":[]},{"name":"Create application authoriti link","event":[{"listen":"prerequest","script":{"exec":[""],"type":"text/javascript","id":"8f9d259d-4719-4325-b762-3d17e4b09b9b"}}],"id":"3871216f-853d-4404-b7be-001750e46a5f","protocolProfileBehavior":{"disableBodyPruning":true},"request":{"auth":{"type":"bearer","bearer":[{"key":"token","value":"{{cognito_token}}","type":"string"}]},"method":"POST","header":[{"key":"Content-Type","name":"Content-Type","value":"application/json","type":"text"}],"body":{"mode":"raw","raw":"{\n  \"applicationUuid\": \"c4838aeb-2f90-412e-98a1-3db61d9cd394\",\n  \"authorityRegistrationUuid\": \"01eb965d-0b4d-4544-8faa-5ca6f1eee371\",\n  \"justification\": \"bo tak\"\n}\n"},"url":{"raw":"https://{{api-gw-id}}.execute-api.eu-west-1.amazonaws.com/{{ENV_STAGE}}/application-authorities","protocol":"https","host":["{{api-gw-id}}","execute-api","eu-west-1","amazonaws","com"],"path":["{{ENV_STAGE}}","application-authorities"]},"description":"Get Acive/Not registered aithorities for a given application"},"response":[]}],"id":"75c945b3-0c23-4506-9165-294f1aafc4f3"},{"name":"application-credentials","item":[{"name":"Get application credentials","event":[{"listen":"prerequest","script":{"exec":["pm.environment.set('RESOURCE', '/application-credentials');","eval(pm.environment.get('AWS4_SIGNATURE_LIB'));","","const hostname = pm.environment.get('API_GATEWAY_DOMAIN');","const path = pm.environment.get('ENV_STAGE') + pm.environment.get('RESOURCE');","const accessKeyId = pm.environment.get('ACCESS_KEY_ID');","const secretAccessKey = pm.environment.get('SECRET_ACCESS_KEY');","const sessionToken = pm.environment.get('SESSION_TOKEN');","","const httpMethod = pm.request.method;","// console.log(\"PM REQUEST: \" + JSON.stringify(requestBody));","","const signedRequest = sign({","    service: 'execute-api',","    method: httpMethod,","    host: hostname,","    path: path","}, {","    accessKeyId: accessKeyId,","    secretAccessKey: secretAccessKey,","    sessionToken: sessionToken,","});","","pm.environment.set('COP-Authorization', signedRequest.headers.Authorization);","pm.environment.set('COP-X-Amz-Date', signedRequest.headers[\"X-Amz-Date\"]);","pm.environment.set('COP-X-Amz-Security-Token', signedRequest.headers[\"X-Amz-Security-Token\"]);"],"type":"text/javascript","id":"d3a02f34-4244-411a-a8cc-ad96272167db"}}],"id":"afc6cb8b-99bf-4df8-aae8-d015f2194577","protocolProfileBehavior":{"disableBodyPruning":true},"request":{"auth":{"type":"noauth"},"method":"GET","header":[{"key":"Authorization","value":"{{COP-Authorization}}","type":"text"},{"key":"X-Amz-Date","value":"{{COP-X-Amz-Date}}","type":"text"},{"key":"X-Amz-Security-Token","value":"{{COP-X-Amz-Security-Token}}","type":"text"}],"url":{"raw":"https://{{api-gw-id}}.execute-api.eu-west-1.amazonaws.com/{{ENV_STAGE}}/application-credentials","protocol":"https","host":["{{api-gw-id}}","execute-api","eu-west-1","amazonaws","com"],"path":["{{ENV_STAGE}}","application-credentials"]},"description":"Get Acive/Not registered aithorities for a given application"},"response":[]},{"name":"Update application credential","event":[{"listen":"prerequest","script":{"exec":["pm.environment.set('RESOURCE', '/application-credentials');","eval(pm.environment.get('AWS4_SIGNATURE_LIB'));","","const hostname = pm.environment.get('API_GATEWAY_DOMAIN');","const path = pm.environment.get('ENV_STAGE') + pm.environment.get('RESOURCE');","const accessKeyId = pm.environment.get('ACCESS_KEY_ID');","const secretAccessKey = pm.environment.get('SECRET_ACCESS_KEY');","const sessionToken = pm.environment.get('SESSION_TOKEN');","","const requestBody = pm.request.body.raw;","const httpMethod = pm.request.method;","// console.log(\"PM REQUEST: \" + JSON.stringify(requestBody));","","const signedRequest = sign({","    service: 'execute-api',","    method: httpMethod,","    host: hostname,","    path: path,","    body: requestBody","}, {","    accessKeyId: accessKeyId,","    secretAccessKey: secretAccessKey,","    sessionToken: sessionToken,","});","","pm.environment.set('COP-Authorization', signedRequest.headers.Authorization);","pm.environment.set('COP-X-Amz-Date', signedRequest.headers[\"X-Amz-Date\"]);","pm.environment.set('COP-X-Amz-Security-Token', signedRequest.headers[\"X-Amz-Security-Token\"]);"],"type":"text/javascript","id":"4ed61212-f450-4487-bb2d-f93d0ab1eee4"}}],"id":"16fb5d2c-4e68-4369-8364-196ca1278c59","protocolProfileBehavior":{"disableBodyPruning":true},"request":{"auth":{"type":"noauth"},"method":"PUT","header":[{"key":"Content-Type","value":"application/json","type":"text"},{"key":"Authorization","value":"{{COP-Authorization}}","type":"text"},{"key":"X-Amz-Date","value":"{{COP-X-Amz-Date}}","type":"text"},{"key":"X-Amz-Security-Token","value":"{{COP-X-Amz-Security-Token}}","type":"text"}],"body":{"mode":"raw","raw":"{\n    \"applicationUuid\": \"e6d660ad-13cf-472e-a337-588719e3ffb9\",\n    \"authorityRegistrationUuid\": \"38b49ab7-2cd7-462c-8e21-83fb67186668\",\n    \"privateKeyLocation\": \"s3://ob-dip-preprod-896676466355-eu-west-1-registration-hub/certs/application/tpGX822mURWv9xDy0b4QR8/OB_TRANSPORT.key\",\n    \"certLocation\": \"s3://ob-dip-preprod-896676466355-eu-west-1-registration-hub/certs/application/tpGX822mURWv9xDy0b4QR8/OB_TRANSPORT.pem\",\n    \"publicJwksUrl\": \"https://keystore.openbankingtest.org.uk/00158000016i44JAAQ/tpGX822mURWv9xDy0b4QR8.jwks\",\n    \"publicKeyId\": \"VFJ2G6FjQJa3dCo9XIxZH9V1BnU\",\n    \"dnCertificateSubject\": \"C=GB,O=OpenBanking,OU=00158000016i44JAAQ,CN=tpGX822mURWv9xDy0b4QR8\",\n    \"certificateExpiryDate\": \"2022-04-23T13:33:05Z\",\n    \"certificateType\": \"OB_TRANSPORT\"\n}"},"url":{"raw":"https://{{api-gw-id}}.execute-api.eu-west-1.amazonaws.com/{{ENV_STAGE}}/application-credentials","protocol":"https","host":["{{api-gw-id}}","execute-api","eu-west-1","amazonaws","com"],"path":["{{ENV_STAGE}}","application-credentials"]}},"response":[]}],"id":"1dda72bf-6bd6-4b77-819e-d6fd07a07160"},{"name":"jwks","item":[{"name":"Update JWKS","event":[{"listen":"prerequest","script":{"id":"ee976038-29bd-4a0f-a2f8-a987a1aa07b5","exec":["pm.environment.set('RESOURCE', '/jwks/' + /[^/]*$/.exec(pm.request.url)[0]);","eval(pm.environment.get('AWS4_SIGNATURE_LIB'));","","const hostname = pm.environment.get('API_GATEWAY_DOMAIN');","const path = pm.environment.get('ENV_STAGE') + pm.environment.get('RESOURCE');","const accessKeyId = pm.environment.get('ACCESS_KEY_ID');","const secretAccessKey = pm.environment.get('SECRET_ACCESS_KEY');","const sessionToken = pm.environment.get('SESSION_TOKEN');","","const requestBody = pm.request.body.raw;","const httpMethod = pm.request.method;","// console.log(\"PM REQUEST: \" + JSON.stringify(requestBody));","","const signedRequest = sign({","    service: 'execute-api',","    method: httpMethod,","    host: hostname,","    path: path,","    body: requestBody","}, {","    accessKeyId: accessKeyId,","    secretAccessKey: secretAccessKey,","    sessionToken: sessionToken,","});","","pm.environment.set('COP-Authorization', signedRequest.headers.Authorization);","pm.environment.set('COP-X-Amz-Date', signedRequest.headers[\"X-Amz-Date\"]);","pm.environment.set('COP-X-Amz-Security-Token', signedRequest.headers[\"X-Amz-Security-Token\"]);"],"type":"text/javascript"}}],"id":"e946c841-aa2f-4c54-9420-58e3a1dab6be","protocolProfileBehavior":{"disableBodyPruning":true},"request":{"auth":{"type":"noauth"},"method":"PUT","header":[{"key":"Content-Type","type":"text","value":"application/json"},{"key":"Authorization","type":"text","value":"{{COP-Authorization}}"},{"key":"X-Amz-Date","type":"text","value":"{{COP-X-Amz-Date}}"},{"key":"X-Amz-Security-Token","type":"text","value":"{{COP-X-Amz-Security-Token}}"}],"body":{"mode":"raw","raw":"{\n    \"jwksUri\": \"http://www.custom2.com\"\n}"},"url":{"raw":"https://{{api-gw-id}}.execute-api.eu-west-1.amazonaws.com/{{ENV_STAGE}}/jwks/:id","protocol":"https","host":["{{api-gw-id}}","execute-api","eu-west-1","amazonaws","com"],"path":["{{ENV_STAGE}}","jwks",":id"],"variable":[{"id":"d1a15b9f-83d1-43e8-bc94-251ce0ae91c6","key":"id","value":"6256839e-4fd0-40df-8d1d-328967a6dd10"}]}},"response":[]}],"id":"ae120189-b313-4285-8e07-59dc089538a5"},{"name":"Fetch WKEP","event":[{"listen":"prerequest","script":{"exec":["var exampleWkepUri = 'https://yhmm2gezh0-vpce-0c1ca75b7ec81d4d4.execute-api.eu-west-1.amazonaws.com/{{ENV_STAGE}}/aspsp-wkep-stub/.well-known/rbs';","//var exampleWkepUri = 'https://api.rbs.useinfinite.io/.well-known/openid-configuration';","var encoded = encodeURIComponent(exampleWkepUri);","postman.setEnvironmentVariable(\"wkep\", encoded);"],"type":"text/javascript","id":"8f7108e1-756a-41dc-96cf-4f4cadf58306"}}],"id":"f854e382-e139-4ff9-940c-7ba784c11288","protocolProfileBehavior":{"disableBodyPruning":true},"request":{"auth":{"type":"bearer","bearer":[{"key":"token","value":"{{cognito_token}}","type":"string"}]},"method":"GET","header":[],"url":{"raw":"https://{{api-gw-id}}.execute-api.eu-west-1.amazonaws.com/{{ENV_STAGE}}/wkep?wkepUrl={{wkep}}","protocol":"https","host":["{{api-gw-id}}","execute-api","eu-west-1","amazonaws","com"],"path":["{{ENV_STAGE}}","wkep"],"query":[{"key":"wkepUrl","value":"{{wkep}}"}]},"description":"Fetch Well-Known Endpoint configuration together with s3 location for that configuration"},"response":[]},{"name":"Get HSBC supported params","event":[{"listen":"prerequest","script":{"exec":[""],"type":"text/javascript","id":"676df2ee-dd2c-4db9-b4c9-3e7d4558047e"}}],"id":"e69a8f65-e743-4841-a3c3-1780c17fde0b","protocolProfileBehavior":{"disableBodyPruning":true},"request":{"auth":{"type":"bearer","bearer":[{"key":"token","value":"{{cognito_token}}","type":"string"}]},"method":"GET","header":[],"url":{"raw":"https://{{api-gw-id}}.execute-api.eu-west-1.amazonaws.com/{{ENV_STAGE}}/hsbc-supported-params/standard/:standardId","protocol":"https","host":["{{api-gw-id}}","execute-api","eu-west-1","amazonaws","com"],"path":["{{ENV_STAGE}}","hsbc-supported-params","standard",":standardId"],"variable":[{"id":"9b256dbb-66a2-43a2-8c04-82a84bd6ec86","key":"standardId","value":"1cea6be7-4f32-11eb-a23f-06a23d347606"}]},"description":"Get HSBC supported params for template creation"},"response":[]},{"name":"Get standards","event":[{"listen":"prerequest","script":{"exec":[""],"type":"text/javascript","id":"acafad01-f0e1-418e-b3cd-5f3803ff3078"}}],"id":"fab09a2b-46ba-4e74-a033-aa348428f747","protocolProfileBehavior":{"disableBodyPruning":true},"request":{"auth":{"type":"bearer","bearer":[{"key":"token","value":"{{cognito_token}}","type":"string"}]},"method":"GET","header":[],"url":{"raw":"https://{{api-gw-id}}.execute-api.eu-west-1.amazonaws.com/{{ENV_STAGE}}/standards","protocol":"https","host":["{{api-gw-id}}","execute-api","eu-west-1","amazonaws","com"],"path":["{{ENV_STAGE}}","standards"]}},"response":[]}]}