{"info":{"_postman_id":"f0f3134c-100d-4d39-9f55-b1efd9cd2112","name":"DSP CERT - openbanking realm","schema":"https://schema.getpostman.com/json/collection/v2.1.0/collection.json"},"item":[{"name":"User_Authenticate_Request","event":[{"listen":"test","script":{"id":"7edde902-5060-4eef-9dd9-ac5dce443aa7","exec":["var jsonData = JSON.parse(responseBody);","postman.setEnvironmentVariable(\"authId\", jsonData.authId);","postman.setEnvironmentVariable(\"tokenId\", jsonData.tokenId);",""],"type":"text/javascript"}}],"id":"0d301d0a-e25f-4e46-b9d3-ef9ce9ecfb57","protocolProfileBehavior":{"disableBodyPruning":true},"request":{"method":"POST","header":[{"key":"X-HSBC-Channel-Id","value":"OPENBANK","type":"text"},{"key":"X-HSBC-Chnl-Group-Member","value":"HRFB","type":"text"},{"key":"Content-Type","value":"application/json","type":"text"},{"key":"X-HSBC-Locale","value":"GB","type":"text"},{"key":"X-HSBC-Session-Correlation-Id","value":"64510817247365777967","type":"text"}],"url":{"raw":"https://open.sit.hsbc.com.hk/dsp/json/realms/root/realms/openbanking/authenticate?authIndexType=service&authIndexValue=OtpAuthService","protocol":"https","host":["open","sit","hsbc","com","hk"],"path":["dsp","json","realms","root","realms","openbanking","authenticate"],"query":[{"key":"authIndexType","value":"service"},{"key":"authIndexValue","value":"OtpAuthService"}]}},"response":[]},{"name":"GetOTP","event":[{"listen":"test","script":{"id":"26fcd936-5728-481e-af62-deb35dfe911d","exec":["var jsonData = JSON.parse(responseBody);","postman.setEnvironmentVariable(\"otp\", jsonData.token);"],"type":"text/javascript"}}],"id":"21f58ef7-53b9-4c5c-8480-4b8250e30cba","protocolProfileBehavior":{"disableBodyPruning":true},"request":{"method":"GET","header":[],"url":{"raw":"https://testingservices.cn.hsbc:8443/tokenApi/anonymous?username={{username}}&type=1&accessKey={{accesskey}}","protocol":"https","host":["testingservices","cn","hsbc"],"port":"8443","path":["tokenApi","anonymous"],"query":[{"key":"username","value":"{{username}}"},{"key":"type","value":"1"},{"key":"accessKey","value":"{{accesskey}}"}]}},"response":[]},{"name":"User_Authenticate_Response","event":[{"listen":"test","script":{"id":"3f4f8d94-e598-4889-a7bc-4086d9c3ee46","exec":["var jsonData = JSON.parse(responseBody);","postman.setEnvironmentVariable(\"tokenId\", jsonData.tokenId);"],"type":"text/javascript"}}],"id":"7deb7257-0a28-4d04-bb95-93bf6c1bc4e2","protocolProfileBehavior":{"disableBodyPruning":true},"request":{"method":"POST","header":[{"key":"Content-Type","value":"application/json"},{"key":"X-HSBC-Session-Correlation-Id","value":"64510817247365777967","type":"text"}],"body":{"mode":"raw","raw":"{\n    \"authId\": \"{{authId}}\",\n    \"template\": \"\",\n    \"stage\": \"ObCustomAuth2\",\n    \"header\": \"Openbanking Login\",\n    \"callbacks\": [\n        {\n            \"type\": \"NameCallback\",\n            \"output\": [\n                {\n                    \"name\": \"prompt\",\n                    \"value\": \"#USERNAME#\"\n                }\n            ],\n            \"input\": [\n                {\n                    \"name\": \"IDToken1\",\n                    \"value\": \"{{username}}\"\n                }\n            ]\n        },\n        {\n            \"type\": \"PasswordCallback\",\n            \"output\": [\n                {\n                    \"name\": \"prompt\",\n                    \"value\": \"#OTP#\"\n                }\n            ],\n            \"input\": [\n                {\n                    \"name\": \"IDToken2\",\n                    \"value\": \"{{otp}}\"\n                }\n            ]\n        },\n        {\n            \"type\": \"NameCallback\",\n            \"output\": [\n                {\n                    \"name\": \"prompt\",\n                    \"value\": \"#SHOW_INTERSTITIAL_PAGE#\"\n                }\n            ],\n            \"input\": [\n                {\n                    \"name\": \"IDToken3\"\n                }\n            ]\n        }\n    ]\n}"},"url":{"raw":"https://open.sit.hsbc.com.hk/dsp/json/realms/root/realms/openbanking/authenticate?authIndexType=service&authIndexValue=OtpAuthService","protocol":"https","host":["open","sit","hsbc","com","hk"],"path":["dsp","json","realms","root","realms","openbanking","authenticate"],"query":[{"key":"authIndexType","value":"service"},{"key":"authIndexValue","value":"OtpAuthService"}]}},"response":[]},{"name":"UserInfo","id":"513026ca-62a7-4505-9221-c60d8cd32fbf","protocolProfileBehavior":{"disableBodyPruning":true},"request":{"method":"GET","header":[{"key":"dspSession","value":"{{tokenId}}"}],"url":{"raw":"https://open-tc.p2g.netd2.hk.hsbc/dsp/json/realms/openbanking/users/{{username}}","protocol":"https","host":["open-tc","p2g","netd2","hk","hsbc"],"path":["dsp","json","realms","openbanking","users","{{username}}"]}},"response":[]}]}