{"info":{"_postman_id":"f12d5745-5b82-4113-aee7-8ca9c98b1bc7","name":"DIP open banking API","schema":"https://schema.getpostman.com/json/collection/v2.1.0/collection.json"},"item":[{"name":"DSP service account auth","item":[{"name":"[001] (DSP) User_Authenticate_Request Copy","event":[{"listen":"test","script":{"id":"ceab54ff-1adb-4910-bdc5-de54d4e5acb7","exec":["var jsonData = JSON.parse(responseBody);","postman.setEnvironmentVariable(\"authId\", jsonData.authId);","postman.setEnvironmentVariable(\"tokenId\", jsonData.tokenId);",""],"type":"text/javascript"}}],"id":"98e8694f-a483-4627-91ac-72062d88b32f","protocolProfileBehavior":{"disableBodyPruning":true},"request":{"method":"POST","header":[{"key":"Content-Type","value":"application/json","type":"text"},{"key":"Authorization","value":"Basic b3BlbmFtX2F1dGhfc2c6b3BlbmFtMTIzNA==","type":"text"},{"key":"X-Forwarded-For","value":"175.45.176.46","type":"text","disabled":true}],"url":{"raw":"https://sg-sit.hsbc.com.hk/dsp/json/realms/sg/authenticate?authIndexType=service&authIndexValue=OtpAuthService","protocol":"https","host":["sg-sit","hsbc","com","hk"],"path":["dsp","json","realms","sg","authenticate"],"query":[{"key":"authIndexType","value":"service"},{"key":"authIndexValue","value":"OtpAuthService"}]}},"response":[]},{"name":"[002] (dpcloud) GetOTP","event":[{"listen":"test","script":{"id":"d7421805-48c2-4d36-9749-9771bf24c517","exec":["var jsonData = JSON.parse(responseBody);","postman.setEnvironmentVariable(\"otp\", jsonData.token);"],"type":"text/javascript"}}],"id":"b2b6a3ea-3685-4af2-8a47-d616934f7bb1","protocolProfileBehavior":{"disableBodyPruning":true},"request":{"method":"GET","header":[],"url":{"raw":"https://testingservices.cn.hsbc:8443/tokenApi/anonymous?username={{username}}&type=1&accessKey=kjacd44rieteuuivgiej7jcnk5&user=anonymous&_=1512995531213","protocol":"https","host":["testingservices","cn","hsbc"],"port":"8443","path":["tokenApi","anonymous"],"query":[{"key":"username","value":"{{username}}"},{"key":"type","value":"1"},{"key":"accessKey","value":"kjacd44rieteuuivgiej7jcnk5"},{"key":"user","value":"anonymous"},{"key":"_","value":"1512995531213"}]}},"response":[]},{"name":"[003] (DSP) User_Authenticate_Response","event":[{"listen":"test","script":{"id":"8277dc94-2bce-494f-a4fe-770aa623a17a","exec":["var jsonData = JSON.parse(responseBody);","postman.setEnvironmentVariable(\"tokenId\", jsonData.tokenId);"],"type":"text/javascript"}}],"id":"5b120cb1-175d-4bfc-be69-b4ff5431872c","protocolProfileBehavior":{"disableBodyPruning":true},"request":{"method":"POST","header":[{"key":"Content-Type","name":"Content-Type","type":"text","value":"application/json"},{"key":"X-HSBC-Request-Correlation-Id","type":"text","value":"1"},{"key":"X-HSBC-Session-Correlation-Id","type":"text","value":"1"},{"key":"X-HSBC-Chnl-CountryCode","type":"text","value":"SG"},{"key":"X-HSBC-Chnl-Group-Member","type":"text","value":"HBAP"},{"key":"channel","type":"text","value":"WEB"},{"key":"X-HSBC-Channel-Id","type":"text","value":"WEB"},{"key":"X-HSBC-Locale","type":"text","value":"en_SG"},{"key":"Authorization","type":"text","value":"Basic b3BlbmFtX2F1dGhfc2c6b3BlbmFtMTIzNA=="},{"key":"X-Forwarded-For","type":"text","value":"175.45.176.46","disabled":true}],"body":{"mode":"raw","raw":"{\n    \"authId\": \"{{authId}}\",\n    \"template\": \"\",\n    \"stage\": \"OTPModule\",\n    \"header\": \"OTP Module\",\n    \"callbacks\": [\n        {\n            \"type\": \"NameCallback\",\n            \"output\": [\n                {\n                    \"name\": \"prompt\",\n                    \"value\": \"#USERNAME#\"\n                }\n            ],\n            \"input\": [\n                {\n                    \"name\": \"IDToken1\",\n                    \"value\": \"{{username}}\"\n                }\n            ]\n        },\n        {\n            \"type\": \"PasswordCallback\",\n            \"output\": [\n                {\n                    \"name\": \"prompt\",\n                    \"value\": \"#OTP#\"\n                }\n            ],\n            \"input\": [\n                {\n                    \"name\": \"IDToken2\",\n                    \"value\": \"{{otp}}\"\n                }\n            ]\n        },\n        {\n            \"type\": \"NameCallback\",\n            \"output\": [\n                {\n                    \"name\": \"prompt\",\n                    \"value\": \"#SHOW_INTERSTITIAL_PAGE#\"\n                }\n            ],\n            \"input\": [\n                {\n                    \"name\": \"IDToken3\",\n                    \"value\": \"\"\n                }\n            ]\n        }\n    ]\n}"},"url":{"raw":"https://sg-sit.hsbc.com.hk/dsp/json/realms/sg/authenticate?authIndexType=service&authIndexValue=OtpAuthService","protocol":"https","host":["sg-sit","hsbc","com","hk"],"path":["dsp","json","realms","sg","authenticate"],"query":[{"key":"authIndexType","value":"service"},{"key":"authIndexValue","value":"OtpAuthService"}]}},"response":[]},{"name":"[004] SSO_Token Policy Evaluate","event":[{"listen":"test","script":{"id":"06a283a8-bd0e-4930-b091-b22cc17f7516","exec":["var jsonData = JSON.parse(responseBody);","var samlToken = JSON.parse(jsonData[0].attributes.JWTToken);","","postman.setEnvironmentVariable(\"E2E-Trust-Token\", samlToken[\"issued_token\"]);"],"type":"text/javascript"}}],"id":"8c5c38d9-4dd5-417c-bdaa-556c35398d8a","protocolProfileBehavior":{"disableBodyPruning":true},"request":{"method":"POST","header":[{"key":"Content-Type","value":"application/json"},{"key":"dspSession","value":"{{tokenId}}"}],"body":{"mode":"raw","raw":"{\n   \"subject\": {\"ssoToken\": \"{{tokenId}}\"},\n   \"resources\": [\"APIResource\"],\n   \"environment\": {\"ApiCamLevel\": [\"40\"], \"TokenType\": [\"JWT\"]},\n   \"application\": \"DSPAuthorisationPolicySet\"\n  }"},"url":{"raw":"https://sg-sit.hsbc.com.hk/dsp/json/realms/root/realms/sg/policies?_action=evaluate","protocol":"https","host":["sg-sit","hsbc","com","hk"],"path":["dsp","json","realms","root","realms","sg","policies"],"query":[{"key":"_action","value":"evaluate"}]}},"response":[]}],"id":"11b147be-e0eb-41a3-8e0d-7670af96190e","event":[{"listen":"prerequest","script":{"id":"60562bf7-fe5d-4f96-8290-51526767c907","type":"text/javascript","exec":[""]}},{"listen":"test","script":{"id":"def66b55-fa24-4781-bd6c-ac7c9fe8a4ed","type":"text/javascript","exec":[""]}}]},{"name":"DSP staff crededentials auth","item":[{"name":"[DSP] authenticate","event":[{"listen":"test","script":{"id":"23098905-2eb8-43b3-b9a7-9b52a6b04a20","exec":["pm.environment.set(\"tokenId\", pm.response.json().tokenId);"],"type":"text/javascript"}}],"id":"63c561a2-3c80-419f-b23b-36dc87279901","protocolProfileBehavior":{"disableBodyPruning":true},"request":{"method":"POST","header":[{"key":"X-OpenAM-Password","value":"{{EMPL_PASS}}","type":"text"},{"key":"X-OpenAM-Username","value":"{{EMPL_NAME}}","type":"text"},{"key":"Content-Type","name":"Content-Type","value":"application/json","type":"text"}],"body":{"mode":"raw","raw":""},"url":{"raw":"https://dsp-admin.p2g.netd2.hk.hsbc/dsp/json/authenticate?realm=staff&authIndexType=service&authIndexValue=ldapService","protocol":"https","host":["dsp-admin","p2g","netd2","hk","hsbc"],"path":["dsp","json","authenticate"],"query":[{"key":"realm","value":"staff"},{"key":"authIndexType","value":"service"},{"key":"authIndexValue","value":"ldapService"}]}},"response":[]},{"name":"[DSP] ssotoken to trusttoken","event":[{"listen":"prerequest","script":{"id":"7944ac10-e984-4e46-956a-bccf1e808e79","exec":[""],"type":"text/javascript"}},{"listen":"test","script":{"id":"0b22c5bf-0370-4242-9a22-602281cb59d3","exec":["pm.environment.set(\"E2E-Trust-Token\", pm.response.json()[0].attributes.JWTToken[0]);"],"type":"text/javascript"}}],"id":"5ffddcf1-9be8-4698-9808-0ea5fb158dc2","protocolProfileBehavior":{"disableBodyPruning":true},"request":{"method":"POST","header":[{"key":"Content-Type","value":"application/json","type":"text"}],"body":{"mode":"raw","raw":"{\r\n\t\"input_token_state\": {\r\n\t\t\"token_type\": \"SSOTOKEN\",\r\n\t\t\"tokenId\": \"{{tokenId}}\"\r\n\t},\r\n\t\"output_token_state\": {\r\n\t\t\"token_type\": \"SECPJWT\",\r\n\t\t\"subject_confirmation\": \"BEARER\"\r\n\t}\r\n}"},"url":{"raw":"https://dsp-admin.p2g.netd2.hk.hsbc/dsp/rest-sts/staff/v1/ssotoken_to_trusttoken?_action=translate","protocol":"https","host":["dsp-admin","p2g","netd2","hk","hsbc"],"path":["dsp","rest-sts","staff","v1","ssotoken_to_trusttoken"],"query":[{"key":"_action","value":"translate"}]}},"response":[]}],"id":"3330cd19-759e-418a-920d-6bf9900625e4"},{"name":"[PISP] create consent","event":[{"listen":"test","script":{"id":"3240a6f1-ab6a-4251-9e1c-3362bedd7b91","exec":["var jsonData = pm.response.json();","var internalConsentId = jsonData.internalConsentId;","var authorisetionUrl = jsonData.authorisationURL;","var queryString = authorisetionUrl.split(\"?\")[1];","var queryParams = queryString.split(\"&\");","var state = queryParams.find(qp => qp.startsWith('state=')).split(\"=\")[1];","var nonce = queryParams.find(qp => qp.startsWith('nonce=')).split(\"=\")[1];","","pm.environment.set(\"state\", state);","pm.environment.set(\"nonce\", nonce);","pm.environment.set(\"internalConsentId\", internalConsentId);"],"type":"text/javascript"}},{"listen":"prerequest","script":{"id":"01169971-d0be-44eb-8a57-3bbfce63020f","exec":["const flows = JSON.parse(pm.environment.get(\"postman-flows\"));","const flow = pm.environment.get(\"flow\");","","// console.log(\"flows: \" + JSON.stringify(flows));","const selectedFlow = flows[flow];","console.log(\"Selected flow: \" + JSON.stringify(selectedFlow));","const authorityRegistrationId = selectedFlow.authorityRegistrationId;","const orgCode = selectedFlow.orgCode;","const appClientId = selectedFlow.appClientId;","const appClientSecret = selectedFlow.appClientSecret;","","pm.environment.set(\"authorityRegistrationId\", authorityRegistrationId);","pm.environment.set(\"orgCode\", orgCode);","pm.environment.set(\"appClientId\", appClientId);","pm.environment.set(\"appClientSecret\", appClientSecret);"],"type":"text/javascript"}}],"id":"a420e361-c836-4440-a8d8-5ffaa4ccf4bd","protocolProfileBehavior":{"disableBodyPruning":true},"request":{"method":"POST","header":[{"key":"Content-Type","value":"application/json","type":"text"},{"key":"X-HSBC-E2E-Trust-Token","value":"{{E2E-Trust-Token}}","type":"text"},{"key":"X-HSBC-Src-UserAgent","value":"Apache-HttpClient/4.5.5 (Java/1.8.0_212)","type":"text"},{"key":"X-HSBC-Chnl-Group-Member","value":"HBEU","type":"text"},{"key":"X-HSBC-Client-Journey","value":"qwe","type":"text"},{"key":"X-Authority-Registration-Organisation-ID","value":"{{authorityRegistrationId}}","type":"text"},{"key":"X-Organisation-Code","value":"{{orgCode}}","type":"text"},{"key":"X-HSBC-Client-Id","value":"{{appClientId}}","type":"text"},{"key":"X-HSBC-Client-Secret","value":"{{appClientSecret}}","type":"text"},{"key":"Authorization","value":"Bearer {{tokenId}}","type":"text","disabled":true},{"key":"X-HSBC-GBGF","value":"RBWM","type":"text"},{"key":"X-HSBC-Request-Correlation-Id","value":"{{$guid}}","type":"text"},{"key":"accept","value":"application/json","type":"text"},{"key":"client-RedirectUrl","value":"https://testing.redirect.url.com","type":"text"}],"body":{"mode":"raw","raw":"{\n  \"initiation\": {\n    \"creationDateTime\": \"2020-04-27T08:00:41.623Z\",\n    \"instructionIdentification\": \"TYVZv4cN60Cmn1xEE64W\",\n    \"endToEndIdentification\": \"U55YIeZJKvaCPANDzSXV\",\n    \"instructedAmount\": {\n      \"amount\": \"0.01\",\n      \"currency\": \"GBP\"\n    },\n    \"paymentTypeInformation\": {\n      \"paymentMethod\": {\n        \"paymentService\": \"domestic\",\n        \"instructedAmount\": {\n          \"amount\": \"5768.2\",\n          \"currency\": \"EUR\"\n        }\n      }\n    }\n  },\n  \"creditor\": {\n    \"name\": \"string\",\n    \"postalAddress\": {\n      \"country\": \"string\",\n      \"addressLine\": [\n        \"string\"\n      ]\n    },\n    \"organisationId\": {\n      \"identification\": \"string\",\n      \"schemeName\": \"string\",\n      \"issuer\": \"string\"\n    },\n    \"privateId\": {\n      \"identification\": \"string\",\n      \"schemeName\": \"string\",\n      \"issuer\": \"string\"\n    }\n  },\n  \"creditorAccount\": {\n    \"schemeName\": \"UK.OBIE.SortCodeAccountNumber\",\n    \"identification\": \"40202221663135\",\n    \"name\": \"IB1620403102\",\n    \"secondaryIdentification\": \"xUO61DyFKvdxX5HxZ42G\"\n  },\n  \"debtorAgent\": {\n    \"bicFi\": \"string\",\n    \"clearingSystemMemberId\": {\n      \"clearingSystemId\": \"string\",\n      \"memberId\": \"string\"\n    },\n    \"name\": \"string\",\n    \"postalAddress\": {\n      \"country\": \"string\",\n      \"addressLine\": [\n        \"string\"\n      ]\n    },\n    \"other\": {\n      \"schemeName\": \"string\",\n      \"identification\": \"string\"\n    }\n  },\n  \"risk\": {\n  }\n}"},"url":{"raw":"{{API_URL}}/open-banking/v1.0/payment-consents","host":["{{API_URL}}"],"path":["open-banking","v1.0","payment-consents"]}},"response":[]},{"name":"[AISP] create consent","event":[{"listen":"test","script":{"id":"29b7d8a6-6e47-4104-a4a6-4d3c6f1bf178","exec":["var jsonData = pm.response.json();","var internalConsentId = jsonData.internalConsentId;","var authorisetionUrl = jsonData.authorisationURL;","var queryString = authorisetionUrl.split(\"?\")[1];","var queryParams = queryString.split(\"&\");","var state = queryParams.find(qp => qp.startsWith('state=')).split(\"=\")[1];","var nonce = queryParams.find(qp => qp.startsWith('nonce=')).split(\"=\")[1];","","pm.environment.set(\"state\", state);","pm.environment.set(\"nonce\", nonce);","pm.environment.set(\"internalConsentId\", internalConsentId);"],"type":"text/javascript"}},{"listen":"prerequest","script":{"id":"965fbf81-7846-40de-9995-710dd7c9c831","exec":["const flows = JSON.parse(pm.environment.get(\"postman-flows\"));","const flow = pm.environment.get(\"flow\");","","// console.log(\"flows: \" + JSON.stringify(flows));","const selectedFlow = flows[flow];","console.log(\"Selected flow: \" + JSON.stringify(selectedFlow));","const authorityRegistrationId = selectedFlow.authorityRegistrationId;","const orgCode = selectedFlow.orgCode;","const appClientId = selectedFlow.appClientId;","const appClientSecret = selectedFlow.appClientSecret;","","pm.environment.set(\"authorityRegistrationId\", authorityRegistrationId);","pm.environment.set(\"orgCode\", orgCode);","pm.environment.set(\"appClientId\", appClientId);","pm.environment.set(\"appClientSecret\", appClientSecret);"],"type":"text/javascript"}}],"id":"14dbde73-d3ae-40aa-93bd-751f5b8ca99e","protocolProfileBehavior":{"disableBodyPruning":true},"request":{"method":"POST","header":[{"key":"Content-Type","value":"application/json","type":"text"},{"key":"X-HSBC-E2E-Trust-Token","value":"{{E2E-Trust-Token}}","type":"text"},{"key":"X-HSBC-Src-UserAgent","value":"Apache-HttpClient/4.5.5 (Java/1.8.0_212)","type":"text"},{"key":"X-HSBC-Chnl-Group-Member","value":"HBEU","type":"text"},{"key":"X-HSBC-Client-Journey","value":"qwe","type":"text"},{"key":"X-Authority-Registration-Organisation-ID","value":"{{authorityRegistrationId}}","type":"text"},{"key":"X-Organisation-Code","value":"{{orgCode}}","type":"text"},{"key":"X-HSBC-Client-Id","value":"{{appClientId}}","type":"text"},{"key":"X-HSBC-Client-Secret","value":"{{appClientSecret}}","type":"text"},{"key":"Authorization","value":"Bearer {{tokenId}}","type":"text","disabled":true},{"key":"X-HSBC-GBGF","value":"RBWM","type":"text"},{"key":"X-HSBC-Request-Correlation-Id","value":"{{$guid}}","type":"text"},{"key":"Accept","value":"application/json","type":"text"},{"key":"client-RedirectUrl","value":"https://testing.redirect.url.com","type":"text"}],"body":{"mode":"raw","raw":"{\n    \"Data\": {\n        \"Permissions\": [\n            \"ReadAccountsBasic\",\n            \"ReadAccountsDetail\"\n        ],\n        \"ExpirationDateTime\": \"2021-10-15T16:55:47.547+02:00\",\n        \"TransactionFromDateTime\": \"2021-04-13T16:55:47.571+02:00\",\n        \"TransactionToDateTime\": \"2021-04-15T16:55:47.571+02:00\"\n    },\n    \"Risk\": {}\n}"},"url":{"raw":"{{API_URL}}/open-banking/v1.0/account-access-consents","host":["{{API_URL}}"],"path":["open-banking","v1.0","account-access-consents"]}},"response":[]},{"name":"token-exchange","event":[{"listen":"prerequest","script":{"id":"86680e4e-7c73-4c15-9c84-9cad4397c23e","exec":["var navigator = {};","var window = {};","eval(pm.environment.get(\"module:jsrsasign\"));","","var sPKCS8PEM = `-----BEGIN PRIVATE KEY-----","MIIEvQIBADANBgkqhkiG9w0BAQEFAASCBKcwggSjAgEAAoIBAQCgHIRaymwwJSBF","/JXm2RHjqkfkqp8SmmYYieD3h9O7ETP3tSxa8PNJsN7j7bkc/apR4hZBkYIhC/v+","sPmEmtaVjvhxt9nNYFwW/mzNHIkmWOqyBcK7zDP1AyaFr62WLhOiiH9rGNQPsD64","JQUBsdEMO6DRpieCd6dehmFi6UdShqEKY4kIKqK/4tevTZ8Vt4ka3x8Sc/wEBjPl","Yvr+I6DThJtfti7rMtTHye6M7pBP3b2HZKVEG4jpgtNJv4ljMxni6TW0NP7KTLZh","MBTT59VrB50fykx62LVK5Abj4kOGOdQPJyiDPC+lxhwA+LvfyCBgPZeRNoin/XJq","6Bs1o0/fAgMBAAECggEAbxu7AWItd6+b2NVylPMYBfw5zcZVg0xgAzFTS5MXbF6A","yKoSML26pu21j0h9yE+D7TTOqwu12Qb/BXx8evgUZ08Cu6+Q1oPDBDXk/OWLi2/y","1j1HKJmJiMJ57hW+iVRKTeUZPxHIv2ZX7+PIuKdT4YBTlokOK+yq2d65IDGwS+SF","6GcpakjjXJ+ijVJQNcKeTmWpqFE9vPpmaW4QgHJcAIGoXjTWTfVrVQRPP4GLiAao","wyoXiOSFabD4XHmww5Mrz3H+RpDXM3WJ8QW+8ljTdiR3GTX13/2dPvOunhZEIv/J","tUUxT8L+wtthvpYrqZ6NIQfHBM8MskexQ/iSutMsKQKBgQDVOlX1KjUnni24aLZ6","5YvO7/N3LRREChaz5apE2mnPOc1pEJhSHPAhl+Eon9k1LMFkTi6IVgDg7yw4aiOh","TAjT0pULVX+0N4dZOwF/JDVhvYRA5Y9dqBfsNLCBLyYIJyzpWgm2ktu3FlaXTIeo","sy+M+lpPfWaDitkrY7G6X7k1qwKBgQDAOowSqDeoO9ZTlJSfSajl9gIkrdyOw++g","lJJFiOP4umqNmymz9/p5FRsq95l5L+BMww3w08KeCTJWU7TNXNXU0RDciPbWG7Pp","a4KY59MoQtD+YhDsZE3kJzwkheoFuFZuzs/UXJ7H3LFEWsiuzLA5eM6scby6BYDj","SlJph7YynQKBgAa0n/Fm02ccjVmISXzR7TSjzSdJTqLZIl+j8Ffb+oneynvsXq3u","ZQrZaOZLKJyIfMh3wPTep4ZrXxujEt3Gs1xd+fvyQ2LagDIpLeHetKMPP7J+xaRv","Xdk6yvY1EmAdQ0dPYpDQS4KVfEGj0XxXrj4jvWVUjz3BxxSbPQKccgmjAoGAdvKD","hHP05LQKHnPdN2eUDKAamWnABdN2bu4gSMi5EEsB7hfqSUOUCOKnigHmRNf8OmOk","N7ZBQhs8u7BWO5FLe8HWZjCWVMyVmkV9bXJd9hbKTe6OvEgg7qHclFkNA3cafLya","W7ToR5HnWv22GnvsO9PmR0yl1JHdPEfcERL6Cf0CgYEAyUb29p3K3O+ir+JvVwJk","IFJW2dAKdCJ8rbe3Af7utyI+/AApRTkJSVio8BOS/Ow6rK3fNMyA5xb7SvkdkBAn","yCAvx+cCOoaZLvbcdog+qGJz+VgBdAn12KLZevx+ZxrwwIHlENmj4bVSlVaCMhuY","z8Z15TTYHkgp79J1EeT+LKU=","-----END PRIVATE KEY-----`;","","","var prvKey = KEYUTIL.getKey(sPKCS8PEM);","var now = Math.floor(Date.now()/1000);","var alg = \"PS256\";","var clientId = \"710760e6-18e5-411e-9470-0672ff43e86a\";  // taken from external_org/client_id","","var joseHeader = {","  kid: \"-1FhziPIvV2gkZYIGOSyv8rk-hU\",","  typ: \"JWT\",","  alg: alg","};","","var payload = {","  sub: \"AnsZ1LjkRbCnYan9UXdl6AKO9gW5lge_stjwTdn-bvg=\",","  acr: \"urn:openbanking:psd2:sca\",","  aud: clientId,","  openbanking_intent_id: \"daf459f2-ca1a-4571-a4c7-ad98c245ef72\",","  iss: \"https://testUrl.com\",","  nonce: pm.environment.get(\"nonce\"),","  exp: now+3600,  //valid for one hour","  token_type: \"ID_TOKEN\",","  iat: now,","  jti: \"bb21bf1f-6b0b-435a-a466-bd70e1f2b95a\"","};","","var jws = KJUR.jws.JWS.sign(alg, joseHeader, payload, prvKey);","  ","pm.environment.set(\"ID_TOKEN\", jws); "],"type":"text/javascript"}},{"listen":"test","script":{"id":"6037edc2-4a04-497d-b11b-d2fac5e5330c","exec":["var jsonData = pm.response.json();","var redirectUrl = jsonData.tppRedirectURL;","var queryString = redirectUrl.split(\"#\")[1];","var queryParams = queryString.split(\"&\");","var internalConsentId = queryParams.find(qp => qp.startsWith('internalConsentID=')).split(\"=\")[1];","","pm.environment.set(\"internalConsentId\", internalConsentId);"],"type":"text/javascript"}}],"id":"fe6205ad-905b-4b9f-94a5-7cb4606344ec","protocolProfileBehavior":{"disableBodyPruning":true},"request":{"method":"POST","header":[{"key":"Content-Type","name":"Content-Type","value":"application/json","type":"text"},{"key":"state","value":"{{state}}","type":"text"}],"body":{"mode":"raw","raw":"{\n\t\"authCode\": \"{{$guid}}\",\n\t\"idToken\": \"{{ID_TOKEN}}\"\n}"},"url":{"raw":"{{TOKEN_EXCHANGE_URL}}/open-banking/v1.0/token-exchange","host":["{{TOKEN_EXCHANGE_URL}}"],"path":["open-banking","v1.0","token-exchange"]}},"response":[]},{"name":"[PISP] create payment","event":[{"listen":"prerequest","script":{"id":"6346f604-6de6-49f0-8dcf-38c3981dc63c","exec":["const flows = JSON.parse(pm.environment.get(\"postman-flows\"));","const flow = pm.environment.get(\"flow\");","","// console.log(\"flows: \" + JSON.stringify(flows));","const selectedFlow = flows[flow];","console.log(\"Selected flow: \" + JSON.stringify(selectedFlow));","const authorityRegistrationId = selectedFlow.authorityRegistrationId;","const orgCode = selectedFlow.orgCode;","const appClientId = selectedFlow.appClientId;","const appClientSecret = selectedFlow.appClientSecret;","","pm.environment.set(\"authorityRegistrationId\", authorityRegistrationId);","pm.environment.set(\"orgCode\", orgCode);","pm.environment.set(\"appClientId\", appClientId);","pm.environment.set(\"appClientSecret\", appClientSecret);"],"type":"text/javascript"}}],"id":"0a16adfa-b90d-4183-9ce6-dc089e9bdd9a","protocolProfileBehavior":{"disableBodyPruning":true},"request":{"method":"POST","header":[{"key":"Content-Type","value":"application/json","type":"text"},{"key":"X-HSBC-E2E-Trust-Token","value":"{{E2E-Trust-Token}}","type":"text"},{"key":"X-HSBC-Src-UserAgent","value":"Apache-HttpClient/4.5.5 (Java/1.8.0_212)","type":"text"},{"key":"X-HSBC-Chnl-Group-Member","value":"HBEU","type":"text"},{"key":"X-HSBC-Client-Journey","value":"qwe","type":"text"},{"key":"X-Authority-Registration-Organisation-ID","value":"{{authorityRegistrationId}}","type":"text"},{"key":"X-Organisation-Code","value":"{{orgCode}}","type":"text"},{"key":"X-HSBC-Client-Id","value":"{{appClientId}}","type":"text"},{"key":"X-HSBC-Client-Secret","value":"{{appClientSecret}}","type":"text"},{"key":"Authorization","value":"{{tokenId}}","type":"text","disabled":true},{"key":"X-HSBC-GBGF","value":"RBWM","type":"text"},{"key":"X-HSBC-Request-Correlation-Id","value":"{{$guid}}","type":"text"},{"key":"accept","value":"application/json","type":"text"}],"body":{"mode":"raw","raw":"{\n\t\"consentId\": \"{{internalConsentId}}\"\n}"},"url":{"raw":"{{API_URL}}/open-banking/v1.0/payments","host":["{{API_URL}}"],"path":["open-banking","v1.0","payments"]}},"response":[]},{"name":"[AISP] accounts","event":[{"listen":"prerequest","script":{"id":"5e104b4e-0c59-4ea3-936b-5d1aa9b06329","exec":["const flows = JSON.parse(pm.environment.get(\"postman-flows\"));","const flow = pm.environment.get(\"flow\");","","// console.log(\"flows: \" + JSON.stringify(flows));","const selectedFlow = flows[flow];","console.log(\"Selected flow: \" + JSON.stringify(selectedFlow));","const authorityRegistrationId = selectedFlow.authorityRegistrationId;","const orgCode = selectedFlow.orgCode;","const appClientId = selectedFlow.appClientId;","const appClientSecret = selectedFlow.appClientSecret;","","pm.environment.set(\"authorityRegistrationId\", authorityRegistrationId);","pm.environment.set(\"orgCode\", orgCode);","pm.environment.set(\"appClientId\", appClientId);","pm.environment.set(\"appClientSecret\", appClientSecret);"],"type":"text/javascript"}}],"id":"7087df77-0176-4c6a-a5fb-dd0b93827c3e","protocolProfileBehavior":{"disableBodyPruning":true},"request":{"method":"GET","header":[{"key":"Content-Type","value":"application/json","type":"text"},{"key":"X-HSBC-E2E-Trust-Token","value":"{{E2E-Trust-Token}}","type":"text"},{"key":"X-HSBC-Src-UserAgent","value":"Apache-HttpClient/4.5.5 (Java/1.8.0_212)","type":"text"},{"key":"X-HSBC-Chnl-Group-Member","value":"HBEU","type":"text"},{"key":"X-HSBC-Client-Journey","value":"qwe","type":"text"},{"key":"X-Authority-Registration-Organisation-ID","value":"{{authorityRegistrationId}}","type":"text"},{"key":"X-Organisation-Code","value":"{{orgCode}}","type":"text"},{"key":"X-HSBC-Client-Id","value":"{{appClientId}}","type":"text"},{"key":"X-HSBC-Client-Secret","value":"{{appClientSecret}}","type":"text"},{"key":"Authorization","value":"{{tokenId}}","type":"text","disabled":true},{"key":"X-HSBC-GBGF","value":"RBWM","type":"text"},{"key":"X-HSBC-Request-Correlation-Id","value":"{{$guid}}","type":"text"},{"key":"accept","value":"application/json","type":"text"}],"url":{"raw":"{{API_URL}}/open-banking/v1.0/accounts?internalConsentId={{internalConsentId}}","host":["{{API_URL}}"],"path":["open-banking","v1.0","accounts"],"query":[{"key":"internalConsentId","value":"{{internalConsentId}}"}]}},"response":[]}]}