{"info":{"_postman_id":"f434e451-5b77-4ae7-8836-175cd9aa7b75","name":"UK Offers Copy","schema":"https://schema.getpostman.com/json/collection/v2.1.0/collection.json"},"item":[{"name":"PAPI Proxy URLs","item":[{"name":"Card Offers - PAPI Proxy HSBC Red Brand","event":[{"listen":"prerequest","script":{"exec":["var CustomerId=\"1821496027\"\r","\r","pm.sendRequest(\"http://testdataservices.apps.cf.wgdc-drn-03.cloud.uk.hsbc/idv-entity/marks-and-spencer/saml-token-type/SAML/customer-id/\"+CustomerId+\"/cam-level/30\", function (err, response) {\r","\r","function arrayBufferToString(buffer){\r","var arr = new Uint8Array(buffer);\r","var str = String.fromCharCode.apply(String, arr);\r","return str;\r","}\r","\r","var SAML = arrayBufferToString(response.stream)\r","\r","pm.environment.set(\"SAML\", SAML);\r","});"],"type":"text/javascript","id":"5d997ee9-019f-40df-a288-e7cd971bb411"}}],"id":"69c29a0b-af84-411e-ab45-b483cb2e6b50","protocolProfileBehavior":{"disableBodyPruning":true},"request":{"method":"GET","header":[{"key":"Content-Type","value":"application/json","type":"text"},{"key":"Accept","value":"application/json","type":"text"},{"key":"X-HSBC-GBGF","value":"RBWM","type":"text"},{"key":"X-HSBC-SoR-CountryCode","value":"GB","type":"text"},{"key":"X-HSBC-Chnl-Group-Member","value":"HRFB","type":"text"},{"key":"X-HSBC-Channel-Id","value":"MOBILE","type":"text"},{"key":"X-HSBC-Chnl-CountryCode","value":"GB","type":"text"},{"key":"X-HSBC-Source-System-Id","value":"1234","type":"text"},{"key":"Authorization","value":"Bearer","type":"text"},{"key":"x-hsbc-sensitive-data","value":"[{\"key\":\"1526cbe98ceeeb4c2fff5531881c6f48a17875e27cfa0545ae4f4607bd03b4be\",\"value\":\"0004546384804194711\"}]","type":"text"},{"key":"X-HSBC-Session-Correlation-Id","value":"2669507071175559780414232847124990218481112510604426613930992234227174259939168792983","type":"text","disabled":true},{"key":"X-HSBC-Src-UserAgent","value":"Mozilla/5.0 (iPad; U; CPU OS 3_2_1 like Mac OS X; en-us) AppleWebKit/531.21.10 (KHTML, like Gecko) Mobile/7B405:","type":"text","disabled":true},{"key":"X-HSBC-Request-Correlation-Id","value":"550e8400-e29b-41d4-a716-44665544","type":"text","disabled":true},{"key":"X-HSBC-Client-Id","value":"ddf329faca55494eaffd551f5b1fafcc","type":"text","disabled":true},{"key":"X-HSBC-Client-Secret","value":"0f28B8aFEDEc4CB2A7271B121f795AE2","type":"text","disabled":true},{"key":"X-Forwarded-Proto","value":"https","type":"text","disabled":true},{"key":"X-HSBC-User-Id","value":"R2DSDEV","type":"text","disabled":true}],"url":{"raw":"https://devcluster.api.p2g.netd2.hsbc.com.hk/ob-cma-product-offers--gb-hrfb-cma-rbwm-cert-proxy/v1/accounts/1526cbe98ceeeb4c2fff5531881c6f48a17875e27cfa0545ae4f4607bd03b4be/offers","protocol":"https","host":["devcluster","api","p2g","netd2","hsbc","com","hk"],"path":["ob-cma-product-offers--gb-hrfb-cma-rbwm-cert-proxy","v1","accounts","1526cbe98ceeeb4c2fff5531881c6f48a17875e27cfa0545ae4f4607bd03b4be","offers"],"query":[{"key":"consentId","value":"63347e3d-874f-45ea-a899-d326fb2bae88","disabled":true},{"key":"requestorAccountId","value":"","disabled":true},{"key":"requestorAccountId","value":"","disabled":true},{"key":"accountSubType","value":"","disabled":true},{"key":"productSystemCode","value":"","disabled":true},{"key":"productCode","value":"","disabled":true},{"key":"directionOfTravel","value":"","disabled":true},{"key":"recordPointer","value":"","disabled":true}]}},"response":[]},{"name":"Card Offers - PAPI Proxy M&S","event":[{"listen":"prerequest","script":{"exec":["var CustomerId=\"1821496027\"\r","\r","pm.sendRequest(\"http://testdataservices.apps.cf.wgdc-drn-03.cloud.uk.hsbc/idv-entity/marks-and-spencer/saml-token-type/SAML/customer-id/\"+CustomerId+\"/cam-level/30\", function (err, response) {\r","\r","function arrayBufferToString(buffer){\r","var arr = new Uint8Array(buffer);\r","var str = String.fromCharCode.apply(String, arr);\r","return str;\r","}\r","\r","var SAML = arrayBufferToString(response.stream)\r","\r","pm.environment.set(\"SAML\", SAML);\r","});"],"type":"text/javascript","id":"cd1d9210-a240-4426-9f34-786ceb58af51"}}],"id":"ad0fcda5-5755-4bb7-b6cb-265c7434f689","protocolProfileBehavior":{"disableBodyPruning":true},"request":{"method":"GET","header":[{"key":"Content-Type","value":"application/json","type":"text"},{"key":"Accept","value":"application/json","type":"text"},{"key":"X-HSBC-GBGF","value":"RBWM","type":"text"},{"key":"X-HSBC-SoR-CountryCode","value":"GB","type":"text"},{"key":"X-HSBC-Chnl-Group-Member","value":"MSRF","type":"text"},{"key":"X-HSBC-Channel-Id","value":"MOBILE","type":"text"},{"key":"X-HSBC-Chnl-CountryCode","value":"GB","type":"text"},{"key":"X-HSBC-Source-System-Id","value":"1234","type":"text"},{"key":"Authorization","value":"Bearer","type":"text"},{"key":"x-hsbc-sensitive-data","value":"[{\"key\":\"1526cbe98ceeeb4c2fff5531881c6f48a17875e27cfa0545ae4f4607bd03b4be\",\"value\":\"0005299301063327234\"}]","type":"text"},{"key":"X-HSBC-Session-Correlation-Id","value":"2669507071175559780414232847124990218481112510604426613930992234227174259939168792983","type":"text","disabled":true},{"key":"X-HSBC-Src-UserAgent","value":"Mozilla/5.0 (iPad; U; CPU OS 3_2_1 like Mac OS X; en-us) AppleWebKit/531.21.10 (KHTML, like Gecko) Mobile/7B405:","type":"text","disabled":true},{"key":"X-HSBC-Request-Correlation-Id","value":"550e8400-e29b-41d4-a716-44665544","type":"text","disabled":true},{"key":"X-HSBC-User-Id","value":"R2DSDEV","type":"text","disabled":true},{"key":"X-HSBC-Client-Id","value":"ddf329faca55494eaffd551f5b1fafcc","type":"text","disabled":true},{"key":"X-HSBC-Client-Secret","value":"0f28B8aFEDEc4CB2A7271B121f795AE2","type":"text","disabled":true},{"key":"X-Forwarded-Proto","value":"https","type":"text","disabled":true}],"url":{"raw":"https://devcluster.api.p2g.netd2.hsbc.com.hk/ob-cma-product-offers--gb-msrf-cma-mns-cert-proxy/v1/accounts/1526cbe98ceeeb4c2fff5531881c6f48a17875e27cfa0545ae4f4607bd03b4be/offers","protocol":"https","host":["devcluster","api","p2g","netd2","hsbc","com","hk"],"path":["ob-cma-product-offers--gb-msrf-cma-mns-cert-proxy","v1","accounts","1526cbe98ceeeb4c2fff5531881c6f48a17875e27cfa0545ae4f4607bd03b4be","offers"],"query":[{"key":"consentId","value":"63347e3d-874f-45ea-a899-d326fb2bae88","disabled":true},{"key":"requestorAccountId","value":"","disabled":true},{"key":"requestorAccountId","value":"","disabled":true},{"key":"accountSubType","value":"","disabled":true},{"key":"productSystemCode","value":"","disabled":true},{"key":"productCode","value":"","disabled":true},{"key":"directionOfTravel","value":"","disabled":true},{"key":"recordPointer","value":"","disabled":true}]}},"response":[]}],"id":"45f7043a-b212-4b5a-96e3-ea8e09e0f954"},{"name":"PAPI PCF URLs","item":[{"name":"Card Offers - PAPI HSBC Red Brand","event":[{"listen":"prerequest","script":{"exec":["var CustomerId=\"1821496027\"\r","\r","pm.sendRequest(\"http://testdataservices.apps.cf.wgdc-drn-03.cloud.uk.hsbc/idv-entity/marks-and-spencer/saml-token-type/SAML/customer-id/\"+CustomerId+\"/cam-level/30\", function (err, response) {\r","\r","function arrayBufferToString(buffer){\r","var arr = new Uint8Array(buffer);\r","var str = String.fromCharCode.apply(String, arr);\r","return str;\r","}\r","\r","var SAML = arrayBufferToString(response.stream)\r","\r","pm.environment.set(\"SAML\", SAML);\r","});"],"type":"text/javascript","id":"c0b06d52-a119-43f0-9518-3d055e93ca36"}}],"id":"3aa1601a-a267-43d9-98c8-b841eb32a0fd","protocolProfileBehavior":{"disableBodyPruning":true},"request":{"method":"GET","header":[{"key":"Content-Type","value":"application/json","type":"text"},{"key":"Accept","value":"application/json","type":"text"},{"key":"X-HSBC-GBGF","value":"RBWM","type":"text"},{"key":"X-HSBC-SoR-CountryCode","value":"GB","type":"text"},{"key":"X-HSBC-Chnl-Group-Member","value":"HRFB","type":"text"},{"key":"X-HSBC-Channel-Id","value":"MOBILE","type":"text"},{"key":"X-HSBC-Chnl-CountryCode","value":"GB","type":"text"},{"key":"X-HSBC-User-Id","value":"R2DSDEV","type":"text","disabled":true},{"key":"X-HSBC-Source-System-Id","value":"1234","type":"text"},{"key":"X-HSBC-Session-Correlation-Id","value":"2669507071175559780414232847124990218481112510604426613930992234227174259939168792983","type":"text"},{"key":"X-HSBC-Src-UserAgent","value":"Mozilla/5.0 (iPad; U; CPU OS 3_2_1 like Mac OS X; en-us) AppleWebKit/531.21.10 (KHTML, like Gecko) Mobile/7B405:","type":"text"},{"key":"X-HSBC-Request-Correlation-Id","value":"550e8400-e29b-41d4-a716-44665544","type":"text"},{"key":"X-HSBC-Client-Id","value":"ddf329faca55494eaffd551f5b1fafcc","type":"text"},{"key":"X-HSBC-Client-Secret","value":"0f28B8aFEDEc4CB2A7271B121f795AE2","type":"text"},{"key":"X-HSBC-Saml","value":"{{SAML}}","type":"text"},{"key":"x-hsbc-sensitive-data","value":"[{\"key\":\"1526cbe98ceeeb4c2fff5531881c6f48a17875e27cfa0545ae4f4607bd03b4be\",\"value\":\"0004546384804194711\"}]","type":"text"},{"key":"X-Forwarded-Proto","value":"https","type":"text","disabled":true}],"url":{"raw":"https://ob-cma-product-offers--gb-hrfb-cma-rbwm-v1-cert.apps.cf.skm-drn-01.cloud.hk.hsbc/accounts/1526cbe98ceeeb4c2fff5531881c6f48a17875e27cfa0545ae4f4607bd03b4be/offers","protocol":"https","host":["ob-cma-product-offers--gb-hrfb-cma-rbwm-v1-cert","apps","cf","skm-drn-01","cloud","hk","hsbc"],"path":["accounts","1526cbe98ceeeb4c2fff5531881c6f48a17875e27cfa0545ae4f4607bd03b4be","offers"],"query":[{"key":"consentId","value":"63347e3d-874f-45ea-a899-d326fb2bae88","disabled":true},{"key":"requestorAccountId","value":"","disabled":true},{"key":"requestorAccountId","value":"","disabled":true},{"key":"accountSubType","value":"","disabled":true},{"key":"productSystemCode","value":"","disabled":true},{"key":"productCode","value":"","disabled":true},{"key":"directionOfTravel","value":"","disabled":true},{"key":"recordPointer","value":"","disabled":true}]}},"response":[]},{"name":"Card Offers - PAPI M&S","event":[{"listen":"prerequest","script":{"exec":["var CustomerId=\"1821496027\"\r","\r","pm.sendRequest(\"http://testdataservices.apps.cf.wgdc-drn-03.cloud.uk.hsbc/idv-entity/marks-and-spencer/saml-token-type/SAML/customer-id/\"+CustomerId+\"/cam-level/30\", function (err, response) {\r","\r","function arrayBufferToString(buffer){\r","var arr = new Uint8Array(buffer);\r","var str = String.fromCharCode.apply(String, arr);\r","return str;\r","}\r","\r","var SAML = arrayBufferToString(response.stream)\r","\r","pm.environment.set(\"SAML\", SAML);\r","});"],"type":"text/javascript","id":"d6f3f3db-99ff-4a39-8ddb-889aac99259e"}}],"id":"3001c672-faa9-4446-900e-8ed448497fb6","protocolProfileBehavior":{"disableBodyPruning":true},"request":{"method":"GET","header":[{"key":"Content-Type","value":"application/json","type":"text"},{"key":"Accept","value":"application/json","type":"text"},{"key":"X-HSBC-GBGF","value":"RBWM","type":"text"},{"key":"X-HSBC-SoR-CountryCode","value":"GB","type":"text"},{"key":"X-HSBC-Chnl-Group-Member","value":"MSRF","type":"text"},{"key":"X-HSBC-Channel-Id","value":"MOBILE","type":"text"},{"key":"X-HSBC-Chnl-CountryCode","value":"GB","type":"text"},{"key":"X-HSBC-User-Id","value":"R2DSDEV","type":"text","disabled":true},{"key":"X-HSBC-Source-System-Id","value":"1234","type":"text"},{"key":"X-HSBC-Session-Correlation-Id","value":"2669507071175559780414232847124990218481112510604426613930992234227174259939168792983","type":"text"},{"key":"X-HSBC-Src-UserAgent","value":"Mozilla/5.0 (iPad; U; CPU OS 3_2_1 like Mac OS X; en-us) AppleWebKit/531.21.10 (KHTML, like Gecko) Mobile/7B405:","type":"text"},{"key":"X-HSBC-Request-Correlation-Id","value":"550e8400-e29b-41d4-a716-44665544","type":"text"},{"key":"X-HSBC-Client-Id","value":"ddf329faca55494eaffd551f5b1fafcc","type":"text"},{"key":"X-HSBC-Client-Secret","value":"0f28B8aFEDEc4CB2A7271B121f795AE2","type":"text"},{"key":"X-HSBC-Saml","value":"{{SAML}}","type":"text"},{"key":"x-hsbc-sensitive-data","value":"[{\"key\":\"1526cbe98ceeeb4c2fff5531881c6f48a17875e27cfa0545ae4f4607bd03b4be\",\"value\":\"0005299301063327234\"}]","type":"text"},{"key":"X-Forwarded-Proto","value":"https","type":"text","disabled":true}],"url":{"raw":"https://ob-cma-product-offers--gb-msrf-cma-mns-v1-cert.apps.cf.skm-drn-01.cloud.hk.hsbc/accounts/1526cbe98ceeeb4c2fff5531881c6f48a17875e27cfa0545ae4f4607bd03b4be/offers","protocol":"https","host":["ob-cma-product-offers--gb-msrf-cma-mns-v1-cert","apps","cf","skm-drn-01","cloud","hk","hsbc"],"path":["accounts","1526cbe98ceeeb4c2fff5531881c6f48a17875e27cfa0545ae4f4607bd03b4be","offers"],"query":[{"key":"consentId","value":"63347e3d-874f-45ea-a899-d326fb2bae88","disabled":true},{"key":"requestorAccountId","value":"","disabled":true},{"key":"requestorAccountId","value":"","disabled":true},{"key":"accountSubType","value":"","disabled":true},{"key":"productSystemCode","value":"","disabled":true},{"key":"productCode","value":"","disabled":true},{"key":"directionOfTravel","value":"","disabled":true},{"key":"recordPointer","value":"","disabled":true}]}},"response":[]}],"id":"12b6c497-843b-4858-ad1d-24c912787203"},{"name":"SAPI URLs","item":[{"name":"Get HSBC BT Offer Inquiry-card-account","event":[{"listen":"prerequest","script":{"exec":["pm.sendRequest(\"http://testdataservices.apps.cf.wgdc-drn-03.cloud.uk.hsbc/idv-entity/marks-and-spencer/saml-token-type/SAML/customer-id/1821496027/cam-level/30\", function (err, response) {\r","\r","function arrayBufferToString(buffer){\r","var arr = new Uint8Array(buffer);\r","var str = String.fromCharCode.apply(String, arr);\r","return str;\r","}\r","\r","var SAML = arrayBufferToString(response.stream)\r","\r","pm.environment.set(\"SAML\", SAML);\r","});"],"type":"text/javascript","id":"30422aea-fc2e-4260-ac1b-9b97db6546e1"}}],"id":"e25df022-6147-473d-bc86-9002199ca6aa","protocolProfileBehavior":{"disableBodyPruning":true},"request":{"method":"GET","header":[{"key":"X-HSBC-GBGF","value":"RBWM","type":"text"},{"key":"X-HSBC-Chnl-CountryCode","value":"GB","type":"text"},{"key":"X-HSBC-Chnl-Group-Member","value":"HBEU","type":"text"},{"key":"X-HSBC-User-Id","value":"R2DSDEV","type":"text"},{"key":"X-HSBC-Channel-Id","value":"OHI","type":"text"},{"key":"X-HSBC-Source-System-Id","value":"1234","type":"text"},{"key":"X-HSBC-Session-Correlation-Id","value":"2669507071175559780414232847124990218481112510604426613930992234227174259939168792983","type":"text"},{"key":"X-HSBC-Src-UserAgent","value":"Mozilla/5.0 (iPad; U; CPU OS 3_2_1 like Mac OS X; en-us) AppleWebKit/531.21.10 (KHTML, like Gecko) Mobile/7B405:","type":"text"},{"key":"X-HSBC-Request-Correlation-Id","value":"550e8400-e29b-41d4-a716-44665544","type":"text"},{"key":"HSBC-CLIENT-IP","value":"150.172.238.178","type":"text"},{"key":"X-HSBC-Client-Id","value":"ddf329faca55494eaffd551f5b1fafcc","type":"text"},{"key":"X-HSBC-Client-Secret","value":"0f28B8aFEDEc4CB2A7271B121f795AE2","type":"text"},{"key":"X-HSBC-E2E-Trust-Token","value":"{{SAML}}","type":"text"},{"key":"X-HSBC-Saml","value":"","type":"text","disabled":true},{"key":"X-HSBC-Saml2","value":"<saml:Assertion xmlns:saml=\"http://www.hsbc.com/saas/assertion\"><Signature><KeyAlias></KeyAlias><SignatureValue></SignatureValue></Signature><saml:Subject><saml:NameID></saml:NameID></saml:Subject><saml:Conditions NotBefore=\"2000-01-01T00:00:00.000Z\" NotOnOrAfter=\"2100-00-00T00:00:00.000Z\" /><saml:AttributeStatement><saml:Attribute Name=\"IP\"><saml:AttributeValue>127.0.0.1</saml:AttributeValue></saml:Attribute><saml:Attribute Name=\"CAM\"><saml:AttributeValue>0</saml:AttributeValue></saml:Attribute></saml:AttributeStatement></saml:Assertion> ","type":"text","disabled":true},{"key":"X-HSBC-Saml3","value":"<saml:Assertion xmlns:saml=\"http://www.hsbc.com/saas/assertion\"><Signature><KeyAlias></KeyAlias><SignatureValue></SignatureValue></Signature><saml:Subject><saml:NameID></saml:NameID></saml:Subject><saml:Conditions NotBefore=\"2000-01-01T00:00:00.000Z\" NotOnOrAfter=\"2100-00-00T00:00:00.000Z\" /><saml:AttributeStatement><saml:Attribute Name=\"IP\"><saml:AttributeValue>127.0.0.1</saml:AttributeValue></saml:Attribute><saml:Attribute Name=\"CAM\"><saml:AttributeValue>0</saml:AttributeValue></saml:Attribute></saml:AttributeStatement></saml:Assertion> ","type":"text","disabled":true},{"key":"Content-Type","value":"application/json","type":"text"},{"key":"x-hsbc-sensitive-data","value":"[{\"key\":\"14b7ace0c18d954d62943d8ba52c4de2a7cdfa1fc5489b87e9a35b1a3036b403\",\"value\":\"0004546385040550426\"}]","type":"text"}],"body":{"mode":"raw","raw":""},"url":{"raw":"https://digitaldev-int-rbwm.hk.hsbc/cards-int-gb-hbeu-sa-ohc-benf-offer-dtls-inq-cert-internal-proxy/v2/card-accounts/14b7ace0c18d954d62943d8ba52c4de2a7cdfa1fc5489b87e9a35b1a3036b403/beneficiary-offer-details","protocol":"https","host":["digitaldev-int-rbwm","hk","hsbc"],"path":["cards-int-gb-hbeu-sa-ohc-benf-offer-dtls-inq-cert-internal-proxy","v2","card-accounts","14b7ace0c18d954d62943d8ba52c4de2a7cdfa1fc5489b87e9a35b1a3036b403","beneficiary-offer-details"]}},"response":[]},{"name":"Get Mns BT Offer Inquiry-card-account","event":[{"listen":"prerequest","script":{"exec":["pm.sendRequest(\"http://testdataservices.apps.cf.wgdc-drn-03.cloud.uk.hsbc/idv-entity/marks-and-spencer/saml-token-type/SAML/customer-id/1821496027/cam-level/30\", function (err, response) {\r","\r","function arrayBufferToString(buffer){\r","var arr = new Uint8Array(buffer);\r","var str = String.fromCharCode.apply(String, arr);\r","return str;\r","}\r","\r","var SAML = arrayBufferToString(response.stream)\r","\r","pm.environment.set(\"SAML\", SAML);\r","});"],"type":"text/javascript","id":"18596f7c-3d50-48b5-8e8c-0f462cbaff6d"}}],"id":"778643e2-5a5f-48b3-88c3-037bdaec3324","protocolProfileBehavior":{"disableBodyPruning":true},"request":{"method":"GET","header":[{"key":"X-HSBC-GBGF","value":"RBWM","type":"text"},{"key":"X-HSBC-Chnl-CountryCode","value":"GB","type":"text"},{"key":"X-HSBC-Chnl-Group-Member","value":"HBEU","type":"text"},{"key":"X-HSBC-User-Id","value":"R2DSDEV","type":"text"},{"key":"X-HSBC-Channel-Id","value":"OHI","type":"text"},{"key":"X-HSBC-Source-System-Id","value":"1234","type":"text"},{"key":"X-HSBC-Session-Correlation-Id","value":"2669507071175559780414232847124990218481112510604426613930992234227174259939168792983","type":"text"},{"key":"X-HSBC-Src-UserAgent","value":"Mozilla/5.0 (iPad; U; CPU OS 3_2_1 like Mac OS X; en-us) AppleWebKit/531.21.10 (KHTML, like Gecko) Mobile/7B405:","type":"text"},{"key":"X-HSBC-Request-Correlation-Id","value":"550e8400-e29b-41d4-a716-44665544","type":"text"},{"key":"HSBC-CLIENT-IP","value":"150.172.238.178","type":"text"},{"key":"X-HSBC-Client-Id","value":"ddf329faca55494eaffd551f5b1fafcc","type":"text"},{"key":"X-HSBC-Client-Secret","value":"0f28B8aFEDEc4CB2A7271B121f795AE2","type":"text"},{"key":"X-HSBC-E2E-Trust-Token","value":"{{SAML}}","type":"text"},{"key":"X-HSBC-Saml","value":"","type":"text","disabled":true},{"key":"X-HSBC-Saml2","value":"<saml:Assertion xmlns:saml=\"http://www.hsbc.com/saas/assertion\"><Signature><KeyAlias></KeyAlias><SignatureValue></SignatureValue></Signature><saml:Subject><saml:NameID></saml:NameID></saml:Subject><saml:Conditions NotBefore=\"2000-01-01T00:00:00.000Z\" NotOnOrAfter=\"2100-00-00T00:00:00.000Z\" /><saml:AttributeStatement><saml:Attribute Name=\"IP\"><saml:AttributeValue>127.0.0.1</saml:AttributeValue></saml:Attribute><saml:Attribute Name=\"CAM\"><saml:AttributeValue>0</saml:AttributeValue></saml:Attribute></saml:AttributeStatement></saml:Assertion> ","type":"text","disabled":true},{"key":"X-HSBC-Saml3","value":"<saml:Assertion xmlns:saml=\"http://www.hsbc.com/saas/assertion\"><Signature><KeyAlias></KeyAlias><SignatureValue></SignatureValue></Signature><saml:Subject><saml:NameID></saml:NameID></saml:Subject><saml:Conditions NotBefore=\"2000-01-01T00:00:00.000Z\" NotOnOrAfter=\"2100-00-00T00:00:00.000Z\" /><saml:AttributeStatement><saml:Attribute Name=\"IP\"><saml:AttributeValue>127.0.0.1</saml:AttributeValue></saml:Attribute><saml:Attribute Name=\"CAM\"><saml:AttributeValue>0</saml:AttributeValue></saml:Attribute></saml:AttributeStatement></saml:Assertion> ","type":"text","disabled":true},{"key":"Content-Type","value":"application/json","type":"text"},{"key":"x-hsbc-sensitive-data","value":"[{\"key\":\"1526cbe98ceeeb4c2fff5531881c6f48a17875e27cfa0545ae4f4607bd03b4be\",\"value\":\"0005299301063327234\"}]","type":"text"}],"body":{"mode":"raw","raw":""},"url":{"raw":"https://cards-int-gb-msrf-sa-ohc-benf-offer-dtls-inq-2.hsbc-card-capi-mns01-cert.svc.default.shp.euw1.pre-prod.aws.cloud.hsbc/api/card-accounts/1526cbe98ceeeb4c2fff5531881c6f48a17875e27cfa0545ae4f4607bd03b4be/beneficiary-offer-details","protocol":"https","host":["cards-int-gb-msrf-sa-ohc-benf-offer-dtls-inq-2","hsbc-card-capi-mns01-cert","svc","default","shp","euw1","pre-prod","aws","cloud","hsbc"],"path":["api","card-accounts","1526cbe98ceeeb4c2fff5531881c6f48a17875e27cfa0545ae4f4607bd03b4be","beneficiary-offer-details"]}},"response":[]}],"id":"60aecd8e-0250-4e03-a78e-b00cb804661f"}]}