{"info":{"_postman_id":"f86e7a5f-5e66-4330-aa06-b129b0c00435","name":"COP Outbound Cyber","schema":"https://schema.getpostman.com/json/collection/v2.1.0/collection.json"},"item":[{"name":"[DSP] authenticate","event":[{"listen":"test","script":{"exec":["pm.environment.set(\"tokenId\", pm.response.json().tokenId);"],"type":"text/javascript","id":"40351737-d04c-4bb0-8317-ab31b53a7d89"}}],"id":"496854cb-5dc4-4d18-9a0a-e6b6c11c8250","protocolProfileBehavior":{"disableBodyPruning":true},"request":{"method":"POST","header":[{"key":"X-OpenAM-Password","value":"{{EMPL_PASS}}","type":"text"},{"key":"X-OpenAM-Username","value":"{{EMPL_NAME}} ","type":"text"},{"key":"Content-Type","name":"Content-Type","value":"application/json","type":"text"}],"body":{"mode":"raw","raw":""},"url":{"raw":"https://dsp-admin.p2g.netd2.hk.hsbc/dsp/json/authenticate?realm=staff&authIndexType=service&authIndexValue=ldapService","protocol":"https","host":["dsp-admin","p2g","netd2","hk","hsbc"],"path":["dsp","json","authenticate"],"query":[{"key":"realm","value":"staff"},{"key":"authIndexType","value":"service"},{"key":"authIndexValue","value":"ldapService"}]}},"response":[]},{"name":"[DSP] ssotoken to trusttoken","event":[{"listen":"prerequest","script":{"exec":[""],"type":"text/javascript","id":"a463f1c9-7bf9-417f-8412-19d0152fa222"}},{"listen":"test","script":{"exec":["pm.environment.set(\"SAMLToken\", pm.response.json()[0].attributes.SAMLToken[0]);"],"type":"text/javascript","id":"40b087be-a950-4d88-99f0-ee9cd3ed03b7"}}],"id":"beef19af-f888-49f9-8705-f6cb6790562f","protocolProfileBehavior":{"disableBodyPruning":true},"request":{"method":"POST","header":[{"key":"Content-Type","value":"application/json","type":"text"}],"body":{"mode":"raw","raw":"{\r\n\t\"input_token_state\": {\r\n\t\t\"token_type\": \"SSOTOKEN\",\r\n\t\t\"tokenId\": \"{{tokenId}}\"\r\n\t},\r\n\t\"output_token_state\": {\r\n\t\t\"token_type\": \"SECPSAML3\",\r\n\t\t\"subject_confirmation\": \"BEARER\"\r\n\t}\r\n}"},"url":{"raw":"https://dsp-admin.p2g.netd2.hk.hsbc/dsp/rest-sts/staff/v1/ssotoken_to_trusttoken?_action=translate","protocol":"https","host":["dsp-admin","p2g","netd2","hk","hsbc"],"path":["dsp","rest-sts","staff","v1","ssotoken_to_trusttoken"],"query":[{"key":"_action","value":"translate"}]}},"response":[]},{"name":"[MTLS] name verification","id":"84074f22-d660-4859-a7c0-79d730fe3ee7","protocolProfileBehavior":{"disableBodyPruning":true},"request":{"method":"POST","header":[{"key":"X-HSBC-Chnl-Group-Member","value":"FSDT"},{"key":"X-HSBC-Request-Correlation-Id","value":"96783f3a-dbf3-11ec-9d64-0242ac120002"},{"key":"X-HSBC-Saml3","value":"{{SAMLToken}}"},{"key":"Content-Type","value":"application/json; charset=UTF-8"},{"key":"X-HSBC-Client-Id","value":"COP2","type":"text"},{"key":"X-HSBC-Src-UserAgent","value":"test user agent","type":"text"}],"body":{"mode":"raw","raw":"{\n    \"accountType\": \"Personal\",\n    \"sortCode\": \"304050\",\n    \"accountNumber\": \"55124568\",\n    \"name\": \"Max Holding\",\n    \"secondaryIdentification\": \"does not matter\",\n    \"bankCode\": \"0935\"\n}","options":{"raw":{"language":"json"}}},"url":{"raw":"{{MTLS_API_URL}}/v2/external-confirmation-of-payee","host":["{{MTLS_API_URL}}"],"path":["v2","external-confirmation-of-payee"]},"description":"This API is secured by custom AWS authorizer. Please provide one of the following request headers\n* X-HSBC-E2E-Trust-Token\n* X-HSBC-Saml3\n* X-HSBC-Saml2\n\nMore details about API trust model can be found [here](https://digital-confluence.systems.uk.hsbc/confluence/display/ingestion/DIP+High+Level+design#DIPHighLeveldesign-APITrustmodel)\n\nAPI also requires two more headers:\n* X-HSBC-Chnl-Group-Member\n* X-HSBC-Request-Correlation-Id\n\nFor more details about COP outbound API request, headers, etc. please check our [documentation](https://digital-confluence.systems.uk.hsbc/confluence/display/ingestion/API+Specification+-+1.0+-+external-confirmation-of-payee)"},"response":[]},{"name":"[MTLS] get secondary reference accounts","id":"3a8fe86a-2076-4e33-a66a-a44c9e020ec7","protocolProfileBehavior":{"disableBodyPruning":true},"request":{"method":"GET","header":[{"key":"X-HSBC-Chnl-Group-Member","value":"HBEU"},{"key":"X-HSBC-Request-Correlation-Id","value":"475a2a70-13bc-4535-91e0-a3a4c8ac32e0"},{"key":"X-HSBC-Saml3","value":"{{SAMLToken}}"},{"key":"Content-Type","value":"application/json; charset=UTF-8"},{"key":"X-HSBC-Client-Id","value":"COP2","type":"text"},{"key":"X-HSBC-Src-UserAgent","value":"test user agent","type":"text"}],"url":{"raw":"{{MTLS_API_URL}}/v2/secondary-reference-accounts","host":["{{MTLS_API_URL}}"],"path":["v2","secondary-reference-accounts"]},"description":"This API is secured by custom AWS authorizer. Please provide one of the following request headers\n* X-HSBC-E2E-Trust-Token\n* X-HSBC-Saml3\n* X-HSBC-Saml2\n\nMore details about API trust model can be found [here](https://digital-confluence.systems.uk.hsbc/confluence/display/ingestion/DIP+High+Level+design#DIPHighLeveldesign-APITrustmodel)\n\nAPI also requires two more headers:\n* X-HSBC-Chnl-Group-Member\n* X-HSBC-Request-Correlation-Id\n\nFor more details about COP outbound API request, headers, etc. please check our [documentation](https://digital-confluence.systems.uk.hsbc/confluence/display/ingestion/API+Specification+-+1.0+-+external-confirmation-of-payee)"},"response":[]},{"name":"[MTLS] check secondary reference accounts","id":"c6bf06c7-336f-4338-a6c7-dc7fc152230d","protocolProfileBehavior":{"disableBodyPruning":true},"request":{"method":"POST","header":[{"key":"X-HSBC-Chnl-Group-Member","value":"HBEU"},{"key":"X-HSBC-Request-Correlation-Id","value":"475a2a70-13bc-4535-91e0-a3a4c8ac32e0"},{"key":"X-HSBC-Saml3","value":"{{SAMLToken}}"},{"key":"Content-Type","value":"application/json; charset=UTF-8"},{"key":"X-HSBC-Client-Id","value":"COP2","type":"text"},{"key":"X-HSBC-Src-UserAgent","value":"test user agent","type":"text"}],"body":{"mode":"raw","raw":"[\n    {\n        \"sortCode\": \"123456\",\n        \"accountNumber\": \"09090909\"\n    },\n    {\n        \"sortCode\": \"564564\",\n        \"accountNumber\": \"12345678\"\n    },\n    {\n        \"sortCode\": \"676767\",\n        \"accountNumber\": \"01010101\"\n    },\n    {\n        \"sortCode\": \"400555\",\n        \"accountNumber\": \"07070707\"\n    }\n]"},"url":{"raw":"{{MTLS_API_URL}}/v2/secondary-reference-account-statuses","host":["{{MTLS_API_URL}}"],"path":["v2","secondary-reference-account-statuses"]},"description":"This API is secured by custom AWS authorizer. Please provide one of the following request headers\n* X-HSBC-E2E-Trust-Token\n* X-HSBC-Saml3\n* X-HSBC-Saml2\n\nMore details about API trust model can be found [here](https://digital-confluence.systems.uk.hsbc/confluence/display/ingestion/DIP+High+Level+design#DIPHighLeveldesign-APITrustmodel)\n\nAPI also requires two more headers:\n* X-HSBC-Chnl-Group-Member\n* X-HSBC-Request-Correlation-Id\n\nFor more details about COP outbound API request, headers, etc. please check our [documentation](https://digital-confluence.systems.uk.hsbc/confluence/display/ingestion/API+Specification+-+1.0+-+external-confirmation-of-payee)"},"response":[]}],"event":[{"listen":"prerequest","script":{"type":"text/javascript","exec":[""],"id":"e0dd240a-fab0-421a-9fee-e3244249f204"}},{"listen":"test","script":{"type":"text/javascript","exec":[""],"id":"d1fe06db-0d02-4161-82b4-2cab3eb5be5c"}}]}